Customer_ID,Recency_Days,Frequency_Orders,Monetary_Spend,Recency_Score,Frequency_Score,Monetary_Score,RFM_Segment,Recommended_Action
10001,96,2,382.08,2,1,3,Lost Customers,Low-cost automated re-engagement email
10002,60,10,370.89,3,5,3,Loyal Customers,"Cross-sell complimentary products, points incentive"
10003,56,5,152.05,4,3,2,Lost Customers,Low-cost automated re-engagement email
10004,56,12,610.88,4,5,4,Champions,"VIP rewards, early access to new collections"
10005,186,1,143.71,1,1,2,Lost Customers,Low-cost automated re-engagement email
10006,115,14,918.37,2,5,5,At Risk,High-value win-back offer with targeted discount
10007,46,3,249.35,4,2,2,New Customers,Welcome onboarding campaign to drive 2nd purchase
10008,99,4,230.58,2,3,2,Lost Customers,Low-cost automated re-engagement email
10009,80,9,2020.65,3,5,5,Loyal Customers,"Cross-sell complimentary products, points incentive"
10010,9,1,139.04,5,1,2,New Customers,Welcome onboarding campaign to drive 2nd purchase
10011,27,3,68.6,5,2,1,New Customers,Welcome onboarding campaign to drive 2nd purchase
10012,85,8,1620.52,2,5,5,At Risk,High-value win-back offer with targeted discount
10013,175,3,459.42,1,2,3,Lost Customers,Low-cost automated re-engagement email
10014,56,7,1672.73,4,4,5,Champions,"VIP rewards, early access to new collections"
10015,43,6,335.6,4,4,3,Loyal Customers,"Cross-sell complimentary products, points incentive"
10016,73,4,154.65,3,3,2,Lost Customers,Low-cost automated re-engagement email
10017,41,6,501.37,4,4,4,Champions,"VIP rewards, early access to new collections"
10018,53,10,1042.45,4,5,5,Champions,"VIP rewards, early access to new collections"
10019,66,6,1569.6,3,4,5,Loyal Customers,"Cross-sell complimentary products, points incentive"
10020,26,7,1117.42,5,4,5,Champions,"VIP rewards, early access to new collections"
10021,119,2,205.89,2,1,2,Lost Customers,Low-cost automated re-engagement email
10022,22,6,481.54,5,4,4,Champions,"VIP rewards, early access to new collections"
10023,19,5,456.31,5,3,3,Loyal Customers,"Cross-sell complimentary products, points incentive"
10024,78,9,568.12,3,5,4,Loyal Customers,"Cross-sell complimentary products, points incentive"
10025,113,2,331.69,2,1,3,Lost Customers,Low-cost automated re-engagement email
10026,76,8,194.9,3,5,2,Lost Customers,Low-cost automated re-engagement email
10027,61,2,181.45,3,1,2,Lost Customers,Low-cost automated re-engagement email
10028,53,22,5068.34,4,5,5,Champions,"VIP rewards, early access to new collections"
10029,46,2,64.78,4,1,1,New Customers,Welcome onboarding campaign to drive 2nd purchase
10030,138,2,1036.23,1,1,5,Lost Customers,Low-cost automated re-engagement email
10031,85,3,102.42,2,2,1,Lost Customers,Low-cost automated re-engagement email
10032,49,8,457.24,4,5,3,Loyal Customers,"Cross-sell complimentary products, points incentive"
10033,38,5,1133.17,4,3,5,Loyal Customers,"Cross-sell complimentary products, points incentive"
10034,104,13,4323.32,2,5,5,At Risk,High-value win-back offer with targeted discount
10035,136,3,372.54,1,2,3,Lost Customers,Low-cost automated re-engagement email
10036,128,3,363.81,1,2,3,Lost Customers,Low-cost automated re-engagement email
10037,33,2,899.85,5,1,4,New Customers,Welcome onboarding campaign to drive 2nd purchase
10038,52,3,78.83,4,2,1,New Customers,Welcome onboarding campaign to drive 2nd purchase
10039,45,2,38.12,4,1,1,New Customers,Welcome onboarding campaign to drive 2nd purchase
10040,58,2,31.86,3,1,1,Lost Customers,Low-cost automated re-engagement email
10041,119,2,83.68,2,1,1,Lost Customers,Low-cost automated re-engagement email
10042,165,6,283.52,1,4,3,At Risk,High-value win-back offer with targeted discount
10043,88,11,1394.67,2,5,5,At Risk,High-value win-back offer with targeted discount
10044,39,4,891.83,4,3,4,Loyal Customers,"Cross-sell complimentary products, points incentive"
10045,65,2,407.85,3,1,3,Lost Customers,Low-cost automated re-engagement email
10046,185,7,1390.41,1,4,5,At Risk,High-value win-back offer with targeted discount
10047,72,4,152.03,3,3,2,Lost Customers,Low-cost automated re-engagement email
10048,53,8,1018.17,4,5,5,Champions,"VIP rewards, early access to new collections"
10049,56,2,93.01,4,1,1,New Customers,Welcome onboarding campaign to drive 2nd purchase
10050,87,2,309.19,2,1,3,Lost Customers,Low-cost automated re-engagement email
10051,34,6,561.25,5,4,4,Champions,"VIP rewards, early access to new collections"
10052,44,4,798.5,4,3,4,Loyal Customers,"Cross-sell complimentary products, points incentive"
10053,126,7,5348.33,1,4,5,At Risk,High-value win-back offer with targeted discount
10054,86,2,174.79,2,1,2,Lost Customers,Low-cost automated re-engagement email
10055,72,5,166.74,3,3,2,Lost Customers,Low-cost automated re-engagement email
10056,131,6,124.42,1,4,1,Lost Customers,Low-cost automated re-engagement email
10057,37,1,40.16,4,1,1,New Customers,Welcome onboarding campaign to drive 2nd purchase
10058,52,4,940.53,4,3,5,Loyal Customers,"Cross-sell complimentary products, points incentive"
10059,84,1,139.22,2,1,2,Lost Customers,Low-cost automated re-engagement email
10060,82,11,1218.25,3,5,5,Loyal Customers,"Cross-sell complimentary products, points incentive"
10061,18,2,253.78,5,1,2,New Customers,Welcome onboarding campaign to drive 2nd purchase
10062,48,3,515.97,4,2,4,New Customers,Welcome onboarding campaign to drive 2nd purchase
10063,59,4,88.67,3,3,1,Lost Customers,Low-cost automated re-engagement email
10064,90,2,437.37,2,1,3,Lost Customers,Low-cost automated re-engagement email
10065,81,15,1916.98,3,5,5,Loyal Customers,"Cross-sell complimentary products, points incentive"
10066,63,2,49.23,3,1,1,Lost Customers,Low-cost automated re-engagement email
10067,9,3,365.22,5,2,3,New Customers,Welcome onboarding campaign to drive 2nd purchase
10068,66,2,55.76,3,1,1,Lost Customers,Low-cost automated re-engagement email
10069,70,2,284.95,3,1,3,Lost Customers,Low-cost automated re-engagement email
10070,292,4,401.11,1,3,3,At Risk,High-value win-back offer with targeted discount
10071,58,6,217.78,3,4,2,Lost Customers,Low-cost automated re-engagement email
10072,84,4,522.41,2,3,4,At Risk,High-value win-back offer with targeted discount
10073,145,2,372.89,1,1,3,Lost Customers,Low-cost automated re-engagement email
10074,114,4,214.89,2,3,2,Lost Customers,Low-cost automated re-engagement email
10075,169,2,364.01,1,1,3,Lost Customers,Low-cost automated re-engagement email
10076,18,9,630.52,5,5,4,Champions,"VIP rewards, early access to new collections"
10077,28,3,593.17,5,2,4,New Customers,Welcome onboarding campaign to drive 2nd purchase
10078,42,3,247.71,4,2,2,New Customers,Welcome onboarding campaign to drive 2nd purchase
10079,15,1,258.74,5,1,2,New Customers,Welcome onboarding campaign to drive 2nd purchase
10080,71,3,118.67,3,2,1,Lost Customers,Low-cost automated re-engagement email
10081,30,13,527.83,5,5,4,Champions,"VIP rewards, early access to new collections"
10082,184,6,265.75,1,4,3,At Risk,High-value win-back offer with targeted discount
10083,34,9,907.98,5,5,5,Champions,"VIP rewards, early access to new collections"
10084,52,4,313.95,4,3,3,Loyal Customers,"Cross-sell complimentary products, points incentive"
10085,119,1,116.5,2,1,1,Lost Customers,Low-cost automated re-engagement email
10086,22,4,126.29,5,3,1,Lost Customers,Low-cost automated re-engagement email
10087,14,4,188.77,5,3,2,Lost Customers,Low-cost automated re-engagement email
10088,77,7,1977.3,3,4,5,Loyal Customers,"Cross-sell complimentary products, points incentive"
10089,82,4,503.07,3,3,4,Loyal Customers,"Cross-sell complimentary products, points incentive"
10090,116,2,315.57,2,1,3,Lost Customers,Low-cost automated re-engagement email
10091,98,4,286.15,2,3,3,At Risk,High-value win-back offer with targeted discount
10092,84,3,352.12,2,2,3,Lost Customers,Low-cost automated re-engagement email
10093,38,6,352.26,4,4,3,Loyal Customers,"Cross-sell complimentary products, points incentive"
10094,80,4,68.11,3,3,1,Lost Customers,Low-cost automated re-engagement email
10095,83,2,457.16,2,1,3,Lost Customers,Low-cost automated re-engagement email
10096,37,6,636.33,4,4,4,Champions,"VIP rewards, early access to new collections"
10097,217,2,93.16,1,1,1,Lost Customers,Low-cost automated re-engagement email
10098,95,3,270.36,2,2,3,Lost Customers,Low-cost automated re-engagement email
10099,28,3,177.52,5,2,2,New Customers,Welcome onboarding campaign to drive 2nd purchase
10100,117,5,1733.78,2,3,5,At Risk,High-value win-back offer with targeted discount
10101,130,2,329.49,1,1,3,Lost Customers,Low-cost automated re-engagement email
10102,91,4,128.15,2,3,1,Lost Customers,Low-cost automated re-engagement email
10103,55,8,226.88,4,5,2,Lost Customers,Low-cost automated re-engagement email
10104,35,4,451.14,4,3,3,Loyal Customers,"Cross-sell complimentary products, points incentive"
10105,63,2,203.18,3,1,2,Lost Customers,Low-cost automated re-engagement email
10106,86,3,430.43,2,2,3,Lost Customers,Low-cost automated re-engagement email
10107,68,5,395.62,3,3,3,Loyal Customers,"Cross-sell complimentary products, points incentive"
10108,174,6,301.62,1,4,3,At Risk,High-value win-back offer with targeted discount
10109,105,12,1708.87,2,5,5,At Risk,High-value win-back offer with targeted discount
10110,32,1,153.65,5,1,2,New Customers,Welcome onboarding campaign to drive 2nd purchase
10111,26,5,1395.72,5,3,5,Loyal Customers,"Cross-sell complimentary products, points incentive"
10112,95,4,697.36,2,3,4,At Risk,High-value win-back offer with targeted discount
10113,56,4,169.55,4,3,2,Lost Customers,Low-cost automated re-engagement email
10114,111,5,566.93,2,3,4,At Risk,High-value win-back offer with targeted discount
10115,95,3,208.8,2,2,2,Lost Customers,Low-cost automated re-engagement email
10116,63,2,76.91,3,1,1,Lost Customers,Low-cost automated re-engagement email
10117,32,4,71.97,5,3,1,Lost Customers,Low-cost automated re-engagement email
10118,16,6,4083.57,5,4,5,Champions,"VIP rewards, early access to new collections"
10119,79,4,217.74,3,3,2,Lost Customers,Low-cost automated re-engagement email
10120,21,8,642.82,5,5,4,Champions,"VIP rewards, early access to new collections"
10121,31,3,329.13,5,2,3,New Customers,Welcome onboarding campaign to drive 2nd purchase
10122,75,5,497.68,3,3,4,Loyal Customers,"Cross-sell complimentary products, points incentive"
10123,70,1,9.31,3,1,1,Lost Customers,Low-cost automated re-engagement email
10124,24,20,1550.86,5,5,5,Champions,"VIP rewards, early access to new collections"
10125,140,3,1329.62,1,2,5,Lost Customers,Low-cost automated re-engagement email
10126,138,3,223.18,1,2,2,Lost Customers,Low-cost automated re-engagement email
10127,97,3,1176.4,2,2,5,Lost Customers,Low-cost automated re-engagement email
10128,97,2,185.2,2,1,2,Lost Customers,Low-cost automated re-engagement email
10129,97,2,131.25,2,1,1,Lost Customers,Low-cost automated re-engagement email
10130,130,4,410.05,1,3,3,At Risk,High-value win-back offer with targeted discount
10131,107,4,372.45,2,3,3,At Risk,High-value win-back offer with targeted discount
10132,35,4,365.07,4,3,3,Loyal Customers,"Cross-sell complimentary products, points incentive"
10133,56,4,213.24,4,3,2,Lost Customers,Low-cost automated re-engagement email
10134,272,4,105.51,1,3,1,Lost Customers,Low-cost automated re-engagement email
10135,10,2,298.35,5,1,3,New Customers,Welcome onboarding campaign to drive 2nd purchase
10136,46,3,294.12,4,2,3,New Customers,Welcome onboarding campaign to drive 2nd purchase
10137,141,4,1610.48,1,3,5,At Risk,High-value win-back offer with targeted discount
10138,37,3,262.07,4,2,2,New Customers,Welcome onboarding campaign to drive 2nd purchase
10139,109,5,115.23,2,3,1,Lost Customers,Low-cost automated re-engagement email
10140,70,3,360.97,3,2,3,Lost Customers,Low-cost automated re-engagement email
10141,39,3,289.15,4,2,3,New Customers,Welcome onboarding campaign to drive 2nd purchase
10142,8,4,244.33,5,3,2,Lost Customers,Low-cost automated re-engagement email
10143,77,5,785.26,3,3,4,Loyal Customers,"Cross-sell complimentary products, points incentive"
10144,34,6,845.24,5,4,4,Champions,"VIP rewards, early access to new collections"
10145,61,17,521.13,3,5,4,Loyal Customers,"Cross-sell complimentary products, points incentive"
10146,97,7,413.58,2,4,3,At Risk,High-value win-back offer with targeted discount
10147,123,2,482.09,1,1,4,Lost Customers,Low-cost automated re-engagement email
10148,46,2,74.54,4,1,1,New Customers,Welcome onboarding campaign to drive 2nd purchase
10149,39,3,231.25,4,2,2,New Customers,Welcome onboarding campaign to drive 2nd purchase
10150,21,2,220.88,5,1,2,New Customers,Welcome onboarding campaign to drive 2nd purchase
10151,127,5,159.32,1,3,2,Lost Customers,Low-cost automated re-engagement email
10152,248,5,411.93,1,3,3,At Risk,High-value win-back offer with targeted discount
10153,136,3,239.96,1,2,2,Lost Customers,Low-cost automated re-engagement email
10154,156,9,605.52,1,5,4,At Risk,High-value win-back offer with targeted discount
10155,37,11,249.73,4,5,2,Lost Customers,Low-cost automated re-engagement email
10156,93,1,89.99,2,1,1,Lost Customers,Low-cost automated re-engagement email
10157,116,2,103.18,2,1,1,Lost Customers,Low-cost automated re-engagement email
10158,27,8,1879.28,5,5,5,Champions,"VIP rewards, early access to new collections"
10159,192,7,916.0,1,4,5,At Risk,High-value win-back offer with targeted discount
10160,17,5,223.66,5,3,2,Lost Customers,Low-cost automated re-engagement email
10161,173,4,252.24,1,3,2,Lost Customers,Low-cost automated re-engagement email
10162,17,4,402.99,5,3,3,Loyal Customers,"Cross-sell complimentary products, points incentive"
10163,28,6,377.81,5,4,3,Loyal Customers,"Cross-sell complimentary products, points incentive"
10164,94,4,92.08,2,3,1,Lost Customers,Low-cost automated re-engagement email
10165,71,10,1171.11,3,5,5,Loyal Customers,"Cross-sell complimentary products, points incentive"
10166,49,2,289.08,4,1,3,New Customers,Welcome onboarding campaign to drive 2nd purchase
10167,187,4,701.42,1,3,4,At Risk,High-value win-back offer with targeted discount
10168,21,7,1466.71,5,4,5,Champions,"VIP rewards, early access to new collections"
10169,60,4,170.85,3,3,2,Lost Customers,Low-cost automated re-engagement email
10170,102,6,1094.49,2,4,5,At Risk,High-value win-back offer with targeted discount
10171,83,6,193.28,2,4,2,Lost Customers,Low-cost automated re-engagement email
10172,40,3,372.43,4,2,3,New Customers,Welcome onboarding campaign to drive 2nd purchase
10173,41,2,95.14,4,1,1,New Customers,Welcome onboarding campaign to drive 2nd purchase
10174,121,2,262.34,2,1,2,Lost Customers,Low-cost automated re-engagement email
10175,125,2,46.34,1,1,1,Lost Customers,Low-cost automated re-engagement email
10176,84,1,146.71,2,1,2,Lost Customers,Low-cost automated re-engagement email
10177,33,8,354.76,5,5,3,Loyal Customers,"Cross-sell complimentary products, points incentive"
10178,42,1,139.01,4,1,2,New Customers,Welcome onboarding campaign to drive 2nd purchase
10179,66,15,1888.46,3,5,5,Loyal Customers,"Cross-sell complimentary products, points incentive"
10180,73,3,382.02,3,2,3,Lost Customers,Low-cost automated re-engagement email
10181,100,3,281.87,2,2,3,Lost Customers,Low-cost automated re-engagement email
10182,57,1,31.49,3,1,1,Lost Customers,Low-cost automated re-engagement email
10183,120,5,1721.13,2,3,5,At Risk,High-value win-back offer with targeted discount
10184,119,3,240.25,2,2,2,Lost Customers,Low-cost automated re-engagement email
10185,160,4,319.61,1,3,3,At Risk,High-value win-back offer with targeted discount
10186,68,2,626.1,3,1,4,Lost Customers,Low-cost automated re-engagement email
10187,85,5,202.23,2,3,2,Lost Customers,Low-cost automated re-engagement email
10188,61,2,172.5,3,1,2,Lost Customers,Low-cost automated re-engagement email
10189,33,4,419.51,5,3,3,Loyal Customers,"Cross-sell complimentary products, points incentive"
10190,244,5,365.35,1,3,3,At Risk,High-value win-back offer with targeted discount
10191,147,11,1266.26,1,5,5,At Risk,High-value win-back offer with targeted discount
10192,117,7,373.43,2,4,3,At Risk,High-value win-back offer with targeted discount
10193,67,4,338.63,3,3,3,Loyal Customers,"Cross-sell complimentary products, points incentive"
10194,31,4,405.22,5,3,3,Loyal Customers,"Cross-sell complimentary products, points incentive"
10195,131,5,1540.33,1,3,5,At Risk,High-value win-back offer with targeted discount
10196,60,7,2797.52,3,4,5,Loyal Customers,"Cross-sell complimentary products, points incentive"
10197,91,2,209.7,2,1,2,Lost Customers,Low-cost automated re-engagement email
10198,42,7,1854.23,4,4,5,Champions,"VIP rewards, early access to new collections"
10199,81,2,93.74,3,1,1,Lost Customers,Low-cost automated re-engagement email
10200,44,5,3413.95,4,3,5,Loyal Customers,"Cross-sell complimentary products, points incentive"
10201,46,6,433.34,4,4,3,Loyal Customers,"Cross-sell complimentary products, points incentive"
10202,80,2,174.79,3,1,2,Lost Customers,Low-cost automated re-engagement email
10203,17,1,145.31,5,1,2,New Customers,Welcome onboarding campaign to drive 2nd purchase
10204,18,3,581.66,5,2,4,New Customers,Welcome onboarding campaign to drive 2nd purchase
10205,37,1,77.15,4,1,1,New Customers,Welcome onboarding campaign to drive 2nd purchase
10206,57,3,44.31,3,2,1,Lost Customers,Low-cost automated re-engagement email
10207,122,2,324.87,1,1,3,Lost Customers,Low-cost automated re-engagement email
10208,59,41,1626.99,3,5,5,Loyal Customers,"Cross-sell complimentary products, points incentive"
10209,66,8,1445.52,3,5,5,Loyal Customers,"Cross-sell complimentary products, points incentive"
10210,53,4,708.66,4,3,4,Loyal Customers,"Cross-sell complimentary products, points incentive"
10211,85,10,1070.53,2,5,5,At Risk,High-value win-back offer with targeted discount
10212,33,6,1218.82,5,4,5,Champions,"VIP rewards, early access to new collections"
10213,62,2,115.8,3,1,1,Lost Customers,Low-cost automated re-engagement email
10214,90,3,930.66,2,2,5,Lost Customers,Low-cost automated re-engagement email
10215,79,8,833.87,3,5,4,Loyal Customers,"Cross-sell complimentary products, points incentive"
10216,68,2,152.38,3,1,2,Lost Customers,Low-cost automated re-engagement email
10217,68,5,1257.12,3,3,5,Loyal Customers,"Cross-sell complimentary products, points incentive"
10218,96,6,296.81,2,4,3,At Risk,High-value win-back offer with targeted discount
10219,252,3,40.62,1,2,1,Lost Customers,Low-cost automated re-engagement email
10220,35,4,117.14,4,3,1,Lost Customers,Low-cost automated re-engagement email
10221,256,7,2292.69,1,4,5,At Risk,High-value win-back offer with targeted discount
10222,34,7,789.09,5,4,4,Champions,"VIP rewards, early access to new collections"
10223,7,5,524.56,5,3,4,Loyal Customers,"Cross-sell complimentary products, points incentive"
10224,44,4,817.26,4,3,4,Loyal Customers,"Cross-sell complimentary products, points incentive"
10225,86,6,704.69,2,4,4,At Risk,High-value win-back offer with targeted discount
10226,219,1,70.27,1,1,1,Lost Customers,Low-cost automated re-engagement email
10227,31,11,667.23,5,5,4,Champions,"VIP rewards, early access to new collections"
10228,96,3,93.76,2,2,1,Lost Customers,Low-cost automated re-engagement email
10229,20,2,68.92,5,1,1,New Customers,Welcome onboarding campaign to drive 2nd purchase
10230,214,6,632.07,1,4,4,At Risk,High-value win-back offer with targeted discount
10231,149,6,469.48,1,4,4,At Risk,High-value win-back offer with targeted discount
10232,46,2,279.33,4,1,3,New Customers,Welcome onboarding campaign to drive 2nd purchase
10233,164,4,333.32,1,3,3,At Risk,High-value win-back offer with targeted discount
10234,61,4,138.2,3,3,2,Lost Customers,Low-cost automated re-engagement email
10235,154,4,449.14,1,3,3,At Risk,High-value win-back offer with targeted discount
10236,67,13,1382.98,3,5,5,Loyal Customers,"Cross-sell complimentary products, points incentive"
10237,70,4,365.71,3,3,3,Loyal Customers,"Cross-sell complimentary products, points incentive"
10238,47,3,311.1,4,2,3,New Customers,Welcome onboarding campaign to drive 2nd purchase
10239,105,2,1056.03,2,1,5,Lost Customers,Low-cost automated re-engagement email
10240,74,2,61.59,3,1,1,Lost Customers,Low-cost automated re-engagement email
10241,97,5,190.18,2,3,2,Lost Customers,Low-cost automated re-engagement email
10242,15,3,58.38,5,2,1,New Customers,Welcome onboarding campaign to drive 2nd purchase
10243,157,3,293.51,1,2,3,Lost Customers,Low-cost automated re-engagement email
10244,184,4,63.05,1,3,1,Lost Customers,Low-cost automated re-engagement email
10245,73,4,440.56,3,3,3,Loyal Customers,"Cross-sell complimentary products, points incentive"
10246,240,4,342.31,1,3,3,At Risk,High-value win-back offer with targeted discount
10247,205,4,214.82,1,3,2,Lost Customers,Low-cost automated re-engagement email
10248,106,6,825.89,2,4,4,At Risk,High-value win-back offer with targeted discount
10249,166,28,3291.63,1,5,5,At Risk,High-value win-back offer with targeted discount
10250,138,9,3435.14,1,5,5,At Risk,High-value win-back offer with targeted discount
10251,11,3,468.88,5,2,4,New Customers,Welcome onboarding campaign to drive 2nd purchase
10252,54,9,765.4,4,5,4,Champions,"VIP rewards, early access to new collections"
10253,112,2,23.1,2,1,1,Lost Customers,Low-cost automated re-engagement email
10254,192,3,623.46,1,2,4,Lost Customers,Low-cost automated re-engagement email
10255,18,6,1255.98,5,4,5,Champions,"VIP rewards, early access to new collections"
10256,12,6,1777.62,5,4,5,Champions,"VIP rewards, early access to new collections"
10257,64,6,68.91,3,4,1,Lost Customers,Low-cost automated re-engagement email
10258,7,3,324.79,5,2,3,New Customers,Welcome onboarding campaign to drive 2nd purchase
10259,63,3,488.48,3,2,4,Lost Customers,Low-cost automated re-engagement email
10260,88,4,1061.78,2,3,5,At Risk,High-value win-back offer with targeted discount
10261,29,3,464.2,5,2,3,New Customers,Welcome onboarding campaign to drive 2nd purchase
10262,64,7,665.42,3,4,4,Loyal Customers,"Cross-sell complimentary products, points incentive"
10263,130,3,108.0,1,2,1,Lost Customers,Low-cost automated re-engagement email
10264,43,3,243.04,4,2,2,New Customers,Welcome onboarding campaign to drive 2nd purchase
10265,34,1,127.73,5,1,1,New Customers,Welcome onboarding campaign to drive 2nd purchase
10266,62,7,1274.7,3,4,5,Loyal Customers,"Cross-sell complimentary products, points incentive"
10267,27,5,107.97,5,3,1,Lost Customers,Low-cost automated re-engagement email
10268,229,1,117.44,1,1,1,Lost Customers,Low-cost automated re-engagement email
10269,69,5,119.57,3,3,1,Lost Customers,Low-cost automated re-engagement email
10270,37,3,343.06,4,2,3,New Customers,Welcome onboarding campaign to drive 2nd purchase
10271,79,7,224.36,3,4,2,Lost Customers,Low-cost automated re-engagement email
10272,62,4,98.26,3,3,1,Lost Customers,Low-cost automated re-engagement email
10273,56,2,918.35,4,1,5,New Customers,Welcome onboarding campaign to drive 2nd purchase
10274,43,14,363.26,4,5,3,Loyal Customers,"Cross-sell complimentary products, points incentive"
10275,42,12,609.05,4,5,4,Champions,"VIP rewards, early access to new collections"
10276,16,3,265.15,5,2,3,New Customers,Welcome onboarding campaign to drive 2nd purchase
10277,166,5,69.08,1,3,1,Lost Customers,Low-cost automated re-engagement email
10278,102,3,547.56,2,2,4,Lost Customers,Low-cost automated re-engagement email
10279,85,1,47.91,2,1,1,Lost Customers,Low-cost automated re-engagement email
10280,61,10,359.4,3,5,3,Loyal Customers,"Cross-sell complimentary products, points incentive"
10281,29,2,413.68,5,1,3,New Customers,Welcome onboarding campaign to drive 2nd purchase
10282,35,10,270.51,4,5,3,Loyal Customers,"Cross-sell complimentary products, points incentive"
10283,17,6,808.06,5,4,4,Champions,"VIP rewards, early access to new collections"
10284,39,5,459.73,4,3,3,Loyal Customers,"Cross-sell complimentary products, points incentive"
10285,25,4,379.12,5,3,3,Loyal Customers,"Cross-sell complimentary products, points incentive"
10286,198,6,513.38,1,4,4,At Risk,High-value win-back offer with targeted discount
10287,124,2,202.13,1,1,2,Lost Customers,Low-cost automated re-engagement email
10288,71,10,115.95,3,5,1,Lost Customers,Low-cost automated re-engagement email
10289,32,4,163.94,5,3,2,Lost Customers,Low-cost automated re-engagement email
10290,27,11,435.27,5,5,3,Loyal Customers,"Cross-sell complimentary products, points incentive"
10291,58,4,975.6,3,3,5,Loyal Customers,"Cross-sell complimentary products, points incentive"
10292,127,4,415.32,1,3,3,At Risk,High-value win-back offer with targeted discount
10293,18,5,454.71,5,3,3,Loyal Customers,"Cross-sell complimentary products, points incentive"
10294,101,6,2869.32,2,4,5,At Risk,High-value win-back offer with targeted discount
10295,39,15,218.33,4,5,2,Lost Customers,Low-cost automated re-engagement email
10296,45,3,964.54,4,2,5,New Customers,Welcome onboarding campaign to drive 2nd purchase
10297,70,3,272.93,3,2,3,Lost Customers,Low-cost automated re-engagement email
10298,33,4,182.48,5,3,2,Lost Customers,Low-cost automated re-engagement email
10299,56,1,55.65,4,1,1,New Customers,Welcome onboarding campaign to drive 2nd purchase
10300,30,3,172.48,5,2,2,New Customers,Welcome onboarding campaign to drive 2nd purchase
10301,42,3,1041.78,4,2,5,New Customers,Welcome onboarding campaign to drive 2nd purchase
10302,114,28,3125.9,2,5,5,At Risk,High-value win-back offer with targeted discount
10303,72,5,834.85,3,3,4,Loyal Customers,"Cross-sell complimentary products, points incentive"
10304,114,5,230.79,2,3,2,Lost Customers,Low-cost automated re-engagement email
10305,38,2,198.98,4,1,2,New Customers,Welcome onboarding campaign to drive 2nd purchase
10306,101,4,816.2,2,3,4,At Risk,High-value win-back offer with targeted discount
10307,13,8,1984.24,5,5,5,Champions,"VIP rewards, early access to new collections"
10308,70,25,673.91,3,5,4,Loyal Customers,"Cross-sell complimentary products, points incentive"
10309,106,2,372.73,2,1,3,Lost Customers,Low-cost automated re-engagement email
10310,13,1,78.94,5,1,1,New Customers,Welcome onboarding campaign to drive 2nd purchase
10311,39,2,250.13,4,1,2,New Customers,Welcome onboarding campaign to drive 2nd purchase
10312,70,2,111.94,3,1,1,Lost Customers,Low-cost automated re-engagement email
10313,134,2,710.79,1,1,4,Lost Customers,Low-cost automated re-engagement email
10314,42,7,796.38,4,4,4,Champions,"VIP rewards, early access to new collections"
10315,98,5,265.13,2,3,3,At Risk,High-value win-back offer with targeted discount
10316,173,2,115.94,1,1,1,Lost Customers,Low-cost automated re-engagement email
10317,102,11,2146.01,2,5,5,At Risk,High-value win-back offer with targeted discount
10318,57,16,2757.18,3,5,5,Loyal Customers,"Cross-sell complimentary products, points incentive"
10319,88,1,96.79,2,1,1,Lost Customers,Low-cost automated re-engagement email
10320,41,9,571.97,4,5,4,Champions,"VIP rewards, early access to new collections"
10321,72,3,637.93,3,2,4,Lost Customers,Low-cost automated re-engagement email
10322,59,2,112.12,3,1,1,Lost Customers,Low-cost automated re-engagement email
10323,86,2,107.16,2,1,1,Lost Customers,Low-cost automated re-engagement email
10324,48,3,2623.03,4,2,5,New Customers,Welcome onboarding campaign to drive 2nd purchase
10325,90,3,379.72,2,2,3,Lost Customers,Low-cost automated re-engagement email
10326,48,4,334.39,4,3,3,Loyal Customers,"Cross-sell complimentary products, points incentive"
10327,123,19,1146.58,1,5,5,At Risk,High-value win-back offer with targeted discount
10328,52,3,223.49,4,2,2,New Customers,Welcome onboarding campaign to drive 2nd purchase
10329,8,2,553.48,5,1,4,New Customers,Welcome onboarding campaign to drive 2nd purchase
10330,27,3,569.26,5,2,4,New Customers,Welcome onboarding campaign to drive 2nd purchase
10331,68,8,401.58,3,5,3,Loyal Customers,"Cross-sell complimentary products, points incentive"
10332,197,3,200.65,1,2,2,Lost Customers,Low-cost automated re-engagement email
10333,120,6,165.32,2,4,2,Lost Customers,Low-cost automated re-engagement email
10334,6,4,456.31,5,3,3,Loyal Customers,"Cross-sell complimentary products, points incentive"
10335,16,4,10.13,5,3,1,Lost Customers,Low-cost automated re-engagement email
10336,145,12,269.87,1,5,3,At Risk,High-value win-back offer with targeted discount
10337,105,2,195.63,2,1,2,Lost Customers,Low-cost automated re-engagement email
10338,267,2,16.96,1,1,1,Lost Customers,Low-cost automated re-engagement email
10339,46,2,1406.58,4,1,5,New Customers,Welcome onboarding campaign to drive 2nd purchase
10340,32,5,202.64,5,3,2,Lost Customers,Low-cost automated re-engagement email
10341,71,4,556.52,3,3,4,Loyal Customers,"Cross-sell complimentary products, points incentive"
10342,45,6,1690.48,4,4,5,Champions,"VIP rewards, early access to new collections"
10343,136,4,458.52,1,3,3,At Risk,High-value win-back offer with targeted discount
10344,44,3,268.81,4,2,3,New Customers,Welcome onboarding campaign to drive 2nd purchase
10345,54,5,270.01,4,3,3,Loyal Customers,"Cross-sell complimentary products, points incentive"
10346,28,13,357.34,5,5,3,Loyal Customers,"Cross-sell complimentary products, points incentive"
10347,114,2,117.34,2,1,1,Lost Customers,Low-cost automated re-engagement email
10348,30,2,197.53,5,1,2,New Customers,Welcome onboarding campaign to drive 2nd purchase
10349,91,4,351.76,2,3,3,At Risk,High-value win-back offer with targeted discount
10350,219,17,647.93,1,5,4,At Risk,High-value win-back offer with targeted discount
10351,11,2,468.83,5,1,4,New Customers,Welcome onboarding campaign to drive 2nd purchase
10352,178,4,99.36,1,3,1,Lost Customers,Low-cost automated re-engagement email
10353,83,2,307.53,2,1,3,Lost Customers,Low-cost automated re-engagement email
10354,24,5,967.85,5,3,5,Loyal Customers,"Cross-sell complimentary products, points incentive"
10355,73,1,111.52,3,1,1,Lost Customers,Low-cost automated re-engagement email
10356,112,2,804.84,2,1,4,Lost Customers,Low-cost automated re-engagement email
10357,34,10,1296.73,5,5,5,Champions,"VIP rewards, early access to new collections"
10358,95,4,1245.37,2,3,5,At Risk,High-value win-back offer with targeted discount
10359,188,2,16.33,1,1,1,Lost Customers,Low-cost automated re-engagement email
10360,44,4,837.52,4,3,4,Loyal Customers,"Cross-sell complimentary products, points incentive"
10361,28,4,609.97,5,3,4,Loyal Customers,"Cross-sell complimentary products, points incentive"
10362,61,6,874.04,3,4,4,Loyal Customers,"Cross-sell complimentary products, points incentive"
10363,70,1,156.88,3,1,2,Lost Customers,Low-cost automated re-engagement email
10364,141,2,116.76,1,1,1,Lost Customers,Low-cost automated re-engagement email
10365,59,2,356.43,3,1,3,Lost Customers,Low-cost automated re-engagement email
10366,47,6,2683.84,4,4,5,Champions,"VIP rewards, early access to new collections"
10367,27,4,66.44,5,3,1,Lost Customers,Low-cost automated re-engagement email
10368,13,11,2889.51,5,5,5,Champions,"VIP rewards, early access to new collections"
10369,20,7,561.14,5,4,4,Champions,"VIP rewards, early access to new collections"
10370,20,3,149.16,5,2,2,New Customers,Welcome onboarding campaign to drive 2nd purchase
10371,55,4,121.12,4,3,1,Lost Customers,Low-cost automated re-engagement email
10372,16,10,1267.03,5,5,5,Champions,"VIP rewards, early access to new collections"
10373,64,11,4114.17,3,5,5,Loyal Customers,"Cross-sell complimentary products, points incentive"
10374,215,4,253.73,1,3,2,Lost Customers,Low-cost automated re-engagement email
10375,144,2,328.05,1,1,3,Lost Customers,Low-cost automated re-engagement email
10376,54,1,89.17,4,1,1,New Customers,Welcome onboarding campaign to drive 2nd purchase
10377,308,1,20.51,1,1,1,Lost Customers,Low-cost automated re-engagement email
10378,70,5,383.0,3,3,3,Loyal Customers,"Cross-sell complimentary products, points incentive"
10379,78,5,247.45,3,3,2,Lost Customers,Low-cost automated re-engagement email
10380,60,2,72.31,3,1,1,Lost Customers,Low-cost automated re-engagement email
10381,65,10,611.12,3,5,4,Loyal Customers,"Cross-sell complimentary products, points incentive"
10382,43,3,202.77,4,2,2,New Customers,Welcome onboarding campaign to drive 2nd purchase
10383,55,3,668.16,4,2,4,New Customers,Welcome onboarding campaign to drive 2nd purchase
10384,179,9,827.53,1,5,4,At Risk,High-value win-back offer with targeted discount
10385,154,8,203.38,1,5,2,Lost Customers,Low-cost automated re-engagement email
10386,7,4,1066.58,5,3,5,Loyal Customers,"Cross-sell complimentary products, points incentive"
10387,18,6,763.84,5,4,4,Champions,"VIP rewards, early access to new collections"
10388,35,6,695.47,4,4,4,Champions,"VIP rewards, early access to new collections"
10389,128,19,3754.13,1,5,5,At Risk,High-value win-back offer with targeted discount
10390,157,3,264.85,1,2,3,Lost Customers,Low-cost automated re-engagement email
10391,112,2,111.09,2,1,1,Lost Customers,Low-cost automated re-engagement email
10392,24,6,737.8,5,4,4,Champions,"VIP rewards, early access to new collections"
10393,44,4,630.76,4,3,4,Loyal Customers,"Cross-sell complimentary products, points incentive"
10394,96,4,507.54,2,3,4,At Risk,High-value win-back offer with targeted discount
10395,56,4,747.11,4,3,4,Loyal Customers,"Cross-sell complimentary products, points incentive"
10396,50,1,98.53,4,1,1,New Customers,Welcome onboarding campaign to drive 2nd purchase
10397,50,5,183.72,4,3,2,Lost Customers,Low-cost automated re-engagement email
10398,147,3,153.29,1,2,2,Lost Customers,Low-cost automated re-engagement email
10399,103,3,928.86,2,2,5,Lost Customers,Low-cost automated re-engagement email
10400,52,3,278.13,4,2,3,New Customers,Welcome onboarding campaign to drive 2nd purchase
10401,85,4,130.52,2,3,1,Lost Customers,Low-cost automated re-engagement email
10402,21,5,149.87,5,3,2,Lost Customers,Low-cost automated re-engagement email
10403,44,4,107.9,4,3,1,Lost Customers,Low-cost automated re-engagement email
10404,137,9,1700.53,1,5,5,At Risk,High-value win-back offer with targeted discount
10405,15,7,832.72,5,4,4,Champions,"VIP rewards, early access to new collections"
10406,104,4,1894.2,2,3,5,At Risk,High-value win-back offer with targeted discount
10407,7,2,302.38,5,1,3,New Customers,Welcome onboarding campaign to drive 2nd purchase
10408,199,6,957.59,1,4,5,At Risk,High-value win-back offer with targeted discount
10409,43,3,1618.85,4,2,5,New Customers,Welcome onboarding campaign to drive 2nd purchase
10410,90,3,112.92,2,2,1,Lost Customers,Low-cost automated re-engagement email
10411,73,2,46.66,3,1,1,Lost Customers,Low-cost automated re-engagement email
10412,75,5,740.29,3,3,4,Loyal Customers,"Cross-sell complimentary products, points incentive"
10413,84,27,1951.16,2,5,5,At Risk,High-value win-back offer with targeted discount
10414,12,3,352.98,5,2,3,New Customers,Welcome onboarding campaign to drive 2nd purchase
10415,76,6,1626.27,3,4,5,Loyal Customers,"Cross-sell complimentary products, points incentive"
10416,58,9,1607.81,3,5,5,Loyal Customers,"Cross-sell complimentary products, points incentive"
10417,43,3,1057.31,4,2,5,New Customers,Welcome onboarding campaign to drive 2nd purchase
10418,35,1,39.75,4,1,1,New Customers,Welcome onboarding campaign to drive 2nd purchase
10419,78,6,1211.23,3,4,5,Loyal Customers,"Cross-sell complimentary products, points incentive"
10420,28,4,179.66,5,3,2,Lost Customers,Low-cost automated re-engagement email
10421,136,5,2021.26,1,3,5,At Risk,High-value win-back offer with targeted discount
10422,95,4,538.94,2,3,4,At Risk,High-value win-back offer with targeted discount
10423,81,9,1278.46,3,5,5,Loyal Customers,"Cross-sell complimentary products, points incentive"
10424,132,4,213.26,1,3,2,Lost Customers,Low-cost automated re-engagement email
10425,10,19,1060.19,5,5,5,Champions,"VIP rewards, early access to new collections"
10426,21,6,777.84,5,4,4,Champions,"VIP rewards, early access to new collections"
10427,98,8,3473.37,2,5,5,At Risk,High-value win-back offer with targeted discount
10428,36,4,1495.84,4,3,5,Loyal Customers,"Cross-sell complimentary products, points incentive"
10429,40,5,621.46,4,3,4,Loyal Customers,"Cross-sell complimentary products, points incentive"
10430,18,1,61.61,5,1,1,New Customers,Welcome onboarding campaign to drive 2nd purchase
10431,28,3,452.25,5,2,3,New Customers,Welcome onboarding campaign to drive 2nd purchase
10432,138,8,2227.11,1,5,5,At Risk,High-value win-back offer with targeted discount
10433,96,4,435.68,2,3,3,At Risk,High-value win-back offer with targeted discount
10434,77,2,127.05,3,1,1,Lost Customers,Low-cost automated re-engagement email
10435,42,2,331.74,4,1,3,New Customers,Welcome onboarding campaign to drive 2nd purchase
10436,74,2,145.1,3,1,2,Lost Customers,Low-cost automated re-engagement email
10437,146,4,261.57,1,3,2,Lost Customers,Low-cost automated re-engagement email
10438,37,2,171.16,4,1,2,New Customers,Welcome onboarding campaign to drive 2nd purchase
10439,65,11,1804.14,3,5,5,Loyal Customers,"Cross-sell complimentary products, points incentive"
10440,207,4,294.72,1,3,3,At Risk,High-value win-back offer with targeted discount
10441,111,2,174.1,2,1,2,Lost Customers,Low-cost automated re-engagement email
10442,42,12,1229.08,4,5,5,Champions,"VIP rewards, early access to new collections"
10443,105,4,255.36,2,3,2,Lost Customers,Low-cost automated re-engagement email
10444,15,5,1815.36,5,3,5,Loyal Customers,"Cross-sell complimentary products, points incentive"
10445,63,5,2363.88,3,3,5,Loyal Customers,"Cross-sell complimentary products, points incentive"
10446,105,5,342.72,2,3,3,At Risk,High-value win-back offer with targeted discount
10447,89,3,131.73,2,2,1,Lost Customers,Low-cost automated re-engagement email
10448,104,5,296.44,2,3,3,At Risk,High-value win-back offer with targeted discount
10449,120,3,403.37,2,2,3,Lost Customers,Low-cost automated re-engagement email
10450,94,5,416.56,2,3,3,At Risk,High-value win-back offer with targeted discount
10451,92,3,85.43,2,2,1,Lost Customers,Low-cost automated re-engagement email
10452,78,3,234.72,3,2,2,Lost Customers,Low-cost automated re-engagement email
10453,25,2,259.69,5,1,2,New Customers,Welcome onboarding campaign to drive 2nd purchase
10454,138,4,873.47,1,3,4,At Risk,High-value win-back offer with targeted discount
10455,65,4,1750.25,3,3,5,Loyal Customers,"Cross-sell complimentary products, points incentive"
10456,109,15,902.14,2,5,5,At Risk,High-value win-back offer with targeted discount
10457,128,5,256.81,1,3,2,Lost Customers,Low-cost automated re-engagement email
10458,44,2,143.69,4,1,2,New Customers,Welcome onboarding campaign to drive 2nd purchase
10459,47,2,76.87,4,1,1,New Customers,Welcome onboarding campaign to drive 2nd purchase
10460,52,5,239.66,4,3,2,Lost Customers,Low-cost automated re-engagement email
10461,155,2,96.38,1,1,1,Lost Customers,Low-cost automated re-engagement email
10462,31,3,362.43,5,2,3,New Customers,Welcome onboarding campaign to drive 2nd purchase
10463,173,2,85.08,1,1,1,Lost Customers,Low-cost automated re-engagement email
10464,78,3,567.27,3,2,4,Lost Customers,Low-cost automated re-engagement email
10465,82,6,1519.25,3,4,5,Loyal Customers,"Cross-sell complimentary products, points incentive"
10466,124,1,32.68,1,1,1,Lost Customers,Low-cost automated re-engagement email
10467,72,10,278.14,3,5,3,Loyal Customers,"Cross-sell complimentary products, points incentive"
10468,139,3,166.71,1,2,2,Lost Customers,Low-cost automated re-engagement email
10469,44,2,125.46,4,1,1,New Customers,Welcome onboarding campaign to drive 2nd purchase
10470,170,7,1969.17,1,4,5,At Risk,High-value win-back offer with targeted discount
10471,47,3,258.09,4,2,2,New Customers,Welcome onboarding campaign to drive 2nd purchase
10472,174,2,262.67,1,1,2,Lost Customers,Low-cost automated re-engagement email
10473,48,1,131.12,4,1,1,New Customers,Welcome onboarding campaign to drive 2nd purchase
10474,54,6,244.5,4,4,2,Lost Customers,Low-cost automated re-engagement email
10475,28,7,502.85,5,4,4,Champions,"VIP rewards, early access to new collections"
10476,35,3,266.96,4,2,3,New Customers,Welcome onboarding campaign to drive 2nd purchase
10477,65,10,1264.48,3,5,5,Loyal Customers,"Cross-sell complimentary products, points incentive"
10478,80,4,99.03,3,3,1,Lost Customers,Low-cost automated re-engagement email
10479,132,10,527.14,1,5,4,At Risk,High-value win-back offer with targeted discount
10480,57,2,181.91,3,1,2,Lost Customers,Low-cost automated re-engagement email
10481,89,2,121.21,2,1,1,Lost Customers,Low-cost automated re-engagement email
10482,76,3,76.45,3,2,1,Lost Customers,Low-cost automated re-engagement email
10483,96,3,140.95,2,2,2,Lost Customers,Low-cost automated re-engagement email
10484,39,9,231.37,4,5,2,Lost Customers,Low-cost automated re-engagement email
10485,43,5,1559.76,4,3,5,Loyal Customers,"Cross-sell complimentary products, points incentive"
10486,39,2,135.03,4,1,1,New Customers,Welcome onboarding campaign to drive 2nd purchase
10487,149,4,339.45,1,3,3,At Risk,High-value win-back offer with targeted discount
10488,171,3,111.9,1,2,1,Lost Customers,Low-cost automated re-engagement email
10489,42,2,221.58,4,1,2,New Customers,Welcome onboarding campaign to drive 2nd purchase
10490,43,4,673.07,4,3,4,Loyal Customers,"Cross-sell complimentary products, points incentive"
10491,105,3,118.39,2,2,1,Lost Customers,Low-cost automated re-engagement email
10492,183,2,80.54,1,1,1,Lost Customers,Low-cost automated re-engagement email
10493,210,2,115.25,1,1,1,Lost Customers,Low-cost automated re-engagement email
10494,40,7,178.72,4,4,2,Lost Customers,Low-cost automated re-engagement email
10495,49,5,633.74,4,3,4,Loyal Customers,"Cross-sell complimentary products, points incentive"
10496,83,8,1425.87,2,5,5,At Risk,High-value win-back offer with targeted discount
10497,86,3,74.39,2,2,1,Lost Customers,Low-cost automated re-engagement email
10498,58,2,397.83,3,1,3,Lost Customers,Low-cost automated re-engagement email
10499,34,3,597.15,5,2,4,New Customers,Welcome onboarding campaign to drive 2nd purchase
10500,65,8,55.85,3,5,1,Lost Customers,Low-cost automated re-engagement email
10501,209,1,33.34,1,1,1,Lost Customers,Low-cost automated re-engagement email
10502,44,11,573.63,4,5,4,Champions,"VIP rewards, early access to new collections"
10503,79,2,300.27,3,1,3,Lost Customers,Low-cost automated re-engagement email
10504,301,7,934.58,1,4,5,At Risk,High-value win-back offer with targeted discount
10505,43,2,78.31,4,1,1,New Customers,Welcome onboarding campaign to drive 2nd purchase
10506,109,3,1165.31,2,2,5,Lost Customers,Low-cost automated re-engagement email
10507,215,1,47.94,1,1,1,Lost Customers,Low-cost automated re-engagement email
10508,103,15,636.72,2,5,4,At Risk,High-value win-back offer with targeted discount
10509,142,6,189.99,1,4,2,Lost Customers,Low-cost automated re-engagement email
10510,119,6,459.92,2,4,3,At Risk,High-value win-back offer with targeted discount
10511,97,3,609.33,2,2,4,Lost Customers,Low-cost automated re-engagement email
10512,167,2,80.0,1,1,1,Lost Customers,Low-cost automated re-engagement email
10513,107,7,760.13,2,4,4,At Risk,High-value win-back offer with targeted discount
10514,59,2,216.19,3,1,2,Lost Customers,Low-cost automated re-engagement email
10515,75,3,262.51,3,2,2,Lost Customers,Low-cost automated re-engagement email
10516,88,2,240.58,2,1,2,Lost Customers,Low-cost automated re-engagement email
10517,49,4,813.85,4,3,4,Loyal Customers,"Cross-sell complimentary products, points incentive"
10518,78,1,115.09,3,1,1,Lost Customers,Low-cost automated re-engagement email
10519,70,2,461.85,3,1,3,Lost Customers,Low-cost automated re-engagement email
10520,106,2,66.89,2,1,1,Lost Customers,Low-cost automated re-engagement email
10521,253,6,362.77,1,4,3,At Risk,High-value win-back offer with targeted discount
10522,81,3,100.45,3,2,1,Lost Customers,Low-cost automated re-engagement email
10523,186,8,1179.15,1,5,5,At Risk,High-value win-back offer with targeted discount
10524,104,12,3243.98,2,5,5,At Risk,High-value win-back offer with targeted discount
10525,77,3,204.37,3,2,2,Lost Customers,Low-cost automated re-engagement email
10526,47,2,231.95,4,1,2,New Customers,Welcome onboarding campaign to drive 2nd purchase
10527,78,8,187.61,3,5,2,Lost Customers,Low-cost automated re-engagement email
10528,74,1,91.78,3,1,1,Lost Customers,Low-cost automated re-engagement email
10529,37,2,39.94,4,1,1,New Customers,Welcome onboarding campaign to drive 2nd purchase
10530,42,1,95.07,4,1,1,New Customers,Welcome onboarding campaign to drive 2nd purchase
10531,89,8,127.54,2,5,1,Lost Customers,Low-cost automated re-engagement email
10532,185,6,2481.93,1,4,5,At Risk,High-value win-back offer with targeted discount
10533,64,13,1118.08,3,5,5,Loyal Customers,"Cross-sell complimentary products, points incentive"
10534,17,3,249.08,5,2,2,New Customers,Welcome onboarding campaign to drive 2nd purchase
10535,27,2,1002.9,5,1,5,New Customers,Welcome onboarding campaign to drive 2nd purchase
10536,111,3,286.59,2,2,3,Lost Customers,Low-cost automated re-engagement email
10537,20,2,42.29,5,1,1,New Customers,Welcome onboarding campaign to drive 2nd purchase
10538,123,11,671.94,1,5,4,At Risk,High-value win-back offer with targeted discount
10539,107,50,25917.66,2,5,5,At Risk,High-value win-back offer with targeted discount
10540,62,2,80.43,3,1,1,Lost Customers,Low-cost automated re-engagement email
10541,37,6,363.31,4,4,3,Loyal Customers,"Cross-sell complimentary products, points incentive"
10542,55,3,1086.43,4,2,5,New Customers,Welcome onboarding campaign to drive 2nd purchase
10543,87,5,224.87,2,3,2,Lost Customers,Low-cost automated re-engagement email
10544,21,8,660.87,5,5,4,Champions,"VIP rewards, early access to new collections"
10545,173,2,607.02,1,1,4,Lost Customers,Low-cost automated re-engagement email
10546,86,3,161.13,2,2,2,Lost Customers,Low-cost automated re-engagement email
10547,94,9,394.86,2,5,3,At Risk,High-value win-back offer with targeted discount
10548,106,5,85.69,2,3,1,Lost Customers,Low-cost automated re-engagement email
10549,162,5,166.8,1,3,2,Lost Customers,Low-cost automated re-engagement email
10550,78,5,203.24,3,3,2,Lost Customers,Low-cost automated re-engagement email
10551,111,6,389.53,2,4,3,At Risk,High-value win-back offer with targeted discount
10552,38,9,1117.42,4,5,5,Champions,"VIP rewards, early access to new collections"
10553,210,7,605.31,1,4,4,At Risk,High-value win-back offer with targeted discount
10554,74,4,118.85,3,3,1,Lost Customers,Low-cost automated re-engagement email
10555,38,5,1531.27,4,3,5,Loyal Customers,"Cross-sell complimentary products, points incentive"
10556,47,4,133.55,4,3,1,Lost Customers,Low-cost automated re-engagement email
10557,9,2,912.73,5,1,5,New Customers,Welcome onboarding campaign to drive 2nd purchase
10558,46,4,412.58,4,3,3,Loyal Customers,"Cross-sell complimentary products, points incentive"
10559,4,4,922.53,5,3,5,Loyal Customers,"Cross-sell complimentary products, points incentive"
10560,117,1,145.02,2,1,2,Lost Customers,Low-cost automated re-engagement email
10561,92,7,2443.25,2,4,5,At Risk,High-value win-back offer with targeted discount
10562,29,8,692.57,5,5,4,Champions,"VIP rewards, early access to new collections"
10563,65,6,424.9,3,4,3,Loyal Customers,"Cross-sell complimentary products, points incentive"
10564,67,7,828.94,3,4,4,Loyal Customers,"Cross-sell complimentary products, points incentive"
10565,23,3,210.79,5,2,2,New Customers,Welcome onboarding campaign to drive 2nd purchase
10566,56,3,406.19,4,2,3,New Customers,Welcome onboarding campaign to drive 2nd purchase
10567,69,8,2905.23,3,5,5,Loyal Customers,"Cross-sell complimentary products, points incentive"
10568,55,2,39.32,4,1,1,New Customers,Welcome onboarding campaign to drive 2nd purchase
10569,38,2,168.13,4,1,2,New Customers,Welcome onboarding campaign to drive 2nd purchase
10570,28,5,3261.6,5,3,5,Loyal Customers,"Cross-sell complimentary products, points incentive"
10571,54,5,316.77,4,3,3,Loyal Customers,"Cross-sell complimentary products, points incentive"
10572,42,7,1569.11,4,4,5,Champions,"VIP rewards, early access to new collections"
10573,101,1,197.07,2,1,2,Lost Customers,Low-cost automated re-engagement email
10574,169,4,98.72,1,3,1,Lost Customers,Low-cost automated re-engagement email
10575,127,2,235.16,1,1,2,Lost Customers,Low-cost automated re-engagement email
10576,70,7,767.87,3,4,4,Loyal Customers,"Cross-sell complimentary products, points incentive"
10577,39,10,15783.58,4,5,5,Champions,"VIP rewards, early access to new collections"
10578,125,5,42.35,1,3,1,Lost Customers,Low-cost automated re-engagement email
10579,106,3,62.81,2,2,1,Lost Customers,Low-cost automated re-engagement email
10580,161,2,146.54,1,1,2,Lost Customers,Low-cost automated re-engagement email
10581,78,3,195.73,3,2,2,Lost Customers,Low-cost automated re-engagement email
10582,203,2,81.29,1,1,1,Lost Customers,Low-cost automated re-engagement email
10583,78,3,129.14,3,2,1,Lost Customers,Low-cost automated re-engagement email
10584,39,2,333.28,4,1,3,New Customers,Welcome onboarding campaign to drive 2nd purchase
10585,45,2,84.52,4,1,1,New Customers,Welcome onboarding campaign to drive 2nd purchase
10586,98,5,276.57,2,3,3,At Risk,High-value win-back offer with targeted discount
10587,42,5,1104.06,4,3,5,Loyal Customers,"Cross-sell complimentary products, points incentive"
10588,202,13,2499.3,1,5,5,At Risk,High-value win-back offer with targeted discount
10589,92,3,175.7,2,2,2,Lost Customers,Low-cost automated re-engagement email
10590,69,1,24.07,3,1,1,Lost Customers,Low-cost automated re-engagement email
10591,74,7,1390.28,3,4,5,Loyal Customers,"Cross-sell complimentary products, points incentive"
10592,55,7,270.44,4,4,3,Loyal Customers,"Cross-sell complimentary products, points incentive"
10593,13,9,2591.23,5,5,5,Champions,"VIP rewards, early access to new collections"
10594,45,11,1444.24,4,5,5,Champions,"VIP rewards, early access to new collections"
10595,186,11,832.1,1,5,4,At Risk,High-value win-back offer with targeted discount
10596,79,2,267.14,3,1,3,Lost Customers,Low-cost automated re-engagement email
10597,137,12,186.43,1,5,2,Lost Customers,Low-cost automated re-engagement email
10598,140,3,1023.33,1,2,5,Lost Customers,Low-cost automated re-engagement email
10599,65,7,521.99,3,4,4,Loyal Customers,"Cross-sell complimentary products, points incentive"
10600,107,5,523.06,2,3,4,At Risk,High-value win-back offer with targeted discount
10601,14,2,107.16,5,1,1,New Customers,Welcome onboarding campaign to drive 2nd purchase
10602,176,9,694.74,1,5,4,At Risk,High-value win-back offer with targeted discount
10603,167,3,1137.75,1,2,5,Lost Customers,Low-cost automated re-engagement email
10604,96,15,1058.95,2,5,5,At Risk,High-value win-back offer with targeted discount
10605,82,2,123.63,3,1,1,Lost Customers,Low-cost automated re-engagement email
10606,66,2,332.96,3,1,3,Lost Customers,Low-cost automated re-engagement email
10607,148,2,238.06,1,1,2,Lost Customers,Low-cost automated re-engagement email
10608,115,11,4008.96,2,5,5,At Risk,High-value win-back offer with targeted discount
10609,50,1,14.66,4,1,1,New Customers,Welcome onboarding campaign to drive 2nd purchase
10610,24,7,416.32,5,4,3,Loyal Customers,"Cross-sell complimentary products, points incentive"
10611,20,15,374.55,5,5,3,Loyal Customers,"Cross-sell complimentary products, points incentive"
10612,147,3,817.99,1,2,4,Lost Customers,Low-cost automated re-engagement email
10613,65,3,84.4,3,2,1,Lost Customers,Low-cost automated re-engagement email
10614,95,4,484.49,2,3,4,At Risk,High-value win-back offer with targeted discount
10615,71,2,55.53,3,1,1,Lost Customers,Low-cost automated re-engagement email
10616,20,28,1608.05,5,5,5,Champions,"VIP rewards, early access to new collections"
10617,15,6,220.52,5,4,2,Lost Customers,Low-cost automated re-engagement email
10618,47,2,178.92,4,1,2,New Customers,Welcome onboarding campaign to drive 2nd purchase
10619,51,2,1116.99,4,1,5,New Customers,Welcome onboarding campaign to drive 2nd purchase
10620,51,4,99.82,4,3,1,Lost Customers,Low-cost automated re-engagement email
10621,52,2,64.67,4,1,1,New Customers,Welcome onboarding campaign to drive 2nd purchase
10622,242,1,154.05,1,1,2,Lost Customers,Low-cost automated re-engagement email
10623,136,5,392.25,1,3,3,At Risk,High-value win-back offer with targeted discount
10624,80,8,229.08,3,5,2,Lost Customers,Low-cost automated re-engagement email
10625,64,7,412.39,3,4,3,Loyal Customers,"Cross-sell complimentary products, points incentive"
10626,65,4,92.21,3,3,1,Lost Customers,Low-cost automated re-engagement email
10627,113,3,173.72,2,2,2,Lost Customers,Low-cost automated re-engagement email
10628,63,4,150.15,3,3,2,Lost Customers,Low-cost automated re-engagement email
10629,127,8,952.68,1,5,5,At Risk,High-value win-back offer with targeted discount
10630,87,2,321.17,2,1,3,Lost Customers,Low-cost automated re-engagement email
10631,244,2,16.52,1,1,1,Lost Customers,Low-cost automated re-engagement email
10632,60,3,297.37,3,2,3,Lost Customers,Low-cost automated re-engagement email
10633,142,3,33.98,1,2,1,Lost Customers,Low-cost automated re-engagement email
10634,27,4,362.12,5,3,3,Loyal Customers,"Cross-sell complimentary products, points incentive"
10635,40,4,1508.19,4,3,5,Loyal Customers,"Cross-sell complimentary products, points incentive"
10636,223,6,394.74,1,4,3,At Risk,High-value win-back offer with targeted discount
10637,123,1,113.33,1,1,1,Lost Customers,Low-cost automated re-engagement email
10638,96,1,174.8,2,1,2,Lost Customers,Low-cost automated re-engagement email
10639,284,2,361.13,1,1,3,Lost Customers,Low-cost automated re-engagement email
10640,64,7,1335.29,3,4,5,Loyal Customers,"Cross-sell complimentary products, points incentive"
10641,142,2,266.35,1,1,3,Lost Customers,Low-cost automated re-engagement email
10642,149,4,182.72,1,3,2,Lost Customers,Low-cost automated re-engagement email
10643,192,4,643.09,1,3,4,At Risk,High-value win-back offer with targeted discount
10644,24,5,1720.5,5,3,5,Loyal Customers,"Cross-sell complimentary products, points incentive"
10645,64,12,1671.3,3,5,5,Loyal Customers,"Cross-sell complimentary products, points incentive"
10646,86,6,640.91,2,4,4,At Risk,High-value win-back offer with targeted discount
10647,190,8,159.5,1,5,2,Lost Customers,Low-cost automated re-engagement email
10648,93,3,103.73,2,2,1,Lost Customers,Low-cost automated re-engagement email
10649,149,11,518.53,1,5,4,At Risk,High-value win-back offer with targeted discount
10650,22,4,133.95,5,3,1,Lost Customers,Low-cost automated re-engagement email
10651,53,1,77.64,4,1,1,New Customers,Welcome onboarding campaign to drive 2nd purchase
10652,166,24,936.68,1,5,5,At Risk,High-value win-back offer with targeted discount
10653,59,4,785.2,3,3,4,Loyal Customers,"Cross-sell complimentary products, points incentive"
10654,68,6,377.24,3,4,3,Loyal Customers,"Cross-sell complimentary products, points incentive"
10655,188,2,65.96,1,1,1,Lost Customers,Low-cost automated re-engagement email
10656,32,20,784.69,5,5,4,Champions,"VIP rewards, early access to new collections"
10657,39,2,191.47,4,1,2,New Customers,Welcome onboarding campaign to drive 2nd purchase
10658,20,3,209.49,5,2,2,New Customers,Welcome onboarding campaign to drive 2nd purchase
10659,193,1,93.47,1,1,1,Lost Customers,Low-cost automated re-engagement email
10660,134,5,360.51,1,3,3,At Risk,High-value win-back offer with targeted discount
10661,132,3,1267.5,1,2,5,Lost Customers,Low-cost automated re-engagement email
10662,52,1,194.6,4,1,2,New Customers,Welcome onboarding campaign to drive 2nd purchase
10663,18,4,166.04,5,3,2,Lost Customers,Low-cost automated re-engagement email
10664,13,4,62.5,5,3,1,Lost Customers,Low-cost automated re-engagement email
10665,167,3,195.32,1,2,2,Lost Customers,Low-cost automated re-engagement email
10666,101,1,32.35,2,1,1,Lost Customers,Low-cost automated re-engagement email
10667,115,5,94.99,2,3,1,Lost Customers,Low-cost automated re-engagement email
10668,83,2,319.82,2,1,3,Lost Customers,Low-cost automated re-engagement email
10669,35,7,624.27,4,4,4,Champions,"VIP rewards, early access to new collections"
10670,54,3,741.67,4,2,4,New Customers,Welcome onboarding campaign to drive 2nd purchase
10671,28,7,589.56,5,4,4,Champions,"VIP rewards, early access to new collections"
10672,25,4,295.77,5,3,3,Loyal Customers,"Cross-sell complimentary products, points incentive"
10673,127,4,114.34,1,3,1,Lost Customers,Low-cost automated re-engagement email
10674,15,10,512.44,5,5,4,Champions,"VIP rewards, early access to new collections"
10675,28,2,35.81,5,1,1,New Customers,Welcome onboarding campaign to drive 2nd purchase
10676,56,2,458.6,4,1,3,New Customers,Welcome onboarding campaign to drive 2nd purchase
10677,73,6,165.11,3,4,2,Lost Customers,Low-cost automated re-engagement email
10678,19,2,219.6,5,1,2,New Customers,Welcome onboarding campaign to drive 2nd purchase
10679,93,2,144.19,2,1,2,Lost Customers,Low-cost automated re-engagement email
10680,79,1,127.71,3,1,1,Lost Customers,Low-cost automated re-engagement email
10681,165,9,835.67,1,5,4,At Risk,High-value win-back offer with targeted discount
10682,74,2,54.74,3,1,1,Lost Customers,Low-cost automated re-engagement email
10683,99,2,133.45,2,1,1,Lost Customers,Low-cost automated re-engagement email
10684,37,2,562.98,4,1,4,New Customers,Welcome onboarding campaign to drive 2nd purchase
10685,38,3,128.74,4,2,1,New Customers,Welcome onboarding campaign to drive 2nd purchase
10686,21,3,765.36,5,2,4,New Customers,Welcome onboarding campaign to drive 2nd purchase
10687,37,7,1142.96,4,4,5,Champions,"VIP rewards, early access to new collections"
10688,53,2,204.08,4,1,2,New Customers,Welcome onboarding campaign to drive 2nd purchase
10689,155,3,138.83,1,2,2,Lost Customers,Low-cost automated re-engagement email
10690,33,11,1265.37,5,5,5,Champions,"VIP rewards, early access to new collections"
10691,251,8,454.94,1,5,3,At Risk,High-value win-back offer with targeted discount
10692,106,2,486.53,2,1,4,Lost Customers,Low-cost automated re-engagement email
10693,91,4,113.03,2,3,1,Lost Customers,Low-cost automated re-engagement email
10694,69,17,2019.11,3,5,5,Loyal Customers,"Cross-sell complimentary products, points incentive"
10695,60,2,184.75,3,1,2,Lost Customers,Low-cost automated re-engagement email
10696,42,1,120.99,4,1,1,New Customers,Welcome onboarding campaign to drive 2nd purchase
10697,18,3,515.23,5,2,4,New Customers,Welcome onboarding campaign to drive 2nd purchase
10698,34,4,161.88,5,3,2,Lost Customers,Low-cost automated re-engagement email
10699,193,2,80.88,1,1,1,Lost Customers,Low-cost automated re-engagement email
10700,101,8,874.17,2,5,4,At Risk,High-value win-back offer with targeted discount
10701,192,4,857.88,1,3,4,At Risk,High-value win-back offer with targeted discount
10702,41,3,215.8,4,2,2,New Customers,Welcome onboarding campaign to drive 2nd purchase
10703,27,3,985.07,5,2,5,New Customers,Welcome onboarding campaign to drive 2nd purchase
10704,69,2,137.44,3,1,2,Lost Customers,Low-cost automated re-engagement email
10705,35,7,332.11,4,4,3,Loyal Customers,"Cross-sell complimentary products, points incentive"
10706,80,3,406.44,3,2,3,Lost Customers,Low-cost automated re-engagement email
10707,15,2,110.12,5,1,1,New Customers,Welcome onboarding campaign to drive 2nd purchase
10708,8,8,445.46,5,5,3,Loyal Customers,"Cross-sell complimentary products, points incentive"
10709,88,3,341.25,2,2,3,Lost Customers,Low-cost automated re-engagement email
10710,196,2,416.48,1,1,3,Lost Customers,Low-cost automated re-engagement email
10711,91,14,1654.35,2,5,5,At Risk,High-value win-back offer with targeted discount
10712,100,6,595.4,2,4,4,At Risk,High-value win-back offer with targeted discount
10713,71,4,2033.51,3,3,5,Loyal Customers,"Cross-sell complimentary products, points incentive"
10714,76,3,505.44,3,2,4,Lost Customers,Low-cost automated re-engagement email
10715,18,3,199.13,5,2,2,New Customers,Welcome onboarding campaign to drive 2nd purchase
10716,36,3,728.54,4,2,4,New Customers,Welcome onboarding campaign to drive 2nd purchase
10717,154,3,217.68,1,2,2,Lost Customers,Low-cost automated re-engagement email
10718,52,3,464.89,4,2,4,New Customers,Welcome onboarding campaign to drive 2nd purchase
10719,151,4,585.47,1,3,4,At Risk,High-value win-back offer with targeted discount
10720,75,3,270.7,3,2,3,Lost Customers,Low-cost automated re-engagement email
10721,78,4,187.64,3,3,2,Lost Customers,Low-cost automated re-engagement email
10722,52,4,351.25,4,3,3,Loyal Customers,"Cross-sell complimentary products, points incentive"
10723,111,2,117.5,2,1,1,Lost Customers,Low-cost automated re-engagement email
10724,130,4,456.36,1,3,3,At Risk,High-value win-back offer with targeted discount
10725,34,6,789.97,5,4,4,Champions,"VIP rewards, early access to new collections"
10726,19,1,15.28,5,1,1,New Customers,Welcome onboarding campaign to drive 2nd purchase
10727,10,6,731.9,5,4,4,Champions,"VIP rewards, early access to new collections"
10728,97,2,2504.64,2,1,5,Lost Customers,Low-cost automated re-engagement email
10729,89,3,203.07,2,2,2,Lost Customers,Low-cost automated re-engagement email
10730,297,1,219.21,1,1,2,Lost Customers,Low-cost automated re-engagement email
10731,71,6,1053.14,3,4,5,Loyal Customers,"Cross-sell complimentary products, points incentive"
10732,62,2,41.06,3,1,1,Lost Customers,Low-cost automated re-engagement email
10733,82,3,422.65,3,2,3,Lost Customers,Low-cost automated re-engagement email
10734,85,4,168.97,2,3,2,Lost Customers,Low-cost automated re-engagement email
10735,59,1,75.36,3,1,1,Lost Customers,Low-cost automated re-engagement email
10736,35,4,96.83,4,3,1,Lost Customers,Low-cost automated re-engagement email
10737,69,6,804.17,3,4,4,Loyal Customers,"Cross-sell complimentary products, points incentive"
10738,67,4,264.9,3,3,3,Loyal Customers,"Cross-sell complimentary products, points incentive"
10739,66,3,906.3,3,2,5,Lost Customers,Low-cost automated re-engagement email
10740,119,4,105.92,2,3,1,Lost Customers,Low-cost automated re-engagement email
10741,68,4,815.76,3,3,4,Loyal Customers,"Cross-sell complimentary products, points incentive"
10742,20,7,920.69,5,4,5,Champions,"VIP rewards, early access to new collections"
10743,40,10,415.75,4,5,3,Loyal Customers,"Cross-sell complimentary products, points incentive"
10744,58,3,67.19,3,2,1,Lost Customers,Low-cost automated re-engagement email
10745,70,4,277.38,3,3,3,Loyal Customers,"Cross-sell complimentary products, points incentive"
10746,98,2,222.77,2,1,2,Lost Customers,Low-cost automated re-engagement email
10747,71,5,172.5,3,3,2,Lost Customers,Low-cost automated re-engagement email
10748,8,5,191.58,5,3,2,Lost Customers,Low-cost automated re-engagement email
10749,22,3,658.54,5,2,4,New Customers,Welcome onboarding campaign to drive 2nd purchase
10750,103,6,267.31,2,4,3,At Risk,High-value win-back offer with targeted discount
10751,57,4,606.81,3,3,4,Loyal Customers,"Cross-sell complimentary products, points incentive"
10752,75,4,1078.43,3,3,5,Loyal Customers,"Cross-sell complimentary products, points incentive"
10753,51,2,87.3,4,1,1,New Customers,Welcome onboarding campaign to drive 2nd purchase
10754,40,4,116.95,4,3,1,Lost Customers,Low-cost automated re-engagement email
10755,53,3,591.94,4,2,4,New Customers,Welcome onboarding campaign to drive 2nd purchase
10756,76,7,481.53,3,4,4,Loyal Customers,"Cross-sell complimentary products, points incentive"
10757,67,2,121.3,3,1,1,Lost Customers,Low-cost automated re-engagement email
10758,129,5,1628.17,1,3,5,At Risk,High-value win-back offer with targeted discount
10759,16,3,212.2,5,2,2,New Customers,Welcome onboarding campaign to drive 2nd purchase
10760,19,5,577.86,5,3,4,Loyal Customers,"Cross-sell complimentary products, points incentive"
10761,56,4,84.43,4,3,1,Lost Customers,Low-cost automated re-engagement email
10762,99,2,168.08,2,1,2,Lost Customers,Low-cost automated re-engagement email
10763,115,8,325.8,2,5,3,At Risk,High-value win-back offer with targeted discount
10764,42,2,114.08,4,1,1,New Customers,Welcome onboarding campaign to drive 2nd purchase
10765,3,6,324.56,5,4,3,Loyal Customers,"Cross-sell complimentary products, points incentive"
10766,43,1,290.4,4,1,3,New Customers,Welcome onboarding campaign to drive 2nd purchase
10767,90,3,148.68,2,2,2,Lost Customers,Low-cost automated re-engagement email
10768,66,12,667.55,3,5,4,Loyal Customers,"Cross-sell complimentary products, points incentive"
10769,102,3,1074.58,2,2,5,Lost Customers,Low-cost automated re-engagement email
10770,150,4,261.16,1,3,2,Lost Customers,Low-cost automated re-engagement email
10771,59,12,618.01,3,5,4,Loyal Customers,"Cross-sell complimentary products, points incentive"
10772,47,3,726.8,4,2,4,New Customers,Welcome onboarding campaign to drive 2nd purchase
10773,31,5,456.59,5,3,3,Loyal Customers,"Cross-sell complimentary products, points incentive"
10774,18,6,584.49,5,4,4,Champions,"VIP rewards, early access to new collections"
10775,14,2,235.6,5,1,2,New Customers,Welcome onboarding campaign to drive 2nd purchase
10776,38,3,901.68,4,2,4,New Customers,Welcome onboarding campaign to drive 2nd purchase
10777,137,4,141.99,1,3,2,Lost Customers,Low-cost automated re-engagement email
10778,109,1,252.14,2,1,2,Lost Customers,Low-cost automated re-engagement email
10779,45,10,234.68,4,5,2,Lost Customers,Low-cost automated re-engagement email
10780,252,7,302.5,1,4,3,At Risk,High-value win-back offer with targeted discount
10781,41,6,241.0,4,4,2,Lost Customers,Low-cost automated re-engagement email
10782,160,10,792.86,1,5,4,At Risk,High-value win-back offer with targeted discount
10783,185,6,274.94,1,4,3,At Risk,High-value win-back offer with targeted discount
10784,94,3,847.69,2,2,4,Lost Customers,Low-cost automated re-engagement email
10785,38,1,143.75,4,1,2,New Customers,Welcome onboarding campaign to drive 2nd purchase
10786,50,2,177.68,4,1,2,New Customers,Welcome onboarding campaign to drive 2nd purchase
10787,77,2,81.68,3,1,1,Lost Customers,Low-cost automated re-engagement email
10788,19,6,1906.42,5,4,5,Champions,"VIP rewards, early access to new collections"
10789,29,4,393.4,5,3,3,Loyal Customers,"Cross-sell complimentary products, points incentive"
10790,26,1,71.83,5,1,1,New Customers,Welcome onboarding campaign to drive 2nd purchase
10791,99,7,557.49,2,4,4,At Risk,High-value win-back offer with targeted discount
10792,149,10,737.22,1,5,4,At Risk,High-value win-back offer with targeted discount
10793,112,11,2120.48,2,5,5,At Risk,High-value win-back offer with targeted discount
10794,133,2,497.93,1,1,4,Lost Customers,Low-cost automated re-engagement email
10795,35,5,195.6,4,3,2,Lost Customers,Low-cost automated re-engagement email
10796,52,2,100.09,4,1,1,New Customers,Welcome onboarding campaign to drive 2nd purchase
10797,55,16,837.5,4,5,4,Champions,"VIP rewards, early access to new collections"
10798,94,4,480.19,2,3,4,At Risk,High-value win-back offer with targeted discount
10799,39,3,663.06,4,2,4,New Customers,Welcome onboarding campaign to drive 2nd purchase
10800,127,3,78.48,1,2,1,Lost Customers,Low-cost automated re-engagement email
10801,181,5,175.51,1,3,2,Lost Customers,Low-cost automated re-engagement email
10802,97,6,396.44,2,4,3,At Risk,High-value win-back offer with targeted discount
10803,50,1,145.53,4,1,2,New Customers,Welcome onboarding campaign to drive 2nd purchase
10804,33,11,424.55,5,5,3,Loyal Customers,"Cross-sell complimentary products, points incentive"
10805,26,5,317.98,5,3,3,Loyal Customers,"Cross-sell complimentary products, points incentive"
10806,8,11,517.27,5,5,4,Champions,"VIP rewards, early access to new collections"
10807,56,14,2491.95,4,5,5,Champions,"VIP rewards, early access to new collections"
10808,54,4,326.26,4,3,3,Loyal Customers,"Cross-sell complimentary products, points incentive"
10809,122,7,327.04,1,4,3,At Risk,High-value win-back offer with targeted discount
10810,41,3,93.68,4,2,1,New Customers,Welcome onboarding campaign to drive 2nd purchase
10811,59,3,189.08,3,2,2,Lost Customers,Low-cost automated re-engagement email
10812,83,12,851.8,2,5,4,At Risk,High-value win-back offer with targeted discount
10813,96,2,385.96,2,1,3,Lost Customers,Low-cost automated re-engagement email
10814,113,4,900.23,2,3,4,At Risk,High-value win-back offer with targeted discount
10815,77,2,62.08,3,1,1,Lost Customers,Low-cost automated re-engagement email
10816,20,2,436.71,5,1,3,New Customers,Welcome onboarding campaign to drive 2nd purchase
10817,90,3,512.83,2,2,4,Lost Customers,Low-cost automated re-engagement email
10818,39,11,613.98,4,5,4,Champions,"VIP rewards, early access to new collections"
10819,154,6,1068.38,1,4,5,At Risk,High-value win-back offer with targeted discount
10820,68,7,308.89,3,4,3,Loyal Customers,"Cross-sell complimentary products, points incentive"
10821,80,1,129.68,3,1,1,Lost Customers,Low-cost automated re-engagement email
10822,312,4,3193.91,1,3,5,At Risk,High-value win-back offer with targeted discount
10823,114,3,332.32,2,2,3,Lost Customers,Low-cost automated re-engagement email
10824,89,5,330.91,2,4,3,At Risk,High-value win-back offer with targeted discount
10825,60,23,634.65,3,5,4,Loyal Customers,"Cross-sell complimentary products, points incentive"
10826,22,1,96.92,5,1,1,New Customers,Welcome onboarding campaign to drive 2nd purchase
10827,57,5,1104.95,3,4,5,Loyal Customers,"Cross-sell complimentary products, points incentive"
10828,32,20,950.8,5,5,5,Champions,"VIP rewards, early access to new collections"
10829,196,3,439.43,1,2,3,Lost Customers,Low-cost automated re-engagement email
10830,90,4,284.09,2,3,3,At Risk,High-value win-back offer with targeted discount
10831,150,6,377.34,1,4,3,At Risk,High-value win-back offer with targeted discount
10832,40,1,139.82,4,1,2,New Customers,Welcome onboarding campaign to drive 2nd purchase
10833,34,5,81.91,5,4,1,Lost Customers,Low-cost automated re-engagement email
10834,107,2,151.55,2,1,2,Lost Customers,Low-cost automated re-engagement email
10835,31,18,3939.16,5,5,5,Champions,"VIP rewards, early access to new collections"
10836,47,3,228.67,4,2,2,New Customers,Welcome onboarding campaign to drive 2nd purchase
10837,202,2,181.17,1,1,2,Lost Customers,Low-cost automated re-engagement email
10838,49,7,559.17,4,4,4,Champions,"VIP rewards, early access to new collections"
10839,17,5,2516.93,5,4,5,Champions,"VIP rewards, early access to new collections"
10840,11,7,890.93,5,4,4,Champions,"VIP rewards, early access to new collections"
10841,15,16,456.75,5,5,3,Loyal Customers,"Cross-sell complimentary products, points incentive"
10842,156,3,123.87,1,2,1,Lost Customers,Low-cost automated re-engagement email
10843,43,14,1371.43,4,5,5,Champions,"VIP rewards, early access to new collections"
10844,306,15,4188.61,1,5,5,At Risk,High-value win-back offer with targeted discount
10845,183,2,326.41,1,1,3,Lost Customers,Low-cost automated re-engagement email
10846,234,2,439.78,1,1,3,Lost Customers,Low-cost automated re-engagement email
10847,135,4,130.26,1,3,1,Lost Customers,Low-cost automated re-engagement email
10848,103,3,476.43,2,2,4,Lost Customers,Low-cost automated re-engagement email
10849,33,14,648.75,5,5,4,Champions,"VIP rewards, early access to new collections"
10850,67,2,161.6,3,1,2,Lost Customers,Low-cost automated re-engagement email
10851,110,5,967.31,2,4,5,At Risk,High-value win-back offer with targeted discount
10852,130,2,107.92,1,1,1,Lost Customers,Low-cost automated re-engagement email
10853,24,4,98.5,5,3,1,Lost Customers,Low-cost automated re-engagement email
10854,58,19,1228.02,3,5,5,Loyal Customers,"Cross-sell complimentary products, points incentive"
10855,63,15,1505.69,3,5,5,Loyal Customers,"Cross-sell complimentary products, points incentive"
10856,61,5,832.19,3,4,4,Loyal Customers,"Cross-sell complimentary products, points incentive"
10857,27,6,242.64,5,4,2,Lost Customers,Low-cost automated re-engagement email
10858,216,5,273.35,1,4,3,At Risk,High-value win-back offer with targeted discount
10859,56,3,327.77,4,2,3,New Customers,Welcome onboarding campaign to drive 2nd purchase
10860,29,16,2353.9,5,5,5,Champions,"VIP rewards, early access to new collections"
10861,220,10,1080.51,1,5,5,At Risk,High-value win-back offer with targeted discount
10862,183,5,394.47,1,4,3,At Risk,High-value win-back offer with targeted discount
10863,75,3,138.8,3,2,2,Lost Customers,Low-cost automated re-engagement email
10864,46,3,600.06,4,2,4,New Customers,Welcome onboarding campaign to drive 2nd purchase
10865,14,5,1341.61,5,4,5,Champions,"VIP rewards, early access to new collections"
10866,97,4,212.79,2,3,2,Lost Customers,Low-cost automated re-engagement email
10867,43,9,528.62,4,5,4,Champions,"VIP rewards, early access to new collections"
10868,66,5,832.75,3,4,4,Loyal Customers,"Cross-sell complimentary products, points incentive"
10869,207,2,209.29,1,1,2,Lost Customers,Low-cost automated re-engagement email
10870,41,2,303.95,4,1,3,New Customers,Welcome onboarding campaign to drive 2nd purchase
10871,94,8,919.06,2,5,5,At Risk,High-value win-back offer with targeted discount
10872,115,2,253.38,2,1,2,Lost Customers,Low-cost automated re-engagement email
10873,153,3,187.19,1,2,2,Lost Customers,Low-cost automated re-engagement email
10874,62,3,44.72,3,2,1,Lost Customers,Low-cost automated re-engagement email
10875,57,2,214.25,3,1,2,Lost Customers,Low-cost automated re-engagement email
10876,56,5,837.46,4,4,4,Champions,"VIP rewards, early access to new collections"
10877,88,4,465.7,2,3,4,At Risk,High-value win-back offer with targeted discount
10878,178,2,92.0,1,1,1,Lost Customers,Low-cost automated re-engagement email
10879,54,18,962.42,4,5,5,Champions,"VIP rewards, early access to new collections"
10880,4,1,821.71,5,1,4,New Customers,Welcome onboarding campaign to drive 2nd purchase
10881,124,2,247.09,1,1,2,Lost Customers,Low-cost automated re-engagement email
10882,71,3,32.64,3,2,1,Lost Customers,Low-cost automated re-engagement email
10883,98,2,107.38,2,1,1,Lost Customers,Low-cost automated re-engagement email
10884,15,21,1554.93,5,5,5,Champions,"VIP rewards, early access to new collections"
10885,43,21,620.17,4,5,4,Champions,"VIP rewards, early access to new collections"
10886,117,2,160.18,2,1,2,Lost Customers,Low-cost automated re-engagement email
10887,21,10,577.64,5,5,4,Champions,"VIP rewards, early access to new collections"
10888,94,6,644.21,2,4,4,At Risk,High-value win-back offer with targeted discount
10889,65,13,905.63,3,5,5,Loyal Customers,"Cross-sell complimentary products, points incentive"
10890,36,4,191.76,4,3,2,Lost Customers,Low-cost automated re-engagement email
10891,33,5,331.79,5,4,3,Loyal Customers,"Cross-sell complimentary products, points incentive"
10892,27,11,2122.28,5,5,5,Champions,"VIP rewards, early access to new collections"
10893,70,10,953.61,3,5,5,Loyal Customers,"Cross-sell complimentary products, points incentive"
10894,77,4,296.67,3,3,3,Loyal Customers,"Cross-sell complimentary products, points incentive"
10895,50,2,246.97,4,1,2,New Customers,Welcome onboarding campaign to drive 2nd purchase
10896,26,2,179.78,5,1,2,New Customers,Welcome onboarding campaign to drive 2nd purchase
10897,92,1,33.25,2,1,1,Lost Customers,Low-cost automated re-engagement email
10898,126,7,1168.88,1,4,5,At Risk,High-value win-back offer with targeted discount
10899,105,4,205.28,2,3,2,Lost Customers,Low-cost automated re-engagement email
10900,240,5,330.68,1,4,3,At Risk,High-value win-back offer with targeted discount
10901,58,4,92.21,3,3,1,Lost Customers,Low-cost automated re-engagement email
10902,166,2,377.25,1,1,3,Lost Customers,Low-cost automated re-engagement email
10903,39,5,503.53,4,4,4,Champions,"VIP rewards, early access to new collections"
10904,34,6,697.94,5,4,4,Champions,"VIP rewards, early access to new collections"
10905,74,2,374.49,3,1,3,Lost Customers,Low-cost automated re-engagement email
10906,191,4,754.79,1,3,4,At Risk,High-value win-back offer with targeted discount
10907,53,2,95.51,4,1,1,New Customers,Welcome onboarding campaign to drive 2nd purchase
10908,15,3,273.01,5,2,3,New Customers,Welcome onboarding campaign to drive 2nd purchase
10909,124,2,166.65,1,1,2,Lost Customers,Low-cost automated re-engagement email
10910,63,3,229.54,3,2,2,Lost Customers,Low-cost automated re-engagement email
10911,84,13,567.3,2,5,4,At Risk,High-value win-back offer with targeted discount
10912,35,3,973.73,4,2,5,New Customers,Welcome onboarding campaign to drive 2nd purchase
10913,73,2,448.49,3,1,3,Lost Customers,Low-cost automated re-engagement email
10914,17,3,402.5,5,2,3,New Customers,Welcome onboarding campaign to drive 2nd purchase
10915,218,3,915.74,1,2,5,Lost Customers,Low-cost automated re-engagement email
10916,140,14,1931.49,1,5,5,At Risk,High-value win-back offer with targeted discount
10917,71,11,753.78,3,5,4,Loyal Customers,"Cross-sell complimentary products, points incentive"
10918,122,3,184.8,1,2,2,Lost Customers,Low-cost automated re-engagement email
10919,39,2,254.75,4,1,2,New Customers,Welcome onboarding campaign to drive 2nd purchase
10920,136,1,26.04,1,1,1,Lost Customers,Low-cost automated re-engagement email
10921,51,2,392.75,4,1,3,New Customers,Welcome onboarding campaign to drive 2nd purchase
10922,48,1,20.79,4,1,1,New Customers,Welcome onboarding campaign to drive 2nd purchase
10923,29,7,1699.43,5,4,5,Champions,"VIP rewards, early access to new collections"
10924,92,10,1407.56,2,5,5,At Risk,High-value win-back offer with targeted discount
10925,68,3,1562.86,3,2,5,Lost Customers,Low-cost automated re-engagement email
10926,170,5,529.28,1,4,4,At Risk,High-value win-back offer with targeted discount
10927,26,2,324.9,5,1,3,New Customers,Welcome onboarding campaign to drive 2nd purchase
10928,92,1,168.56,2,1,2,Lost Customers,Low-cost automated re-engagement email
10929,149,4,162.27,1,3,2,Lost Customers,Low-cost automated re-engagement email
10930,78,5,172.23,3,4,2,Lost Customers,Low-cost automated re-engagement email
10931,51,13,505.0,4,5,4,Champions,"VIP rewards, early access to new collections"
10932,76,18,1573.27,3,5,5,Loyal Customers,"Cross-sell complimentary products, points incentive"
10933,161,3,268.29,1,2,3,Lost Customers,Low-cost automated re-engagement email
10934,161,7,649.73,1,4,4,At Risk,High-value win-back offer with targeted discount
10935,61,5,702.17,3,4,4,Loyal Customers,"Cross-sell complimentary products, points incentive"
10936,159,4,184.52,1,3,2,Lost Customers,Low-cost automated re-engagement email
10937,66,4,766.16,3,3,4,Loyal Customers,"Cross-sell complimentary products, points incentive"
10938,121,3,397.85,2,2,3,Lost Customers,Low-cost automated re-engagement email
10939,100,4,1493.56,2,3,5,At Risk,High-value win-back offer with targeted discount
10940,49,13,1724.66,4,5,5,Champions,"VIP rewards, early access to new collections"
10941,30,4,338.25,5,3,3,Loyal Customers,"Cross-sell complimentary products, points incentive"
10942,152,14,8706.2,1,5,5,At Risk,High-value win-back offer with targeted discount
10943,181,2,166.93,1,1,2,Lost Customers,Low-cost automated re-engagement email
10944,90,1,116.81,2,1,1,Lost Customers,Low-cost automated re-engagement email
10945,66,3,399.29,3,2,3,Lost Customers,Low-cost automated re-engagement email
10946,23,2,416.17,5,1,3,New Customers,Welcome onboarding campaign to drive 2nd purchase
10947,149,2,194.44,1,1,2,Lost Customers,Low-cost automated re-engagement email
10948,83,10,10860.79,2,5,5,At Risk,High-value win-back offer with targeted discount
10949,55,2,107.47,4,1,1,New Customers,Welcome onboarding campaign to drive 2nd purchase
10950,123,6,2063.96,1,4,5,At Risk,High-value win-back offer with targeted discount
10951,19,17,410.38,5,5,3,Loyal Customers,"Cross-sell complimentary products, points incentive"
10952,28,2,74.22,5,1,1,New Customers,Welcome onboarding campaign to drive 2nd purchase
10953,38,3,66.55,4,2,1,New Customers,Welcome onboarding campaign to drive 2nd purchase
10954,97,10,391.46,2,5,3,At Risk,High-value win-back offer with targeted discount
10955,77,3,61.94,3,2,1,Lost Customers,Low-cost automated re-engagement email
10956,106,5,496.11,2,4,4,At Risk,High-value win-back offer with targeted discount
10957,142,6,241.81,1,4,2,Lost Customers,Low-cost automated re-engagement email
10958,108,4,1407.55,2,3,5,At Risk,High-value win-back offer with targeted discount
10959,221,3,424.54,1,2,3,Lost Customers,Low-cost automated re-engagement email
10960,142,2,191.16,1,1,2,Lost Customers,Low-cost automated re-engagement email
10961,61,2,228.68,3,1,2,Lost Customers,Low-cost automated re-engagement email
10962,43,6,966.03,4,4,5,Champions,"VIP rewards, early access to new collections"
10963,63,2,526.68,3,1,4,Lost Customers,Low-cost automated re-engagement email
10964,111,9,517.86,2,5,4,At Risk,High-value win-back offer with targeted discount
10965,47,12,584.91,4,5,4,Champions,"VIP rewards, early access to new collections"
10966,113,2,261.5,2,1,2,Lost Customers,Low-cost automated re-engagement email
10967,104,6,2216.78,2,4,5,At Risk,High-value win-back offer with targeted discount
10968,30,18,475.63,5,5,4,Champions,"VIP rewards, early access to new collections"
10969,140,2,257.86,1,1,2,Lost Customers,Low-cost automated re-engagement email
10970,88,9,2589.18,2,5,5,At Risk,High-value win-back offer with targeted discount
10971,214,6,939.96,1,4,5,At Risk,High-value win-back offer with targeted discount
10972,66,8,970.94,3,5,5,Loyal Customers,"Cross-sell complimentary products, points incentive"
10973,53,2,292.8,4,1,3,New Customers,Welcome onboarding campaign to drive 2nd purchase
10974,26,16,7299.98,5,5,5,Champions,"VIP rewards, early access to new collections"
10975,26,2,368.19,5,1,3,New Customers,Welcome onboarding campaign to drive 2nd purchase
10976,129,6,133.72,1,4,1,Lost Customers,Low-cost automated re-engagement email
10977,200,4,333.68,1,3,3,At Risk,High-value win-back offer with targeted discount
10978,62,6,584.39,3,4,4,Loyal Customers,"Cross-sell complimentary products, points incentive"
10979,59,2,453.24,3,1,3,Lost Customers,Low-cost automated re-engagement email
10980,71,2,194.05,3,1,2,Lost Customers,Low-cost automated re-engagement email
10981,147,5,456.62,1,4,3,At Risk,High-value win-back offer with targeted discount
10982,30,3,280.63,5,2,3,New Customers,Welcome onboarding campaign to drive 2nd purchase
10983,80,3,335.12,3,2,3,Lost Customers,Low-cost automated re-engagement email
10984,131,6,496.56,1,4,4,At Risk,High-value win-back offer with targeted discount
10985,97,2,123.46,2,1,1,Lost Customers,Low-cost automated re-engagement email
10986,2,9,709.3,5,5,4,Champions,"VIP rewards, early access to new collections"
10987,109,4,473.86,2,3,4,At Risk,High-value win-back offer with targeted discount
10988,97,7,1101.59,2,4,5,At Risk,High-value win-back offer with targeted discount
10989,166,6,6339.53,1,4,5,At Risk,High-value win-back offer with targeted discount
10990,190,6,163.28,1,4,2,Lost Customers,Low-cost automated re-engagement email
10991,161,2,305.4,1,1,3,Lost Customers,Low-cost automated re-engagement email
10992,71,9,3057.71,3,5,5,Loyal Customers,"Cross-sell complimentary products, points incentive"
10993,14,5,224.37,5,4,2,Lost Customers,Low-cost automated re-engagement email
10994,58,3,500.1,3,2,4,Lost Customers,Low-cost automated re-engagement email
10995,69,4,259.28,3,3,2,Lost Customers,Low-cost automated re-engagement email
10996,199,5,282.78,1,4,3,At Risk,High-value win-back offer with targeted discount
10997,36,4,186.14,4,3,2,Lost Customers,Low-cost automated re-engagement email
10998,20,6,497.77,5,4,4,Champions,"VIP rewards, early access to new collections"
10999,47,13,1042.7,4,5,5,Champions,"VIP rewards, early access to new collections"
11000,37,2,354.64,4,1,3,New Customers,Welcome onboarding campaign to drive 2nd purchase
11001,18,7,171.77,5,4,2,Lost Customers,Low-cost automated re-engagement email
11002,63,4,773.8,3,3,4,Loyal Customers,"Cross-sell complimentary products, points incentive"
11003,72,9,1706.56,3,5,5,Loyal Customers,"Cross-sell complimentary products, points incentive"
11004,17,13,1545.34,5,5,5,Champions,"VIP rewards, early access to new collections"
11005,52,4,2822.36,4,3,5,Loyal Customers,"Cross-sell complimentary products, points incentive"
11006,35,6,1639.0,4,4,5,Champions,"VIP rewards, early access to new collections"
11007,73,9,516.16,3,5,4,Loyal Customers,"Cross-sell complimentary products, points incentive"
11008,79,8,246.88,3,5,2,Lost Customers,Low-cost automated re-engagement email
11009,35,10,484.71,4,5,4,Champions,"VIP rewards, early access to new collections"
11010,140,3,160.09,1,2,2,Lost Customers,Low-cost automated re-engagement email
11011,68,3,52.1,3,2,1,Lost Customers,Low-cost automated re-engagement email
11012,37,2,280.9,4,1,3,New Customers,Welcome onboarding campaign to drive 2nd purchase
11013,16,3,82.78,5,2,1,New Customers,Welcome onboarding campaign to drive 2nd purchase
11014,82,4,444.08,3,3,3,Loyal Customers,"Cross-sell complimentary products, points incentive"
11015,97,3,628.09,2,2,4,Lost Customers,Low-cost automated re-engagement email
11016,45,5,1586.0,4,4,5,Champions,"VIP rewards, early access to new collections"
11017,75,6,430.73,3,4,3,Loyal Customers,"Cross-sell complimentary products, points incentive"
11018,190,4,188.98,1,3,2,Lost Customers,Low-cost automated re-engagement email
11019,125,5,1498.48,1,4,5,At Risk,High-value win-back offer with targeted discount
11020,6,7,2444.74,5,4,5,Champions,"VIP rewards, early access to new collections"
11021,36,2,332.79,4,1,3,New Customers,Welcome onboarding campaign to drive 2nd purchase
11022,61,8,386.34,3,5,3,Loyal Customers,"Cross-sell complimentary products, points incentive"
11023,71,3,82.54,3,2,1,Lost Customers,Low-cost automated re-engagement email
11024,76,11,2704.05,3,5,5,Loyal Customers,"Cross-sell complimentary products, points incentive"
11025,93,4,340.64,2,3,3,At Risk,High-value win-back offer with targeted discount
11026,62,4,1098.94,3,3,5,Loyal Customers,"Cross-sell complimentary products, points incentive"
11027,68,1,49.47,3,1,1,Lost Customers,Low-cost automated re-engagement email
11028,129,6,1464.97,1,4,5,At Risk,High-value win-back offer with targeted discount
11029,83,4,1277.99,2,3,5,At Risk,High-value win-back offer with targeted discount
11030,24,4,289.59,5,3,3,Loyal Customers,"Cross-sell complimentary products, points incentive"
11031,73,4,475.34,3,3,4,Loyal Customers,"Cross-sell complimentary products, points incentive"
11032,61,6,189.94,3,4,2,Lost Customers,Low-cost automated re-engagement email
11033,10,7,226.67,5,4,2,Lost Customers,Low-cost automated re-engagement email
11034,76,5,598.84,3,4,4,Loyal Customers,"Cross-sell complimentary products, points incentive"
11035,27,10,553.6,5,5,4,Champions,"VIP rewards, early access to new collections"
11036,131,2,223.58,1,1,2,Lost Customers,Low-cost automated re-engagement email
11037,92,3,312.96,2,2,3,Lost Customers,Low-cost automated re-engagement email
11038,23,5,809.72,5,4,4,Champions,"VIP rewards, early access to new collections"
11039,127,6,870.0,1,4,4,At Risk,High-value win-back offer with targeted discount
11040,168,6,1236.77,1,4,5,At Risk,High-value win-back offer with targeted discount
11041,55,2,220.85,4,1,2,New Customers,Welcome onboarding campaign to drive 2nd purchase
11042,60,2,237.39,3,1,2,Lost Customers,Low-cost automated re-engagement email
11043,118,3,269.55,2,2,3,Lost Customers,Low-cost automated re-engagement email
11044,160,1,231.54,1,1,2,Lost Customers,Low-cost automated re-engagement email
11045,13,5,2358.55,5,4,5,Champions,"VIP rewards, early access to new collections"
11046,25,4,706.97,5,3,4,Loyal Customers,"Cross-sell complimentary products, points incentive"
11047,48,2,281.71,4,1,3,New Customers,Welcome onboarding campaign to drive 2nd purchase
11048,52,3,222.07,4,2,2,New Customers,Welcome onboarding campaign to drive 2nd purchase
11049,116,4,448.08,2,3,3,At Risk,High-value win-back offer with targeted discount
11050,160,2,126.17,1,1,1,Lost Customers,Low-cost automated re-engagement email
11051,168,3,155.14,1,2,2,Lost Customers,Low-cost automated re-engagement email
11052,13,3,226.34,5,2,2,New Customers,Welcome onboarding campaign to drive 2nd purchase
11053,34,3,1351.91,5,2,5,New Customers,Welcome onboarding campaign to drive 2nd purchase
11054,41,3,250.22,4,2,2,New Customers,Welcome onboarding campaign to drive 2nd purchase
11055,33,10,3880.25,5,5,5,Champions,"VIP rewards, early access to new collections"
11056,92,8,300.22,2,5,3,At Risk,High-value win-back offer with targeted discount
11057,100,2,204.02,2,1,2,Lost Customers,Low-cost automated re-engagement email
11058,67,2,344.39,3,1,3,Lost Customers,Low-cost automated re-engagement email
11059,63,3,541.07,3,2,4,Lost Customers,Low-cost automated re-engagement email
11060,50,9,305.68,4,5,3,Loyal Customers,"Cross-sell complimentary products, points incentive"
11061,55,1,30.14,4,1,1,New Customers,Welcome onboarding campaign to drive 2nd purchase
11062,188,4,628.78,1,3,4,At Risk,High-value win-back offer with targeted discount
11063,110,3,164.13,2,2,2,Lost Customers,Low-cost automated re-engagement email
11064,51,9,1434.01,4,5,5,Champions,"VIP rewards, early access to new collections"
11065,62,8,2621.91,3,5,5,Loyal Customers,"Cross-sell complimentary products, points incentive"
11066,93,2,99.75,2,1,1,Lost Customers,Low-cost automated re-engagement email
11067,23,9,506.36,5,5,4,Champions,"VIP rewards, early access to new collections"
11068,75,1,14.53,3,1,1,Lost Customers,Low-cost automated re-engagement email
11069,106,6,1110.71,2,4,5,At Risk,High-value win-back offer with targeted discount
11070,97,6,3674.33,2,4,5,At Risk,High-value win-back offer with targeted discount
11071,34,13,380.99,5,5,3,Loyal Customers,"Cross-sell complimentary products, points incentive"
11072,40,4,1103.08,4,3,5,Loyal Customers,"Cross-sell complimentary products, points incentive"
11073,8,2,598.88,5,1,4,New Customers,Welcome onboarding campaign to drive 2nd purchase
11074,114,2,364.58,2,1,3,Lost Customers,Low-cost automated re-engagement email
11075,242,11,574.17,1,5,4,At Risk,High-value win-back offer with targeted discount
11076,30,13,940.0,5,5,5,Champions,"VIP rewards, early access to new collections"
11077,142,3,443.97,1,2,3,Lost Customers,Low-cost automated re-engagement email
11078,228,4,576.57,1,3,4,At Risk,High-value win-back offer with targeted discount
11079,46,10,718.47,4,5,4,Champions,"VIP rewards, early access to new collections"
11080,62,7,953.63,3,4,5,Loyal Customers,"Cross-sell complimentary products, points incentive"
11081,81,3,195.12,3,2,2,Lost Customers,Low-cost automated re-engagement email
11082,94,2,162.69,2,1,2,Lost Customers,Low-cost automated re-engagement email
11083,84,2,149.99,2,1,2,Lost Customers,Low-cost automated re-engagement email
11084,49,8,1929.05,4,5,5,Champions,"VIP rewards, early access to new collections"
11085,105,3,74.66,2,2,1,Lost Customers,Low-cost automated re-engagement email
11086,50,3,484.69,4,2,4,New Customers,Welcome onboarding campaign to drive 2nd purchase
11087,89,6,746.27,2,4,4,At Risk,High-value win-back offer with targeted discount
11088,66,4,46.71,3,3,1,Lost Customers,Low-cost automated re-engagement email
11089,11,5,985.71,5,4,5,Champions,"VIP rewards, early access to new collections"
11090,156,3,661.7,1,2,4,Lost Customers,Low-cost automated re-engagement email
11091,41,3,187.53,4,2,2,New Customers,Welcome onboarding campaign to drive 2nd purchase
11092,166,2,278.51,1,1,3,Lost Customers,Low-cost automated re-engagement email
11093,138,6,687.19,1,4,4,At Risk,High-value win-back offer with targeted discount
11094,79,4,2683.84,3,3,5,Loyal Customers,"Cross-sell complimentary products, points incentive"
11095,98,5,707.41,2,4,4,At Risk,High-value win-back offer with targeted discount
11096,106,2,198.01,2,1,2,Lost Customers,Low-cost automated re-engagement email
11097,57,6,1446.95,3,4,5,Loyal Customers,"Cross-sell complimentary products, points incentive"
11098,60,5,1912.87,3,4,5,Loyal Customers,"Cross-sell complimentary products, points incentive"
11099,103,6,3486.21,2,4,5,At Risk,High-value win-back offer with targeted discount
11100,66,5,262.86,3,4,2,Lost Customers,Low-cost automated re-engagement email
11101,49,5,662.64,4,4,4,Champions,"VIP rewards, early access to new collections"
11102,35,1,51.47,4,1,1,New Customers,Welcome onboarding campaign to drive 2nd purchase
11103,90,9,6543.74,2,5,5,At Risk,High-value win-back offer with targeted discount
11104,40,2,187.86,4,1,2,New Customers,Welcome onboarding campaign to drive 2nd purchase
11105,122,8,1704.13,1,5,5,At Risk,High-value win-back offer with targeted discount
11106,129,4,310.28,1,3,3,At Risk,High-value win-back offer with targeted discount
11107,97,1,141.06,2,1,2,Lost Customers,Low-cost automated re-engagement email
11108,112,4,70.88,2,3,1,Lost Customers,Low-cost automated re-engagement email
11109,98,1,229.56,2,1,2,Lost Customers,Low-cost automated re-engagement email
11110,118,9,2616.51,2,5,5,At Risk,High-value win-back offer with targeted discount
11111,114,3,158.43,2,2,2,Lost Customers,Low-cost automated re-engagement email
11112,87,2,35.31,2,1,1,Lost Customers,Low-cost automated re-engagement email
11113,139,6,2051.54,1,4,5,At Risk,High-value win-back offer with targeted discount
11114,59,4,1220.13,3,3,5,Loyal Customers,"Cross-sell complimentary products, points incentive"
11115,36,6,1100.68,4,4,5,Champions,"VIP rewards, early access to new collections"
11116,34,4,304.81,5,3,3,Loyal Customers,"Cross-sell complimentary products, points incentive"
11117,52,9,629.66,4,5,4,Champions,"VIP rewards, early access to new collections"
11118,9,3,897.17,5,2,4,New Customers,Welcome onboarding campaign to drive 2nd purchase
11119,79,1,67.45,3,1,1,Lost Customers,Low-cost automated re-engagement email
11120,107,2,207.44,2,1,2,Lost Customers,Low-cost automated re-engagement email
11121,128,5,447.95,1,4,3,At Risk,High-value win-back offer with targeted discount
11122,14,2,241.85,5,1,2,New Customers,Welcome onboarding campaign to drive 2nd purchase
11123,35,10,817.27,4,5,4,Champions,"VIP rewards, early access to new collections"
11124,120,2,181.61,2,1,2,Lost Customers,Low-cost automated re-engagement email
11125,58,8,3611.23,3,5,5,Loyal Customers,"Cross-sell complimentary products, points incentive"
11126,106,3,433.06,2,2,3,Lost Customers,Low-cost automated re-engagement email
11127,21,10,1270.27,5,5,5,Champions,"VIP rewards, early access to new collections"
11128,165,5,942.97,1,4,5,At Risk,High-value win-back offer with targeted discount
11129,20,4,131.55,5,3,1,Lost Customers,Low-cost automated re-engagement email
11130,77,6,1349.66,3,4,5,Loyal Customers,"Cross-sell complimentary products, points incentive"
11131,79,9,1064.01,3,5,5,Loyal Customers,"Cross-sell complimentary products, points incentive"
11132,45,4,206.63,4,3,2,Lost Customers,Low-cost automated re-engagement email
11133,95,1,82.55,2,1,1,Lost Customers,Low-cost automated re-engagement email
11134,97,9,1309.07,2,5,5,At Risk,High-value win-back offer with targeted discount
11135,90,3,291.83,2,2,3,Lost Customers,Low-cost automated re-engagement email
11136,44,26,6220.74,4,5,5,Champions,"VIP rewards, early access to new collections"
11137,37,3,137.31,4,2,2,New Customers,Welcome onboarding campaign to drive 2nd purchase
11138,48,3,98.11,4,2,1,New Customers,Welcome onboarding campaign to drive 2nd purchase
11139,33,7,317.38,5,4,3,Loyal Customers,"Cross-sell complimentary products, points incentive"
11140,143,7,435.81,1,4,3,At Risk,High-value win-back offer with targeted discount
11141,52,5,507.85,4,4,4,Champions,"VIP rewards, early access to new collections"
11142,76,3,200.4,3,2,2,Lost Customers,Low-cost automated re-engagement email
11143,119,2,61.85,2,1,1,Lost Customers,Low-cost automated re-engagement email
11144,32,2,53.27,5,1,1,New Customers,Welcome onboarding campaign to drive 2nd purchase
11145,19,1,28.49,5,1,1,New Customers,Welcome onboarding campaign to drive 2nd purchase
11146,33,18,1249.95,5,5,5,Champions,"VIP rewards, early access to new collections"
11147,82,2,86.76,3,1,1,Lost Customers,Low-cost automated re-engagement email
11148,78,3,191.17,3,2,2,Lost Customers,Low-cost automated re-engagement email
11149,89,6,1783.83,2,4,5,At Risk,High-value win-back offer with targeted discount
11150,62,4,125.66,3,3,1,Lost Customers,Low-cost automated re-engagement email
11151,4,3,353.63,5,2,3,New Customers,Welcome onboarding campaign to drive 2nd purchase
11152,60,3,92.97,3,2,1,Lost Customers,Low-cost automated re-engagement email
11153,130,3,81.22,1,2,1,Lost Customers,Low-cost automated re-engagement email
11154,154,3,377.2,1,2,3,Lost Customers,Low-cost automated re-engagement email
11155,72,5,826.24,3,4,4,Loyal Customers,"Cross-sell complimentary products, points incentive"
11156,78,2,366.24,3,1,3,Lost Customers,Low-cost automated re-engagement email
11157,104,8,1957.28,2,5,5,At Risk,High-value win-back offer with targeted discount
11158,151,4,306.97,1,3,3,At Risk,High-value win-back offer with targeted discount
11159,67,3,345.88,3,2,3,Lost Customers,Low-cost automated re-engagement email
11160,103,3,190.91,2,2,2,Lost Customers,Low-cost automated re-engagement email
11161,43,9,2593.78,4,5,5,Champions,"VIP rewards, early access to new collections"
11162,22,7,277.47,5,4,3,Loyal Customers,"Cross-sell complimentary products, points incentive"
11163,46,5,706.39,4,4,4,Champions,"VIP rewards, early access to new collections"
11164,174,3,103.54,1,2,1,Lost Customers,Low-cost automated re-engagement email
11165,105,6,596.3,2,4,4,At Risk,High-value win-back offer with targeted discount
11166,24,4,84.82,5,3,1,Lost Customers,Low-cost automated re-engagement email
11167,108,14,1545.33,2,5,5,At Risk,High-value win-back offer with targeted discount
11168,26,4,2128.13,5,3,5,Loyal Customers,"Cross-sell complimentary products, points incentive"
11169,89,13,707.8,2,5,4,At Risk,High-value win-back offer with targeted discount
11170,31,4,289.51,5,3,3,Loyal Customers,"Cross-sell complimentary products, points incentive"
11171,23,2,392.75,5,1,3,New Customers,Welcome onboarding campaign to drive 2nd purchase
11172,193,47,4404.1,1,5,5,At Risk,High-value win-back offer with targeted discount
11173,52,2,540.8,4,1,4,New Customers,Welcome onboarding campaign to drive 2nd purchase
11174,103,1,128.28,2,1,1,Lost Customers,Low-cost automated re-engagement email
11175,69,1,197.94,3,1,2,Lost Customers,Low-cost automated re-engagement email
11176,28,30,455.43,5,5,3,Loyal Customers,"Cross-sell complimentary products, points incentive"
11177,56,19,1857.89,4,5,5,Champions,"VIP rewards, early access to new collections"
11178,28,4,132.85,5,3,1,Lost Customers,Low-cost automated re-engagement email
11179,285,5,315.45,1,4,3,At Risk,High-value win-back offer with targeted discount
11180,116,5,664.01,2,4,4,At Risk,High-value win-back offer with targeted discount
11181,68,1,73.21,3,1,1,Lost Customers,Low-cost automated re-engagement email
11182,100,11,488.88,2,5,4,At Risk,High-value win-back offer with targeted discount
11183,111,10,2783.12,2,5,5,At Risk,High-value win-back offer with targeted discount
11184,112,2,445.7,2,1,3,Lost Customers,Low-cost automated re-engagement email
11185,108,5,130.94,2,4,1,Lost Customers,Low-cost automated re-engagement email
11186,103,4,715.17,2,3,4,At Risk,High-value win-back offer with targeted discount
11187,73,3,314.75,3,2,3,Lost Customers,Low-cost automated re-engagement email
11188,183,2,222.6,1,1,2,Lost Customers,Low-cost automated re-engagement email
11189,76,4,1460.14,3,3,5,Loyal Customers,"Cross-sell complimentary products, points incentive"
11190,70,3,310.45,3,2,3,Lost Customers,Low-cost automated re-engagement email
11191,77,8,1369.52,3,5,5,Loyal Customers,"Cross-sell complimentary products, points incentive"
11192,81,4,436.56,3,3,3,Loyal Customers,"Cross-sell complimentary products, points incentive"
11193,14,2,219.36,5,1,2,New Customers,Welcome onboarding campaign to drive 2nd purchase
11194,33,4,156.57,5,3,2,Lost Customers,Low-cost automated re-engagement email
11195,62,3,2458.04,3,2,5,Lost Customers,Low-cost automated re-engagement email
11196,13,3,16.96,5,2,1,New Customers,Welcome onboarding campaign to drive 2nd purchase
11197,68,6,281.11,3,4,3,Loyal Customers,"Cross-sell complimentary products, points incentive"
11198,80,3,173.94,3,2,2,Lost Customers,Low-cost automated re-engagement email
11199,21,3,611.66,5,2,4,New Customers,Welcome onboarding campaign to drive 2nd purchase
11200,40,2,50.57,4,1,1,New Customers,Welcome onboarding campaign to drive 2nd purchase
11201,158,4,307.43,1,3,3,At Risk,High-value win-back offer with targeted discount
11202,100,9,1644.88,2,5,5,At Risk,High-value win-back offer with targeted discount
11203,96,4,120.33,2,3,1,Lost Customers,Low-cost automated re-engagement email
11204,145,3,238.73,1,2,2,Lost Customers,Low-cost automated re-engagement email
11205,33,2,154.76,5,1,2,New Customers,Welcome onboarding campaign to drive 2nd purchase
11206,21,1,52.55,5,1,1,New Customers,Welcome onboarding campaign to drive 2nd purchase
11207,132,9,837.39,1,5,4,At Risk,High-value win-back offer with targeted discount
11208,63,5,306.88,3,4,3,Loyal Customers,"Cross-sell complimentary products, points incentive"
11209,33,7,1505.34,5,4,5,Champions,"VIP rewards, early access to new collections"
11210,14,5,724.79,5,4,4,Champions,"VIP rewards, early access to new collections"
11211,77,2,152.51,3,1,2,Lost Customers,Low-cost automated re-engagement email
11212,58,3,286.55,3,2,3,Lost Customers,Low-cost automated re-engagement email
11213,50,3,190.27,4,2,2,New Customers,Welcome onboarding campaign to drive 2nd purchase
11214,6,3,899.38,5,2,4,New Customers,Welcome onboarding campaign to drive 2nd purchase
11215,182,3,405.7,1,2,3,Lost Customers,Low-cost automated re-engagement email
11216,17,9,714.27,5,5,4,Champions,"VIP rewards, early access to new collections"
11217,54,17,2270.88,4,5,5,Champions,"VIP rewards, early access to new collections"
11218,47,2,985.4,4,1,5,New Customers,Welcome onboarding campaign to drive 2nd purchase
11219,102,3,145.72,2,2,2,Lost Customers,Low-cost automated re-engagement email
11220,14,4,798.23,5,3,4,Loyal Customers,"Cross-sell complimentary products, points incentive"
11221,94,2,261.38,2,1,2,Lost Customers,Low-cost automated re-engagement email
11222,77,4,296.42,3,3,3,Loyal Customers,"Cross-sell complimentary products, points incentive"
11223,38,5,233.4,4,4,2,Lost Customers,Low-cost automated re-engagement email
11224,92,4,780.2,2,3,4,At Risk,High-value win-back offer with targeted discount
11225,68,6,701.67,3,4,4,Loyal Customers,"Cross-sell complimentary products, points incentive"
11226,210,4,1320.43,1,3,5,At Risk,High-value win-back offer with targeted discount
11227,58,1,257.54,3,1,2,Lost Customers,Low-cost automated re-engagement email
11228,29,2,235.93,5,1,2,New Customers,Welcome onboarding campaign to drive 2nd purchase
11229,95,11,517.02,2,5,4,At Risk,High-value win-back offer with targeted discount
11230,52,6,3431.1,4,4,5,Champions,"VIP rewards, early access to new collections"
11231,67,1,51.55,3,1,1,Lost Customers,Low-cost automated re-engagement email
11232,21,1,190.09,5,1,2,New Customers,Welcome onboarding campaign to drive 2nd purchase
11233,104,6,109.64,2,4,1,Lost Customers,Low-cost automated re-engagement email
11234,46,3,1110.1,4,2,5,New Customers,Welcome onboarding campaign to drive 2nd purchase
11235,82,1,14.43,3,1,1,Lost Customers,Low-cost automated re-engagement email
11236,245,8,543.08,1,5,4,At Risk,High-value win-back offer with targeted discount
11237,55,6,207.64,4,4,2,Lost Customers,Low-cost automated re-engagement email
11238,113,2,632.14,2,1,4,Lost Customers,Low-cost automated re-engagement email
11239,58,9,415.41,3,5,3,Loyal Customers,"Cross-sell complimentary products, points incentive"
11240,39,2,289.76,4,1,3,New Customers,Welcome onboarding campaign to drive 2nd purchase
11241,161,3,343.39,1,2,3,Lost Customers,Low-cost automated re-engagement email
11242,10,3,73.56,5,2,1,New Customers,Welcome onboarding campaign to drive 2nd purchase
11243,134,1,227.26,1,1,2,Lost Customers,Low-cost automated re-engagement email
11244,8,5,443.66,5,4,3,Loyal Customers,"Cross-sell complimentary products, points incentive"
11245,125,6,2097.79,1,4,5,At Risk,High-value win-back offer with targeted discount
11246,68,3,469.07,3,2,4,Lost Customers,Low-cost automated re-engagement email
11247,29,6,272.53,5,4,3,Loyal Customers,"Cross-sell complimentary products, points incentive"
11248,48,1,75.11,4,1,1,New Customers,Welcome onboarding campaign to drive 2nd purchase
11249,109,6,439.26,2,4,3,At Risk,High-value win-back offer with targeted discount
11250,230,5,906.54,1,4,5,At Risk,High-value win-back offer with targeted discount
11251,15,2,352.07,5,1,3,New Customers,Welcome onboarding campaign to drive 2nd purchase
11252,31,5,245.56,5,4,2,Lost Customers,Low-cost automated re-engagement email
11253,19,2,422.25,5,1,3,New Customers,Welcome onboarding campaign to drive 2nd purchase
11254,58,9,1168.13,3,5,5,Loyal Customers,"Cross-sell complimentary products, points incentive"
11255,127,6,986.55,1,4,5,At Risk,High-value win-back offer with targeted discount
11256,17,5,717.29,5,4,4,Champions,"VIP rewards, early access to new collections"
11257,67,3,569.48,3,2,4,Lost Customers,Low-cost automated re-engagement email
11258,124,7,272.16,1,4,3,At Risk,High-value win-back offer with targeted discount
11259,48,9,961.31,4,5,5,Champions,"VIP rewards, early access to new collections"
11260,78,13,2897.57,3,5,5,Loyal Customers,"Cross-sell complimentary products, points incentive"
11261,154,3,737.13,1,2,4,Lost Customers,Low-cost automated re-engagement email
11262,26,7,1717.58,5,4,5,Champions,"VIP rewards, early access to new collections"
11263,11,11,446.11,5,5,3,Loyal Customers,"Cross-sell complimentary products, points incentive"
11264,85,3,1752.91,2,2,5,Lost Customers,Low-cost automated re-engagement email
11265,87,11,4848.73,2,5,5,At Risk,High-value win-back offer with targeted discount
11266,45,4,165.23,4,3,2,Lost Customers,Low-cost automated re-engagement email
11267,38,2,137.56,4,1,2,New Customers,Welcome onboarding campaign to drive 2nd purchase
11268,69,2,333.55,3,1,3,Lost Customers,Low-cost automated re-engagement email
11269,25,2,94.05,5,1,1,New Customers,Welcome onboarding campaign to drive 2nd purchase
11270,25,4,607.8,5,3,4,Loyal Customers,"Cross-sell complimentary products, points incentive"
11271,109,3,326.74,2,2,3,Lost Customers,Low-cost automated re-engagement email
11272,24,4,1148.39,5,3,5,Loyal Customers,"Cross-sell complimentary products, points incentive"
11273,12,10,1325.22,5,5,5,Champions,"VIP rewards, early access to new collections"
11274,38,4,57.91,4,3,1,Lost Customers,Low-cost automated re-engagement email
11275,46,3,586.98,4,2,4,New Customers,Welcome onboarding campaign to drive 2nd purchase
11276,94,3,816.71,2,2,4,Lost Customers,Low-cost automated re-engagement email
11277,41,1,85.05,4,1,1,New Customers,Welcome onboarding campaign to drive 2nd purchase
11278,171,6,616.99,1,4,4,At Risk,High-value win-back offer with targeted discount
11279,72,3,309.39,3,2,3,Lost Customers,Low-cost automated re-engagement email
11280,34,4,212.62,5,3,2,Lost Customers,Low-cost automated re-engagement email
11281,91,3,2492.8,2,2,5,Lost Customers,Low-cost automated re-engagement email
11282,169,4,178.06,1,3,2,Lost Customers,Low-cost automated re-engagement email
11283,107,2,415.01,2,1,3,Lost Customers,Low-cost automated re-engagement email
11284,16,4,826.59,5,3,4,Loyal Customers,"Cross-sell complimentary products, points incentive"
11285,49,3,178.85,4,2,2,New Customers,Welcome onboarding campaign to drive 2nd purchase
11286,81,4,155.02,3,3,2,Lost Customers,Low-cost automated re-engagement email
11287,104,2,163.58,2,1,2,Lost Customers,Low-cost automated re-engagement email
11288,58,5,843.03,3,4,4,Loyal Customers,"Cross-sell complimentary products, points incentive"
11289,52,4,474.57,4,3,4,Loyal Customers,"Cross-sell complimentary products, points incentive"
11290,209,2,922.8,1,1,5,Lost Customers,Low-cost automated re-engagement email
11291,108,8,424.35,2,5,3,At Risk,High-value win-back offer with targeted discount
11292,91,3,162.64,2,2,2,Lost Customers,Low-cost automated re-engagement email
11293,42,3,597.12,4,2,4,New Customers,Welcome onboarding campaign to drive 2nd purchase
11294,25,7,140.39,5,4,2,Lost Customers,Low-cost automated re-engagement email
11295,93,8,433.82,2,5,3,At Risk,High-value win-back offer with targeted discount
11296,116,3,240.1,2,2,2,Lost Customers,Low-cost automated re-engagement email
11297,67,4,355.48,3,3,3,Loyal Customers,"Cross-sell complimentary products, points incentive"
11298,108,6,342.01,2,4,3,At Risk,High-value win-back offer with targeted discount
11299,110,10,174.31,2,5,2,Lost Customers,Low-cost automated re-engagement email
11300,121,4,1286.28,2,3,5,At Risk,High-value win-back offer with targeted discount
11301,15,5,1533.31,5,4,5,Champions,"VIP rewards, early access to new collections"
11302,50,2,40.25,4,1,1,New Customers,Welcome onboarding campaign to drive 2nd purchase
11303,97,1,165.08,2,1,2,Lost Customers,Low-cost automated re-engagement email
11304,70,6,478.27,3,4,4,Loyal Customers,"Cross-sell complimentary products, points incentive"
11305,110,2,297.87,2,1,3,Lost Customers,Low-cost automated re-engagement email
11306,91,2,231.76,2,1,2,Lost Customers,Low-cost automated re-engagement email
11307,6,6,145.51,5,4,2,Lost Customers,Low-cost automated re-engagement email
11308,141,3,555.82,1,2,4,Lost Customers,Low-cost automated re-engagement email
11309,45,4,219.1,4,3,2,Lost Customers,Low-cost automated re-engagement email
11310,32,2,17.4,5,1,1,New Customers,Welcome onboarding campaign to drive 2nd purchase
11311,138,2,215.39,1,1,2,Lost Customers,Low-cost automated re-engagement email
11312,104,13,286.6,2,5,3,At Risk,High-value win-back offer with targeted discount
11313,151,2,504.44,1,1,4,Lost Customers,Low-cost automated re-engagement email
11314,82,3,207.83,3,2,2,Lost Customers,Low-cost automated re-engagement email
11315,50,5,483.22,4,4,4,Champions,"VIP rewards, early access to new collections"
11316,75,2,287.4,3,1,3,Lost Customers,Low-cost automated re-engagement email
11317,27,10,989.33,5,5,5,Champions,"VIP rewards, early access to new collections"
11318,19,4,211.53,5,3,2,Lost Customers,Low-cost automated re-engagement email
11319,40,3,746.38,4,2,4,New Customers,Welcome onboarding campaign to drive 2nd purchase
11320,182,8,653.11,1,5,4,At Risk,High-value win-back offer with targeted discount
11321,43,7,229.1,4,4,2,Lost Customers,Low-cost automated re-engagement email
11322,12,17,2105.94,5,5,5,Champions,"VIP rewards, early access to new collections"
11323,59,3,251.18,3,2,2,Lost Customers,Low-cost automated re-engagement email
11324,43,20,1763.53,4,5,5,Champions,"VIP rewards, early access to new collections"
11325,143,6,604.82,1,4,4,At Risk,High-value win-back offer with targeted discount
11326,173,13,1230.69,1,5,5,At Risk,High-value win-back offer with targeted discount
11327,48,8,2673.59,4,5,5,Champions,"VIP rewards, early access to new collections"
11328,82,2,87.55,3,1,1,Lost Customers,Low-cost automated re-engagement email
11329,87,2,27.67,2,1,1,Lost Customers,Low-cost automated re-engagement email
11330,65,1,90.06,3,1,1,Lost Customers,Low-cost automated re-engagement email
11331,56,1,190.31,4,1,2,New Customers,Welcome onboarding campaign to drive 2nd purchase
11332,30,3,66.08,5,2,1,New Customers,Welcome onboarding campaign to drive 2nd purchase
11333,10,10,1249.71,5,5,5,Champions,"VIP rewards, early access to new collections"
11334,30,3,76.15,5,2,1,New Customers,Welcome onboarding campaign to drive 2nd purchase
11335,63,2,384.73,3,1,3,Lost Customers,Low-cost automated re-engagement email
11336,17,6,545.37,5,4,4,Champions,"VIP rewards, early access to new collections"
11337,78,2,81.55,3,1,1,Lost Customers,Low-cost automated re-engagement email
11338,71,15,318.9,3,5,3,Loyal Customers,"Cross-sell complimentary products, points incentive"
11339,43,3,1922.89,4,2,5,New Customers,Welcome onboarding campaign to drive 2nd purchase
11340,54,7,5017.21,4,4,5,Champions,"VIP rewards, early access to new collections"
11341,20,3,102.25,5,2,1,New Customers,Welcome onboarding campaign to drive 2nd purchase
11342,120,4,133.48,2,3,1,Lost Customers,Low-cost automated re-engagement email
11343,118,9,869.92,2,5,4,At Risk,High-value win-back offer with targeted discount
11344,24,4,254.49,5,3,2,Lost Customers,Low-cost automated re-engagement email
11345,24,11,738.35,5,5,4,Champions,"VIP rewards, early access to new collections"
11346,30,2,232.41,5,1,2,New Customers,Welcome onboarding campaign to drive 2nd purchase
11347,100,2,1011.43,2,1,5,Lost Customers,Low-cost automated re-engagement email
11348,86,1,306.71,2,1,3,Lost Customers,Low-cost automated re-engagement email
11349,137,10,674.76,1,5,4,At Risk,High-value win-back offer with targeted discount
11350,148,7,1206.9,1,4,5,At Risk,High-value win-back offer with targeted discount
11351,15,3,51.23,5,2,1,New Customers,Welcome onboarding campaign to drive 2nd purchase
11352,97,5,508.64,2,4,4,At Risk,High-value win-back offer with targeted discount
11353,144,8,581.99,1,5,4,At Risk,High-value win-back offer with targeted discount
11354,51,3,642.73,4,2,4,New Customers,Welcome onboarding campaign to drive 2nd purchase
11355,66,1,157.55,3,1,2,Lost Customers,Low-cost automated re-engagement email
11356,59,1,118.87,3,1,1,Lost Customers,Low-cost automated re-engagement email
11357,61,2,272.43,3,1,3,Lost Customers,Low-cost automated re-engagement email
11358,120,4,243.74,2,3,2,Lost Customers,Low-cost automated re-engagement email
11359,204,2,430.1,1,1,3,Lost Customers,Low-cost automated re-engagement email
11360,167,8,1089.6,1,5,5,At Risk,High-value win-back offer with targeted discount
11361,44,2,155.57,4,1,2,New Customers,Welcome onboarding campaign to drive 2nd purchase
11362,82,2,196.77,3,1,2,Lost Customers,Low-cost automated re-engagement email
11363,34,1,192.42,5,1,2,New Customers,Welcome onboarding campaign to drive 2nd purchase
11364,37,3,628.56,4,2,4,New Customers,Welcome onboarding campaign to drive 2nd purchase
11365,64,4,264.62,3,3,3,Loyal Customers,"Cross-sell complimentary products, points incentive"
11366,37,8,322.18,4,5,3,Loyal Customers,"Cross-sell complimentary products, points incentive"
11367,41,4,238.94,4,3,2,Lost Customers,Low-cost automated re-engagement email
11368,80,7,437.99,3,4,3,Loyal Customers,"Cross-sell complimentary products, points incentive"
11369,96,8,804.62,2,5,4,At Risk,High-value win-back offer with targeted discount
11370,95,5,1322.28,2,4,5,At Risk,High-value win-back offer with targeted discount
11371,95,2,117.88,2,1,1,Lost Customers,Low-cost automated re-engagement email
11372,22,5,638.2,5,4,4,Champions,"VIP rewards, early access to new collections"
11373,35,11,838.9,4,5,4,Champions,"VIP rewards, early access to new collections"
11374,69,3,274.74,3,2,3,Lost Customers,Low-cost automated re-engagement email
11375,139,6,709.4,1,4,4,At Risk,High-value win-back offer with targeted discount
11376,279,6,1592.71,1,4,5,At Risk,High-value win-back offer with targeted discount
11377,84,3,337.38,2,2,3,Lost Customers,Low-cost automated re-engagement email
11378,112,8,70.53,2,5,1,Lost Customers,Low-cost automated re-engagement email
11379,19,3,225.75,5,2,2,New Customers,Welcome onboarding campaign to drive 2nd purchase
11380,110,5,1847.58,2,4,5,At Risk,High-value win-back offer with targeted discount
11381,232,3,754.83,1,2,4,Lost Customers,Low-cost automated re-engagement email
11382,35,4,733.52,4,3,4,Loyal Customers,"Cross-sell complimentary products, points incentive"
11383,43,8,2081.5,4,5,5,Champions,"VIP rewards, early access to new collections"
11384,122,1,188.98,1,1,2,Lost Customers,Low-cost automated re-engagement email
11385,68,6,1534.12,3,4,5,Loyal Customers,"Cross-sell complimentary products, points incentive"
11386,9,6,197.55,5,4,2,Lost Customers,Low-cost automated re-engagement email
11387,45,3,255.89,4,2,2,New Customers,Welcome onboarding campaign to drive 2nd purchase
11388,173,4,411.21,1,3,3,At Risk,High-value win-back offer with targeted discount
11389,54,2,189.01,4,1,2,New Customers,Welcome onboarding campaign to drive 2nd purchase
11390,54,2,107.1,4,1,1,New Customers,Welcome onboarding campaign to drive 2nd purchase
11391,117,5,513.44,2,4,4,At Risk,High-value win-back offer with targeted discount
11392,86,28,545.66,2,5,4,At Risk,High-value win-back offer with targeted discount
11393,51,6,812.09,4,4,4,Champions,"VIP rewards, early access to new collections"
11394,40,2,98.17,4,1,1,New Customers,Welcome onboarding campaign to drive 2nd purchase
11395,365,7,88.9,1,4,1,Lost Customers,Low-cost automated re-engagement email
11396,154,6,548.19,1,4,4,At Risk,High-value win-back offer with targeted discount
11397,95,1,362.6,2,1,3,Lost Customers,Low-cost automated re-engagement email
11398,100,3,48.8,2,2,1,Lost Customers,Low-cost automated re-engagement email
11399,61,3,216.99,3,2,2,Lost Customers,Low-cost automated re-engagement email
11400,86,4,83.63,2,3,1,Lost Customers,Low-cost automated re-engagement email
11401,56,4,453.79,4,3,3,Loyal Customers,"Cross-sell complimentary products, points incentive"
11402,32,4,788.58,5,3,4,Loyal Customers,"Cross-sell complimentary products, points incentive"
11403,88,2,86.91,2,1,1,Lost Customers,Low-cost automated re-engagement email
11404,52,3,184.45,4,2,2,New Customers,Welcome onboarding campaign to drive 2nd purchase
11405,91,3,236.23,2,2,2,Lost Customers,Low-cost automated re-engagement email
11406,104,9,2471.78,2,5,5,At Risk,High-value win-back offer with targeted discount
11407,95,2,51.15,2,1,1,Lost Customers,Low-cost automated re-engagement email
11408,30,3,179.49,5,2,2,New Customers,Welcome onboarding campaign to drive 2nd purchase
11409,48,3,1110.15,4,2,5,New Customers,Welcome onboarding campaign to drive 2nd purchase
11410,53,12,561.32,4,5,4,Champions,"VIP rewards, early access to new collections"
11411,131,6,378.69,1,4,3,At Risk,High-value win-back offer with targeted discount
11412,127,2,211.72,1,1,2,Lost Customers,Low-cost automated re-engagement email
11413,37,5,3655.15,4,4,5,Champions,"VIP rewards, early access to new collections"
11414,21,2,65.86,5,1,1,New Customers,Welcome onboarding campaign to drive 2nd purchase
11415,287,5,888.26,1,4,4,At Risk,High-value win-back offer with targeted discount
11416,92,10,309.07,2,5,3,At Risk,High-value win-back offer with targeted discount
11417,18,1,36.35,5,1,1,New Customers,Welcome onboarding campaign to drive 2nd purchase
11418,42,2,113.41,4,1,1,New Customers,Welcome onboarding campaign to drive 2nd purchase
11419,135,4,547.11,1,3,4,At Risk,High-value win-back offer with targeted discount
11420,244,3,164.65,1,2,2,Lost Customers,Low-cost automated re-engagement email
11421,218,4,405.82,1,3,3,At Risk,High-value win-back offer with targeted discount
11422,89,4,188.77,2,3,2,Lost Customers,Low-cost automated re-engagement email
11423,67,1,96.87,3,1,1,Lost Customers,Low-cost automated re-engagement email
11424,27,6,167.98,5,4,2,Lost Customers,Low-cost automated re-engagement email
11425,72,2,57.26,3,1,1,Lost Customers,Low-cost automated re-engagement email
11426,31,4,226.81,5,3,2,Lost Customers,Low-cost automated re-engagement email
11427,48,3,468.06,4,2,4,New Customers,Welcome onboarding campaign to drive 2nd purchase
11428,122,23,2464.91,1,5,5,At Risk,High-value win-back offer with targeted discount
11429,56,4,179.35,4,3,2,Lost Customers,Low-cost automated re-engagement email
11430,53,5,162.56,4,4,2,Lost Customers,Low-cost automated re-engagement email
11431,65,6,1369.48,3,4,5,Loyal Customers,"Cross-sell complimentary products, points incentive"
11432,315,5,1535.11,1,4,5,At Risk,High-value win-back offer with targeted discount
11433,25,4,568.64,5,3,4,Loyal Customers,"Cross-sell complimentary products, points incentive"
11434,83,2,247.93,2,1,2,Lost Customers,Low-cost automated re-engagement email
11435,205,4,52.58,1,3,1,Lost Customers,Low-cost automated re-engagement email
11436,64,1,153.59,3,1,2,Lost Customers,Low-cost automated re-engagement email
11437,152,5,1879.97,1,4,5,At Risk,High-value win-back offer with targeted discount
11438,20,35,8269.59,5,5,5,Champions,"VIP rewards, early access to new collections"
11439,57,4,900.14,3,3,4,Loyal Customers,"Cross-sell complimentary products, points incentive"
11440,34,5,101.46,5,4,1,Lost Customers,Low-cost automated re-engagement email
11441,64,1,47.76,3,1,1,Lost Customers,Low-cost automated re-engagement email
11442,65,2,158.03,3,1,2,Lost Customers,Low-cost automated re-engagement email
11443,70,7,332.1,3,4,3,Loyal Customers,"Cross-sell complimentary products, points incentive"
11444,121,2,63.39,2,1,1,Lost Customers,Low-cost automated re-engagement email
11445,5,2,262.53,5,1,2,New Customers,Welcome onboarding campaign to drive 2nd purchase
11446,40,6,1324.55,4,4,5,Champions,"VIP rewards, early access to new collections"
11447,79,7,179.32,3,4,2,Lost Customers,Low-cost automated re-engagement email
11448,10,4,916.37,5,3,5,Loyal Customers,"Cross-sell complimentary products, points incentive"
11449,105,4,440.2,2,3,3,At Risk,High-value win-back offer with targeted discount
11450,40,4,1551.57,4,3,5,Loyal Customers,"Cross-sell complimentary products, points incentive"
11451,58,2,368.15,3,1,3,Lost Customers,Low-cost automated re-engagement email
11452,125,4,404.72,1,3,3,At Risk,High-value win-back offer with targeted discount
11453,157,5,509.48,1,4,4,At Risk,High-value win-back offer with targeted discount
11454,107,4,360.76,2,3,3,At Risk,High-value win-back offer with targeted discount
11455,24,1,462.53,5,1,3,New Customers,Welcome onboarding campaign to drive 2nd purchase
11456,103,12,1873.86,2,5,5,At Risk,High-value win-back offer with targeted discount
11457,108,2,129.28,2,1,1,Lost Customers,Low-cost automated re-engagement email
11458,94,4,601.03,2,3,4,At Risk,High-value win-back offer with targeted discount
11459,174,5,684.66,1,4,4,At Risk,High-value win-back offer with targeted discount
11460,72,3,184.58,3,2,2,Lost Customers,Low-cost automated re-engagement email
11461,170,5,215.14,1,4,2,Lost Customers,Low-cost automated re-engagement email
11462,169,2,521.6,1,1,4,Lost Customers,Low-cost automated re-engagement email
11463,110,19,1350.57,2,5,5,At Risk,High-value win-back offer with targeted discount
11464,84,3,202.74,2,2,2,Lost Customers,Low-cost automated re-engagement email
11465,94,7,1063.74,2,4,5,At Risk,High-value win-back offer with targeted discount
11466,199,2,112.97,1,1,1,Lost Customers,Low-cost automated re-engagement email
11467,139,6,663.5,1,4,4,At Risk,High-value win-back offer with targeted discount
11468,27,2,127.86,5,1,1,New Customers,Welcome onboarding campaign to drive 2nd purchase
11469,90,2,17.67,2,1,1,Lost Customers,Low-cost automated re-engagement email
11470,32,2,254.9,5,1,2,New Customers,Welcome onboarding campaign to drive 2nd purchase
11471,39,2,227.87,4,1,2,New Customers,Welcome onboarding campaign to drive 2nd purchase
11472,50,4,495.09,4,3,4,Loyal Customers,"Cross-sell complimentary products, points incentive"
11473,18,34,472.66,5,5,4,Champions,"VIP rewards, early access to new collections"
11474,30,30,800.78,5,5,4,Champions,"VIP rewards, early access to new collections"
11475,180,3,768.84,1,2,4,Lost Customers,Low-cost automated re-engagement email
11476,39,8,769.66,4,5,4,Champions,"VIP rewards, early access to new collections"
11477,122,2,32.75,1,1,1,Lost Customers,Low-cost automated re-engagement email
11478,76,1,97.14,3,1,1,Lost Customers,Low-cost automated re-engagement email
11479,100,4,87.66,2,3,1,Lost Customers,Low-cost automated re-engagement email
11480,103,6,322.4,2,4,3,At Risk,High-value win-back offer with targeted discount
11481,29,7,791.66,5,4,4,Champions,"VIP rewards, early access to new collections"
11482,121,8,905.93,2,5,5,At Risk,High-value win-back offer with targeted discount
11483,22,3,668.33,5,2,4,New Customers,Welcome onboarding campaign to drive 2nd purchase
11484,37,4,547.32,4,3,4,Loyal Customers,"Cross-sell complimentary products, points incentive"
11485,102,7,1013.7,2,4,5,At Risk,High-value win-back offer with targeted discount
11486,27,9,574.73,5,5,4,Champions,"VIP rewards, early access to new collections"
11487,9,2,83.75,5,1,1,New Customers,Welcome onboarding campaign to drive 2nd purchase
11488,87,4,376.28,2,3,3,At Risk,High-value win-back offer with targeted discount
11489,15,6,1352.68,5,4,5,Champions,"VIP rewards, early access to new collections"
11490,109,4,757.29,2,3,4,At Risk,High-value win-back offer with targeted discount
11491,53,3,225.34,4,2,2,New Customers,Welcome onboarding campaign to drive 2nd purchase
11492,86,4,341.25,2,3,3,At Risk,High-value win-back offer with targeted discount
11493,85,6,239.75,2,4,2,Lost Customers,Low-cost automated re-engagement email
11494,114,2,507.05,2,1,4,Lost Customers,Low-cost automated re-engagement email
11495,104,2,770.28,2,1,4,Lost Customers,Low-cost automated re-engagement email
11496,27,18,2406.11,5,5,5,Champions,"VIP rewards, early access to new collections"
11497,55,4,82.61,4,3,1,Lost Customers,Low-cost automated re-engagement email
11498,86,8,1320.15,2,5,5,At Risk,High-value win-back offer with targeted discount
11499,172,4,1596.18,1,3,5,At Risk,High-value win-back offer with targeted discount
11500,105,8,263.17,2,5,3,At Risk,High-value win-back offer with targeted discount
11501,162,4,770.9,1,3,4,At Risk,High-value win-back offer with targeted discount
11502,89,6,456.03,2,4,3,At Risk,High-value win-back offer with targeted discount
11503,141,2,551.48,1,1,4,Lost Customers,Low-cost automated re-engagement email
11504,81,1,31.75,3,1,1,Lost Customers,Low-cost automated re-engagement email
11505,137,3,182.79,1,2,2,Lost Customers,Low-cost automated re-engagement email
11506,51,2,43.9,4,1,1,New Customers,Welcome onboarding campaign to drive 2nd purchase
11507,185,1,122.19,1,1,1,Lost Customers,Low-cost automated re-engagement email
11508,96,5,740.43,2,4,4,At Risk,High-value win-back offer with targeted discount
11509,18,1,122.68,5,1,1,New Customers,Welcome onboarding campaign to drive 2nd purchase
11510,88,8,452.73,2,5,3,At Risk,High-value win-back offer with targeted discount
11511,105,11,666.76,2,5,4,At Risk,High-value win-back offer with targeted discount
11512,124,2,134.11,1,1,1,Lost Customers,Low-cost automated re-engagement email
11513,228,5,998.47,1,4,5,At Risk,High-value win-back offer with targeted discount
11514,44,15,365.28,4,5,3,Loyal Customers,"Cross-sell complimentary products, points incentive"
11515,229,3,198.76,1,2,2,Lost Customers,Low-cost automated re-engagement email
11516,67,6,143.55,3,4,2,Lost Customers,Low-cost automated re-engagement email
11517,36,23,1432.51,4,5,5,Champions,"VIP rewards, early access to new collections"
11518,45,1,88.87,4,1,1,New Customers,Welcome onboarding campaign to drive 2nd purchase
11519,101,2,1192.21,2,1,5,Lost Customers,Low-cost automated re-engagement email
11520,31,6,296.14,5,4,3,Loyal Customers,"Cross-sell complimentary products, points incentive"
11521,51,19,4310.47,4,5,5,Champions,"VIP rewards, early access to new collections"
11522,86,2,38.62,2,1,1,Lost Customers,Low-cost automated re-engagement email
11523,184,24,2239.19,1,5,5,At Risk,High-value win-back offer with targeted discount
11524,122,4,372.47,1,3,3,At Risk,High-value win-back offer with targeted discount
11525,69,1,176.04,3,1,2,Lost Customers,Low-cost automated re-engagement email
11526,100,12,660.71,2,5,4,At Risk,High-value win-back offer with targeted discount
11527,80,3,133.25,3,2,1,Lost Customers,Low-cost automated re-engagement email
11528,24,5,69.22,5,4,1,Lost Customers,Low-cost automated re-engagement email
11529,205,1,121.26,1,1,1,Lost Customers,Low-cost automated re-engagement email
11530,186,2,101.02,1,1,1,Lost Customers,Low-cost automated re-engagement email
11531,63,2,453.07,3,1,3,Lost Customers,Low-cost automated re-engagement email
11532,46,1,142.68,4,1,2,New Customers,Welcome onboarding campaign to drive 2nd purchase
11533,24,4,1046.54,5,3,5,Loyal Customers,"Cross-sell complimentary products, points incentive"
11534,105,6,246.06,2,4,2,Lost Customers,Low-cost automated re-engagement email
11535,105,3,324.63,2,2,3,Lost Customers,Low-cost automated re-engagement email
11536,34,2,213.6,5,1,2,New Customers,Welcome onboarding campaign to drive 2nd purchase
11537,81,2,115.2,3,1,1,Lost Customers,Low-cost automated re-engagement email
11538,119,5,1362.08,2,4,5,At Risk,High-value win-back offer with targeted discount
11539,44,4,727.42,4,3,4,Loyal Customers,"Cross-sell complimentary products, points incentive"
11540,58,5,2799.24,3,4,5,Loyal Customers,"Cross-sell complimentary products, points incentive"
11541,57,12,2018.47,3,5,5,Loyal Customers,"Cross-sell complimentary products, points incentive"
11542,36,6,2903.74,4,4,5,Champions,"VIP rewards, early access to new collections"
11543,58,5,2370.75,3,4,5,Loyal Customers,"Cross-sell complimentary products, points incentive"
11544,15,23,1330.22,5,5,5,Champions,"VIP rewards, early access to new collections"
11545,55,3,71.95,4,2,1,New Customers,Welcome onboarding campaign to drive 2nd purchase
11546,55,23,9446.71,4,5,5,Champions,"VIP rewards, early access to new collections"
11547,64,11,1848.88,3,5,5,Loyal Customers,"Cross-sell complimentary products, points incentive"
11548,95,3,431.71,2,2,3,Lost Customers,Low-cost automated re-engagement email
11549,22,7,420.79,5,4,3,Loyal Customers,"Cross-sell complimentary products, points incentive"
11550,27,3,386.08,5,2,3,New Customers,Welcome onboarding campaign to drive 2nd purchase
11551,35,2,449.66,4,1,3,New Customers,Welcome onboarding campaign to drive 2nd purchase
11552,20,4,651.33,5,3,4,Loyal Customers,"Cross-sell complimentary products, points incentive"
11553,103,2,103.62,2,1,1,Lost Customers,Low-cost automated re-engagement email
11554,42,5,1803.62,4,4,5,Champions,"VIP rewards, early access to new collections"
11555,66,7,705.04,3,4,4,Loyal Customers,"Cross-sell complimentary products, points incentive"
11556,32,3,497.64,5,2,4,New Customers,Welcome onboarding campaign to drive 2nd purchase
11557,50,4,767.25,4,3,4,Loyal Customers,"Cross-sell complimentary products, points incentive"
11558,84,4,2452.47,2,3,5,At Risk,High-value win-back offer with targeted discount
11559,87,7,915.0,2,4,5,At Risk,High-value win-back offer with targeted discount
11560,28,4,343.52,5,3,3,Loyal Customers,"Cross-sell complimentary products, points incentive"
11561,63,3,1511.64,3,2,5,Lost Customers,Low-cost automated re-engagement email
11562,33,7,1708.04,5,4,5,Champions,"VIP rewards, early access to new collections"
11563,61,4,474.27,3,3,4,Loyal Customers,"Cross-sell complimentary products, points incentive"
11564,39,1,112.03,4,1,1,New Customers,Welcome onboarding campaign to drive 2nd purchase
11565,214,3,46.27,1,2,1,Lost Customers,Low-cost automated re-engagement email
11566,119,3,249.61,2,2,2,Lost Customers,Low-cost automated re-engagement email
11567,90,4,101.91,2,3,1,Lost Customers,Low-cost automated re-engagement email
11568,54,4,32.58,4,3,1,Lost Customers,Low-cost automated re-engagement email
11569,121,1,52.65,2,1,1,Lost Customers,Low-cost automated re-engagement email
11570,64,2,51.93,3,1,1,Lost Customers,Low-cost automated re-engagement email
11571,200,2,130.79,1,1,1,Lost Customers,Low-cost automated re-engagement email
11572,129,4,475.11,1,3,4,At Risk,High-value win-back offer with targeted discount
11573,50,8,1138.74,4,5,5,Champions,"VIP rewards, early access to new collections"
11574,185,1,81.58,1,1,1,Lost Customers,Low-cost automated re-engagement email
11575,54,2,56.44,4,1,1,New Customers,Welcome onboarding campaign to drive 2nd purchase
11576,222,4,322.87,1,3,3,At Risk,High-value win-back offer with targeted discount
11577,191,2,68.99,1,1,1,Lost Customers,Low-cost automated re-engagement email
11578,84,4,1273.24,2,3,5,At Risk,High-value win-back offer with targeted discount
11579,16,6,472.9,5,4,4,Champions,"VIP rewards, early access to new collections"
11580,79,2,64.58,3,1,1,Lost Customers,Low-cost automated re-engagement email
11581,25,5,174.78,5,4,2,Lost Customers,Low-cost automated re-engagement email
11582,40,4,362.33,4,3,3,Loyal Customers,"Cross-sell complimentary products, points incentive"
11583,43,2,189.71,4,1,2,New Customers,Welcome onboarding campaign to drive 2nd purchase
11584,25,3,226.88,5,2,2,New Customers,Welcome onboarding campaign to drive 2nd purchase
11585,79,5,1100.87,3,4,5,Loyal Customers,"Cross-sell complimentary products, points incentive"
11586,37,11,416.72,4,5,3,Loyal Customers,"Cross-sell complimentary products, points incentive"
11587,56,13,2887.62,4,5,5,Champions,"VIP rewards, early access to new collections"
11588,43,3,248.16,4,2,2,New Customers,Welcome onboarding campaign to drive 2nd purchase
11589,95,3,586.93,2,2,4,Lost Customers,Low-cost automated re-engagement email
11590,91,4,205.05,2,3,2,Lost Customers,Low-cost automated re-engagement email
11591,53,3,543.98,4,2,4,New Customers,Welcome onboarding campaign to drive 2nd purchase
11592,99,9,391.87,2,5,3,At Risk,High-value win-back offer with targeted discount
11593,153,4,1585.9,1,3,5,At Risk,High-value win-back offer with targeted discount
11594,7,4,335.06,5,3,3,Loyal Customers,"Cross-sell complimentary products, points incentive"
11595,41,6,366.51,4,4,3,Loyal Customers,"Cross-sell complimentary products, points incentive"
11596,30,4,125.2,5,3,1,Lost Customers,Low-cost automated re-engagement email
11597,38,5,523.83,4,4,4,Champions,"VIP rewards, early access to new collections"
11598,6,5,393.73,5,4,3,Loyal Customers,"Cross-sell complimentary products, points incentive"
11599,7,3,81.07,5,2,1,New Customers,Welcome onboarding campaign to drive 2nd purchase
11600,45,2,92.8,4,1,1,New Customers,Welcome onboarding campaign to drive 2nd purchase
11601,44,14,217.08,4,5,2,Lost Customers,Low-cost automated re-engagement email
11602,168,2,65.13,1,1,1,Lost Customers,Low-cost automated re-engagement email
11603,75,13,1047.64,3,5,5,Loyal Customers,"Cross-sell complimentary products, points incentive"
11604,97,5,618.74,2,4,4,At Risk,High-value win-back offer with targeted discount
11605,373,3,201.79,1,2,2,Lost Customers,Low-cost automated re-engagement email
11606,202,6,825.65,1,4,4,At Risk,High-value win-back offer with targeted discount
11607,65,7,265.91,3,4,3,Loyal Customers,"Cross-sell complimentary products, points incentive"
11608,48,14,1878.9,4,5,5,Champions,"VIP rewards, early access to new collections"
11609,42,2,167.95,4,1,2,New Customers,Welcome onboarding campaign to drive 2nd purchase
11610,86,3,224.35,2,2,2,Lost Customers,Low-cost automated re-engagement email
11611,48,10,897.29,4,5,4,Champions,"VIP rewards, early access to new collections"
11612,24,7,367.45,5,4,3,Loyal Customers,"Cross-sell complimentary products, points incentive"
11613,43,5,113.13,4,4,1,Lost Customers,Low-cost automated re-engagement email
11614,87,11,386.54,2,5,3,At Risk,High-value win-back offer with targeted discount
11615,109,3,75.79,2,2,1,Lost Customers,Low-cost automated re-engagement email
11616,215,1,73.33,1,1,1,Lost Customers,Low-cost automated re-engagement email
11617,72,3,499.22,3,2,4,Lost Customers,Low-cost automated re-engagement email
11618,159,17,5816.69,1,5,5,At Risk,High-value win-back offer with targeted discount
11619,58,5,297.19,3,4,3,Loyal Customers,"Cross-sell complimentary products, points incentive"
11620,64,2,155.78,3,1,2,Lost Customers,Low-cost automated re-engagement email
11621,61,10,4899.69,3,5,5,Loyal Customers,"Cross-sell complimentary products, points incentive"
11622,79,7,438.54,3,4,3,Loyal Customers,"Cross-sell complimentary products, points incentive"
11623,123,4,204.85,1,3,2,Lost Customers,Low-cost automated re-engagement email
11624,46,6,480.29,4,4,4,Champions,"VIP rewards, early access to new collections"
11625,31,2,122.87,5,1,1,New Customers,Welcome onboarding campaign to drive 2nd purchase
11626,130,3,146.63,1,2,2,Lost Customers,Low-cost automated re-engagement email
11627,123,4,101.42,1,3,1,Lost Customers,Low-cost automated re-engagement email
11628,176,8,3019.37,1,5,5,At Risk,High-value win-back offer with targeted discount
11629,41,3,443.3,4,2,3,New Customers,Welcome onboarding campaign to drive 2nd purchase
11630,56,4,1542.41,4,3,5,Loyal Customers,"Cross-sell complimentary products, points incentive"
11631,133,11,2338.17,1,5,5,At Risk,High-value win-back offer with targeted discount
11632,46,26,2373.54,4,5,5,Champions,"VIP rewards, early access to new collections"
11633,106,2,40.05,2,1,1,Lost Customers,Low-cost automated re-engagement email
11634,58,4,158.87,3,3,2,Lost Customers,Low-cost automated re-engagement email
11635,85,1,65.77,2,1,1,Lost Customers,Low-cost automated re-engagement email
11636,24,4,151.23,5,3,2,Lost Customers,Low-cost automated re-engagement email
11637,72,3,52.51,3,2,1,Lost Customers,Low-cost automated re-engagement email
11638,151,10,403.74,1,5,3,At Risk,High-value win-back offer with targeted discount
11639,116,2,151.18,2,1,2,Lost Customers,Low-cost automated re-engagement email
11640,29,2,753.01,5,1,4,New Customers,Welcome onboarding campaign to drive 2nd purchase
11641,204,12,589.4,1,5,4,At Risk,High-value win-back offer with targeted discount
11642,145,3,487.09,1,2,4,Lost Customers,Low-cost automated re-engagement email
11643,25,4,149.49,5,3,2,Lost Customers,Low-cost automated re-engagement email
11644,43,5,367.78,4,4,3,Loyal Customers,"Cross-sell complimentary products, points incentive"
11645,26,2,174.55,5,1,2,New Customers,Welcome onboarding campaign to drive 2nd purchase
11646,87,2,759.97,2,1,4,Lost Customers,Low-cost automated re-engagement email
11647,42,9,73.26,4,5,1,Lost Customers,Low-cost automated re-engagement email
11648,9,6,260.22,5,4,2,Lost Customers,Low-cost automated re-engagement email
11649,64,4,449.67,3,3,3,Loyal Customers,"Cross-sell complimentary products, points incentive"
11650,126,3,393.4,1,2,3,Lost Customers,Low-cost automated re-engagement email
11651,73,5,156.03,3,4,2,Lost Customers,Low-cost automated re-engagement email
11652,99,5,434.75,2,4,3,At Risk,High-value win-back offer with targeted discount
11653,78,10,910.64,3,5,5,Loyal Customers,"Cross-sell complimentary products, points incentive"
11654,113,4,1353.86,2,3,5,At Risk,High-value win-back offer with targeted discount
11655,83,5,542.96,2,4,4,At Risk,High-value win-back offer with targeted discount
11656,61,6,475.39,3,4,4,Loyal Customers,"Cross-sell complimentary products, points incentive"
11657,72,6,286.69,3,4,3,Loyal Customers,"Cross-sell complimentary products, points incentive"
11658,180,11,1710.87,1,5,5,At Risk,High-value win-back offer with targeted discount
11659,103,4,286.27,2,3,3,At Risk,High-value win-back offer with targeted discount
11660,29,3,162.17,5,2,2,New Customers,Welcome onboarding campaign to drive 2nd purchase
11661,71,3,111.78,3,2,1,Lost Customers,Low-cost automated re-engagement email
11662,86,6,413.46,2,4,3,At Risk,High-value win-back offer with targeted discount
11663,59,4,675.16,3,3,4,Loyal Customers,"Cross-sell complimentary products, points incentive"
11664,9,21,1191.25,5,5,5,Champions,"VIP rewards, early access to new collections"
11665,32,4,371.4,5,3,3,Loyal Customers,"Cross-sell complimentary products, points incentive"
11666,48,2,109.06,4,1,1,New Customers,Welcome onboarding campaign to drive 2nd purchase
11667,220,5,524.69,1,4,4,At Risk,High-value win-back offer with targeted discount
11668,96,12,1164.27,2,5,5,At Risk,High-value win-back offer with targeted discount
11669,15,2,88.65,5,1,1,New Customers,Welcome onboarding campaign to drive 2nd purchase
11670,62,2,380.62,3,1,3,Lost Customers,Low-cost automated re-engagement email
11671,162,3,72.83,1,2,1,Lost Customers,Low-cost automated re-engagement email
11672,41,2,500.12,4,1,4,New Customers,Welcome onboarding campaign to drive 2nd purchase
11673,136,2,242.11,1,1,2,Lost Customers,Low-cost automated re-engagement email
11674,15,1,152.79,5,1,2,New Customers,Welcome onboarding campaign to drive 2nd purchase
11675,2,4,81.51,5,3,1,Lost Customers,Low-cost automated re-engagement email
11676,150,6,515.86,1,4,4,At Risk,High-value win-back offer with targeted discount
11677,46,2,715.87,4,1,4,New Customers,Welcome onboarding campaign to drive 2nd purchase
11678,49,4,315.92,4,3,3,Loyal Customers,"Cross-sell complimentary products, points incentive"
11679,77,4,404.87,3,3,3,Loyal Customers,"Cross-sell complimentary products, points incentive"
11680,93,2,64.29,2,1,1,Lost Customers,Low-cost automated re-engagement email
11681,4,7,172.56,5,4,2,Lost Customers,Low-cost automated re-engagement email
11682,39,4,443.03,4,3,3,Loyal Customers,"Cross-sell complimentary products, points incentive"
11683,70,6,293.38,3,4,3,Loyal Customers,"Cross-sell complimentary products, points incentive"
11684,93,6,328.11,2,4,3,At Risk,High-value win-back offer with targeted discount
11685,29,24,2286.84,5,5,5,Champions,"VIP rewards, early access to new collections"
11686,57,2,333.91,3,1,3,Lost Customers,Low-cost automated re-engagement email
11687,41,2,288.96,4,1,3,New Customers,Welcome onboarding campaign to drive 2nd purchase
11688,79,13,1280.03,3,5,5,Loyal Customers,"Cross-sell complimentary products, points incentive"
11689,147,6,1200.12,1,4,5,At Risk,High-value win-back offer with targeted discount
11690,51,4,921.33,4,3,5,Loyal Customers,"Cross-sell complimentary products, points incentive"
11691,18,3,239.89,5,2,2,New Customers,Welcome onboarding campaign to drive 2nd purchase
11692,37,3,1212.08,4,2,5,New Customers,Welcome onboarding campaign to drive 2nd purchase
11693,203,3,101.5,1,2,1,Lost Customers,Low-cost automated re-engagement email
11694,32,2,45.31,5,1,1,New Customers,Welcome onboarding campaign to drive 2nd purchase
11695,22,8,2501.13,5,5,5,Champions,"VIP rewards, early access to new collections"
11696,49,1,47.94,4,1,1,New Customers,Welcome onboarding campaign to drive 2nd purchase
11697,62,2,16.25,3,1,1,Lost Customers,Low-cost automated re-engagement email
11698,43,3,201.4,4,2,2,New Customers,Welcome onboarding campaign to drive 2nd purchase
11699,16,19,5167.99,5,5,5,Champions,"VIP rewards, early access to new collections"
11700,85,4,273.03,2,3,3,At Risk,High-value win-back offer with targeted discount
11701,79,5,91.08,3,4,1,Lost Customers,Low-cost automated re-engagement email
11702,110,2,138.73,2,1,2,Lost Customers,Low-cost automated re-engagement email
11703,78,7,533.14,3,4,4,Loyal Customers,"Cross-sell complimentary products, points incentive"
11704,192,36,2394.78,1,5,5,At Risk,High-value win-back offer with targeted discount
11705,116,5,235.62,2,4,2,Lost Customers,Low-cost automated re-engagement email
11706,100,3,147.54,2,2,2,Lost Customers,Low-cost automated re-engagement email
11707,150,1,173.29,1,1,2,Lost Customers,Low-cost automated re-engagement email
11708,75,6,320.5,3,4,3,Loyal Customers,"Cross-sell complimentary products, points incentive"
11709,58,2,208.18,3,1,2,Lost Customers,Low-cost automated re-engagement email
11710,84,2,207.52,2,1,2,Lost Customers,Low-cost automated re-engagement email
11711,9,7,361.86,5,4,3,Loyal Customers,"Cross-sell complimentary products, points incentive"
11712,75,3,137.2,3,2,2,Lost Customers,Low-cost automated re-engagement email
11713,62,4,383.47,3,3,3,Loyal Customers,"Cross-sell complimentary products, points incentive"
11714,91,7,142.43,2,4,2,Lost Customers,Low-cost automated re-engagement email
11715,137,2,1083.15,1,1,5,Lost Customers,Low-cost automated re-engagement email
11716,102,2,107.52,2,1,1,Lost Customers,Low-cost automated re-engagement email
11717,37,5,316.67,4,4,3,Loyal Customers,"Cross-sell complimentary products, points incentive"
11718,122,7,1222.71,1,4,5,At Risk,High-value win-back offer with targeted discount
11719,194,3,231.78,1,2,2,Lost Customers,Low-cost automated re-engagement email
11720,139,3,185.45,1,2,2,Lost Customers,Low-cost automated re-engagement email
11721,20,2,54.03,5,1,1,New Customers,Welcome onboarding campaign to drive 2nd purchase
11722,101,6,591.98,2,4,4,At Risk,High-value win-back offer with targeted discount
11723,23,16,880.45,5,5,4,Champions,"VIP rewards, early access to new collections"
11724,54,7,4101.52,4,4,5,Champions,"VIP rewards, early access to new collections"
11725,89,4,299.32,2,3,3,At Risk,High-value win-back offer with targeted discount
11726,81,6,70.21,3,4,1,Lost Customers,Low-cost automated re-engagement email
11727,137,2,423.39,1,1,3,Lost Customers,Low-cost automated re-engagement email
11728,194,5,182.99,1,4,2,Lost Customers,Low-cost automated re-engagement email
11729,96,2,198.1,2,1,2,Lost Customers,Low-cost automated re-engagement email
11730,50,4,1274.98,4,3,5,Loyal Customers,"Cross-sell complimentary products, points incentive"
11731,9,8,545.4,5,5,4,Champions,"VIP rewards, early access to new collections"
11732,161,7,524.09,1,4,4,At Risk,High-value win-back offer with targeted discount
11733,63,6,1252.57,3,4,5,Loyal Customers,"Cross-sell complimentary products, points incentive"
11734,65,5,1623.69,3,4,5,Loyal Customers,"Cross-sell complimentary products, points incentive"
11735,69,2,159.1,3,1,2,Lost Customers,Low-cost automated re-engagement email
11736,93,4,2223.06,2,3,5,At Risk,High-value win-back offer with targeted discount
11737,95,7,131.79,2,4,1,Lost Customers,Low-cost automated re-engagement email
11738,54,3,119.85,4,2,1,New Customers,Welcome onboarding campaign to drive 2nd purchase
11739,62,3,175.71,3,2,2,Lost Customers,Low-cost automated re-engagement email
11740,41,3,698.87,4,2,4,New Customers,Welcome onboarding campaign to drive 2nd purchase
11741,37,3,332.3,4,2,3,New Customers,Welcome onboarding campaign to drive 2nd purchase
11742,37,2,98.06,4,1,1,New Customers,Welcome onboarding campaign to drive 2nd purchase
11743,62,4,130.7,3,3,1,Lost Customers,Low-cost automated re-engagement email
11744,31,3,70.42,5,2,1,New Customers,Welcome onboarding campaign to drive 2nd purchase
11745,2,2,286.5,5,1,3,New Customers,Welcome onboarding campaign to drive 2nd purchase
11746,50,27,1711.92,4,5,5,Champions,"VIP rewards, early access to new collections"
11747,22,2,448.58,5,1,3,New Customers,Welcome onboarding campaign to drive 2nd purchase
11748,73,3,74.32,3,2,1,Lost Customers,Low-cost automated re-engagement email
11749,40,4,528.88,4,3,4,Loyal Customers,"Cross-sell complimentary products, points incentive"
11750,94,3,259.93,2,2,2,Lost Customers,Low-cost automated re-engagement email
11751,24,4,207.29,5,3,2,Lost Customers,Low-cost automated re-engagement email
11752,11,2,110.64,5,1,1,New Customers,Welcome onboarding campaign to drive 2nd purchase
11753,62,6,592.53,3,4,4,Loyal Customers,"Cross-sell complimentary products, points incentive"
11754,48,4,350.0,4,3,3,Loyal Customers,"Cross-sell complimentary products, points incentive"
11755,20,6,242.08,5,4,2,Lost Customers,Low-cost automated re-engagement email
11756,116,11,1574.89,2,5,5,At Risk,High-value win-back offer with targeted discount
11757,28,3,798.85,5,2,4,New Customers,Welcome onboarding campaign to drive 2nd purchase
11758,35,7,505.93,4,4,4,Champions,"VIP rewards, early access to new collections"
11759,131,12,1823.31,1,5,5,At Risk,High-value win-back offer with targeted discount
11760,97,4,311.95,2,3,3,At Risk,High-value win-back offer with targeted discount
11761,25,6,4726.72,5,4,5,Champions,"VIP rewards, early access to new collections"
11762,52,3,273.45,4,2,3,New Customers,Welcome onboarding campaign to drive 2nd purchase
11763,22,9,1523.11,5,5,5,Champions,"VIP rewards, early access to new collections"
11764,125,3,772.13,1,2,4,Lost Customers,Low-cost automated re-engagement email
11765,125,6,303.38,1,4,3,At Risk,High-value win-back offer with targeted discount
11766,213,8,1359.45,1,5,5,At Risk,High-value win-back offer with targeted discount
11767,268,2,391.22,1,1,3,Lost Customers,Low-cost automated re-engagement email
11768,40,2,265.08,4,1,3,New Customers,Welcome onboarding campaign to drive 2nd purchase
11769,111,2,357.82,2,1,3,Lost Customers,Low-cost automated re-engagement email
11770,10,8,401.87,5,5,3,Loyal Customers,"Cross-sell complimentary products, points incentive"
11771,77,2,1243.53,3,1,5,Lost Customers,Low-cost automated re-engagement email
11772,92,5,51.98,2,4,1,Lost Customers,Low-cost automated re-engagement email
11773,29,6,253.32,5,4,2,Lost Customers,Low-cost automated re-engagement email
11774,38,4,108.02,4,3,1,Lost Customers,Low-cost automated re-engagement email
11775,125,10,4243.72,1,5,5,At Risk,High-value win-back offer with targeted discount
11776,93,1,80.01,2,1,1,Lost Customers,Low-cost automated re-engagement email
11777,196,6,230.8,1,4,2,Lost Customers,Low-cost automated re-engagement email
11778,181,3,156.58,1,2,2,Lost Customers,Low-cost automated re-engagement email
11779,13,1,22.82,5,1,1,New Customers,Welcome onboarding campaign to drive 2nd purchase
11780,44,2,316.66,4,1,3,New Customers,Welcome onboarding campaign to drive 2nd purchase
11781,26,12,2080.0,5,5,5,Champions,"VIP rewards, early access to new collections"
11782,114,6,709.78,2,4,4,At Risk,High-value win-back offer with targeted discount
11783,83,7,330.82,2,4,3,At Risk,High-value win-back offer with targeted discount
11784,28,8,2843.91,5,5,5,Champions,"VIP rewards, early access to new collections"
11785,32,2,363.88,5,1,3,New Customers,Welcome onboarding campaign to drive 2nd purchase
11786,155,5,93.62,1,4,1,Lost Customers,Low-cost automated re-engagement email
11787,48,8,604.87,4,5,4,Champions,"VIP rewards, early access to new collections"
11788,8,3,95.34,5,2,1,New Customers,Welcome onboarding campaign to drive 2nd purchase
11789,26,10,3385.65,5,5,5,Champions,"VIP rewards, early access to new collections"
11790,223,3,180.38,1,2,2,Lost Customers,Low-cost automated re-engagement email
11791,134,4,104.06,1,3,1,Lost Customers,Low-cost automated re-engagement email
11792,21,5,394.6,5,4,3,Loyal Customers,"Cross-sell complimentary products, points incentive"
11793,77,7,2635.28,3,4,5,Loyal Customers,"Cross-sell complimentary products, points incentive"
11794,128,3,587.95,1,2,4,Lost Customers,Low-cost automated re-engagement email
11795,13,8,450.45,5,5,3,Loyal Customers,"Cross-sell complimentary products, points incentive"
11796,138,5,384.84,1,4,3,At Risk,High-value win-back offer with targeted discount
11797,93,1,220.4,2,1,2,Lost Customers,Low-cost automated re-engagement email
11798,36,15,4737.37,4,5,5,Champions,"VIP rewards, early access to new collections"
11799,103,2,44.59,2,1,1,Lost Customers,Low-cost automated re-engagement email
11800,84,16,1653.79,2,5,5,At Risk,High-value win-back offer with targeted discount
11801,88,3,196.22,2,2,2,Lost Customers,Low-cost automated re-engagement email
11802,75,3,174.13,3,2,2,Lost Customers,Low-cost automated re-engagement email
11803,31,5,1506.08,5,4,5,Champions,"VIP rewards, early access to new collections"
11804,37,2,53.18,4,1,1,New Customers,Welcome onboarding campaign to drive 2nd purchase
11805,56,1,185.77,4,1,2,New Customers,Welcome onboarding campaign to drive 2nd purchase
11806,70,4,46.17,3,3,1,Lost Customers,Low-cost automated re-engagement email
11807,108,5,234.35,2,4,2,Lost Customers,Low-cost automated re-engagement email
11808,226,12,1113.52,1,5,5,At Risk,High-value win-back offer with targeted discount
11809,80,2,55.32,3,1,1,Lost Customers,Low-cost automated re-engagement email
11810,106,6,3925.19,2,4,5,At Risk,High-value win-back offer with targeted discount
11811,124,4,188.81,1,3,2,Lost Customers,Low-cost automated re-engagement email
11812,112,4,175.63,2,3,2,Lost Customers,Low-cost automated re-engagement email
11813,30,8,385.76,5,5,3,Loyal Customers,"Cross-sell complimentary products, points incentive"
11814,165,3,456.64,1,2,3,Lost Customers,Low-cost automated re-engagement email
11815,148,4,814.8,1,3,4,At Risk,High-value win-back offer with targeted discount
11816,74,8,485.44,3,5,4,Loyal Customers,"Cross-sell complimentary products, points incentive"
11817,32,8,957.6,5,5,5,Champions,"VIP rewards, early access to new collections"
11818,69,2,256.77,3,1,2,Lost Customers,Low-cost automated re-engagement email
11819,15,3,73.81,5,2,1,New Customers,Welcome onboarding campaign to drive 2nd purchase
11820,179,3,242.6,1,2,2,Lost Customers,Low-cost automated re-engagement email
11821,40,7,357.24,4,4,3,Loyal Customers,"Cross-sell complimentary products, points incentive"
11822,53,3,66.53,4,2,1,New Customers,Welcome onboarding campaign to drive 2nd purchase
11823,171,4,436.25,1,3,3,At Risk,High-value win-back offer with targeted discount
11824,157,10,2243.82,1,5,5,At Risk,High-value win-back offer with targeted discount
11825,86,3,280.93,2,2,3,Lost Customers,Low-cost automated re-engagement email
11826,197,11,97.85,1,5,1,Lost Customers,Low-cost automated re-engagement email
11827,29,1,59.67,5,1,1,New Customers,Welcome onboarding campaign to drive 2nd purchase
11828,86,3,120.83,2,2,1,Lost Customers,Low-cost automated re-engagement email
11829,30,2,893.29,5,1,4,New Customers,Welcome onboarding campaign to drive 2nd purchase
11830,142,4,265.35,1,3,3,At Risk,High-value win-back offer with targeted discount
11831,138,7,147.44,1,4,2,Lost Customers,Low-cost automated re-engagement email
11832,206,3,259.14,1,2,2,Lost Customers,Low-cost automated re-engagement email
11833,67,3,478.45,3,2,4,Lost Customers,Low-cost automated re-engagement email
11834,243,2,196.8,1,1,2,Lost Customers,Low-cost automated re-engagement email
11835,27,13,568.25,5,5,4,Champions,"VIP rewards, early access to new collections"
11836,64,4,238.29,3,3,2,Lost Customers,Low-cost automated re-engagement email
11837,28,3,537.86,5,2,4,New Customers,Welcome onboarding campaign to drive 2nd purchase
11838,78,12,1183.16,3,5,5,Loyal Customers,"Cross-sell complimentary products, points incentive"
11839,31,3,1671.05,5,2,5,New Customers,Welcome onboarding campaign to drive 2nd purchase
11840,142,2,196.65,1,1,2,Lost Customers,Low-cost automated re-engagement email
11841,95,2,45.51,2,1,1,Lost Customers,Low-cost automated re-engagement email
11842,25,2,150.42,5,1,2,New Customers,Welcome onboarding campaign to drive 2nd purchase
11843,120,2,108.44,2,1,1,Lost Customers,Low-cost automated re-engagement email
11844,188,2,44.52,1,1,1,Lost Customers,Low-cost automated re-engagement email
11845,101,23,2328.46,2,5,5,At Risk,High-value win-back offer with targeted discount
11846,19,2,123.58,5,1,1,New Customers,Welcome onboarding campaign to drive 2nd purchase
11847,60,2,205.95,3,1,2,Lost Customers,Low-cost automated re-engagement email
11848,111,5,2336.79,2,4,5,At Risk,High-value win-back offer with targeted discount
11849,55,4,320.51,4,3,3,Loyal Customers,"Cross-sell complimentary products, points incentive"
11850,27,6,1358.1,5,4,5,Champions,"VIP rewards, early access to new collections"
11851,153,3,227.28,1,2,2,Lost Customers,Low-cost automated re-engagement email
11852,54,2,261.66,4,1,2,New Customers,Welcome onboarding campaign to drive 2nd purchase
11853,188,13,1303.43,1,5,5,At Risk,High-value win-back offer with targeted discount
11854,44,1,114.51,4,1,1,New Customers,Welcome onboarding campaign to drive 2nd purchase
11855,51,5,399.82,4,4,3,Loyal Customers,"Cross-sell complimentary products, points incentive"
11856,41,6,1992.38,4,4,5,Champions,"VIP rewards, early access to new collections"
11857,59,7,1112.8,3,4,5,Loyal Customers,"Cross-sell complimentary products, points incentive"
11858,94,3,299.68,2,2,3,Lost Customers,Low-cost automated re-engagement email
11859,28,2,407.83,5,1,3,New Customers,Welcome onboarding campaign to drive 2nd purchase
11860,24,12,1212.71,5,5,5,Champions,"VIP rewards, early access to new collections"
11861,12,3,737.77,5,2,4,New Customers,Welcome onboarding campaign to drive 2nd purchase
11862,11,12,373.59,5,5,3,Loyal Customers,"Cross-sell complimentary products, points incentive"
11863,19,5,3065.25,5,4,5,Champions,"VIP rewards, early access to new collections"
11864,44,3,315.35,4,2,3,New Customers,Welcome onboarding campaign to drive 2nd purchase
11865,77,5,161.15,3,4,2,Lost Customers,Low-cost automated re-engagement email
11866,90,9,1589.81,2,5,5,At Risk,High-value win-back offer with targeted discount
11867,74,4,1153.5,3,3,5,Loyal Customers,"Cross-sell complimentary products, points incentive"
11868,174,2,71.58,1,1,1,Lost Customers,Low-cost automated re-engagement email
11869,211,1,58.87,1,1,1,Lost Customers,Low-cost automated re-engagement email
11870,54,3,673.21,4,2,4,New Customers,Welcome onboarding campaign to drive 2nd purchase
11871,29,7,1047.34,5,4,5,Champions,"VIP rewards, early access to new collections"
11872,253,2,121.15,1,1,1,Lost Customers,Low-cost automated re-engagement email
11873,149,6,431.6,1,4,3,At Risk,High-value win-back offer with targeted discount
11874,142,4,116.85,1,3,1,Lost Customers,Low-cost automated re-engagement email
11875,42,7,259.01,4,4,2,Lost Customers,Low-cost automated re-engagement email
11876,122,1,19.97,1,1,1,Lost Customers,Low-cost automated re-engagement email
11877,75,2,131.58,3,1,1,Lost Customers,Low-cost automated re-engagement email
11878,63,3,496.94,3,2,4,Lost Customers,Low-cost automated re-engagement email
11879,63,15,1062.34,3,5,5,Loyal Customers,"Cross-sell complimentary products, points incentive"
11880,97,2,491.79,2,1,4,Lost Customers,Low-cost automated re-engagement email
11881,177,3,151.0,1,2,2,Lost Customers,Low-cost automated re-engagement email
11882,267,19,446.99,1,5,3,At Risk,High-value win-back offer with targeted discount
11883,48,5,1272.57,4,4,5,Champions,"VIP rewards, early access to new collections"
11884,78,7,876.92,3,4,4,Loyal Customers,"Cross-sell complimentary products, points incentive"
11885,62,2,543.39,3,1,4,Lost Customers,Low-cost automated re-engagement email
11886,92,9,598.4,2,5,4,At Risk,High-value win-back offer with targeted discount
11887,56,10,3766.92,4,5,5,Champions,"VIP rewards, early access to new collections"
11888,38,5,170.79,4,4,2,Lost Customers,Low-cost automated re-engagement email
11889,48,4,278.04,4,3,3,Loyal Customers,"Cross-sell complimentary products, points incentive"
11890,43,6,779.51,4,4,4,Champions,"VIP rewards, early access to new collections"
11891,60,1,59.01,3,1,1,Lost Customers,Low-cost automated re-engagement email
11892,20,8,883.8,5,5,4,Champions,"VIP rewards, early access to new collections"
11893,43,2,553.4,4,1,4,New Customers,Welcome onboarding campaign to drive 2nd purchase
11894,92,3,379.04,2,2,3,Lost Customers,Low-cost automated re-engagement email
11895,91,10,766.68,2,5,4,At Risk,High-value win-back offer with targeted discount
11896,81,8,2171.37,3,5,5,Loyal Customers,"Cross-sell complimentary products, points incentive"
11897,167,1,142.77,1,1,2,Lost Customers,Low-cost automated re-engagement email
11898,94,2,178.74,2,1,2,Lost Customers,Low-cost automated re-engagement email
11899,164,6,502.64,1,4,4,At Risk,High-value win-back offer with targeted discount
11900,267,1,64.66,1,1,1,Lost Customers,Low-cost automated re-engagement email
11901,124,11,2114.72,1,5,5,At Risk,High-value win-back offer with targeted discount
11902,20,4,795.42,5,3,4,Loyal Customers,"Cross-sell complimentary products, points incentive"
11903,83,11,3092.33,2,5,5,At Risk,High-value win-back offer with targeted discount
11904,75,2,265.17,3,1,3,Lost Customers,Low-cost automated re-engagement email
11905,187,2,110.31,1,1,1,Lost Customers,Low-cost automated re-engagement email
11906,62,8,969.83,3,5,5,Loyal Customers,"Cross-sell complimentary products, points incentive"
11907,34,3,162.8,5,2,2,New Customers,Welcome onboarding campaign to drive 2nd purchase
11908,45,2,208.31,4,1,2,New Customers,Welcome onboarding campaign to drive 2nd purchase
11909,21,6,1920.97,5,4,5,Champions,"VIP rewards, early access to new collections"
11910,239,1,260.64,1,1,2,Lost Customers,Low-cost automated re-engagement email
11911,68,11,2236.55,3,5,5,Loyal Customers,"Cross-sell complimentary products, points incentive"
11912,23,4,352.8,5,3,3,Loyal Customers,"Cross-sell complimentary products, points incentive"
11913,199,2,403.22,1,1,3,Lost Customers,Low-cost automated re-engagement email
11914,221,9,455.12,1,5,3,At Risk,High-value win-back offer with targeted discount
11915,77,9,217.38,3,5,2,Lost Customers,Low-cost automated re-engagement email
11916,19,4,459.89,5,3,3,Loyal Customers,"Cross-sell complimentary products, points incentive"
11917,46,21,1348.41,4,5,5,Champions,"VIP rewards, early access to new collections"
11918,57,21,9417.14,3,5,5,Loyal Customers,"Cross-sell complimentary products, points incentive"
11919,70,5,1955.82,3,4,5,Loyal Customers,"Cross-sell complimentary products, points incentive"
11920,26,8,387.37,5,5,3,Loyal Customers,"Cross-sell complimentary products, points incentive"
11921,131,10,1682.09,1,5,5,At Risk,High-value win-back offer with targeted discount
11922,7,2,30.45,5,1,1,New Customers,Welcome onboarding campaign to drive 2nd purchase
11923,146,5,610.84,1,4,4,At Risk,High-value win-back offer with targeted discount
11924,167,2,238.8,1,1,2,Lost Customers,Low-cost automated re-engagement email
11925,50,2,73.66,4,1,1,New Customers,Welcome onboarding campaign to drive 2nd purchase
11926,64,4,417.75,3,3,3,Loyal Customers,"Cross-sell complimentary products, points incentive"
11927,182,4,156.15,1,3,2,Lost Customers,Low-cost automated re-engagement email
11928,108,1,193.78,2,1,2,Lost Customers,Low-cost automated re-engagement email
11929,52,5,532.22,4,4,4,Champions,"VIP rewards, early access to new collections"
11930,57,3,1034.93,3,2,5,Lost Customers,Low-cost automated re-engagement email
11931,97,11,249.66,2,5,2,Lost Customers,Low-cost automated re-engagement email
11932,225,9,370.91,1,5,3,At Risk,High-value win-back offer with targeted discount
11933,58,2,116.35,3,1,1,Lost Customers,Low-cost automated re-engagement email
11934,50,10,1399.73,4,5,5,Champions,"VIP rewards, early access to new collections"
11935,70,6,689.26,3,4,4,Loyal Customers,"Cross-sell complimentary products, points incentive"
11936,70,3,395.94,3,2,3,Lost Customers,Low-cost automated re-engagement email
11937,85,3,150.56,2,2,2,Lost Customers,Low-cost automated re-engagement email
11938,64,2,32.48,3,1,1,Lost Customers,Low-cost automated re-engagement email
11939,152,2,90.85,1,1,1,Lost Customers,Low-cost automated re-engagement email
11940,31,1,319.7,5,1,3,New Customers,Welcome onboarding campaign to drive 2nd purchase
11941,92,4,206.01,2,3,2,Lost Customers,Low-cost automated re-engagement email
11942,95,1,105.58,2,1,1,Lost Customers,Low-cost automated re-engagement email
11943,34,2,190.18,5,1,2,New Customers,Welcome onboarding campaign to drive 2nd purchase
11944,92,6,637.18,2,4,4,At Risk,High-value win-back offer with targeted discount
11945,97,11,297.71,2,5,3,At Risk,High-value win-back offer with targeted discount
11946,4,2,375.92,5,1,3,New Customers,Welcome onboarding campaign to drive 2nd purchase
11947,29,6,493.9,5,4,4,Champions,"VIP rewards, early access to new collections"
11948,192,3,2160.01,1,2,5,Lost Customers,Low-cost automated re-engagement email
11949,41,3,193.05,4,2,2,New Customers,Welcome onboarding campaign to drive 2nd purchase
11950,23,4,867.58,5,3,4,Loyal Customers,"Cross-sell complimentary products, points incentive"
11951,10,2,126.98,5,1,1,New Customers,Welcome onboarding campaign to drive 2nd purchase
11952,26,4,2025.53,5,3,5,Loyal Customers,"Cross-sell complimentary products, points incentive"
11953,62,4,695.02,3,3,4,Loyal Customers,"Cross-sell complimentary products, points incentive"
11954,21,9,254.8,5,5,2,Lost Customers,Low-cost automated re-engagement email
11955,109,10,3193.71,2,5,5,At Risk,High-value win-back offer with targeted discount
11956,33,3,542.58,5,2,4,New Customers,Welcome onboarding campaign to drive 2nd purchase
11957,86,3,177.35,2,2,2,Lost Customers,Low-cost automated re-engagement email
11958,174,7,147.53,1,4,2,Lost Customers,Low-cost automated re-engagement email
11959,167,3,793.77,1,2,4,Lost Customers,Low-cost automated re-engagement email
11960,85,6,2557.1,2,4,5,At Risk,High-value win-back offer with targeted discount
11961,25,7,1725.24,5,4,5,Champions,"VIP rewards, early access to new collections"
11962,65,8,1575.18,3,5,5,Loyal Customers,"Cross-sell complimentary products, points incentive"
11963,87,4,594.76,2,3,4,At Risk,High-value win-back offer with targeted discount
11964,299,2,466.99,1,1,4,Lost Customers,Low-cost automated re-engagement email
11965,10,3,213.33,5,2,2,New Customers,Welcome onboarding campaign to drive 2nd purchase
11966,66,3,52.74,3,2,1,Lost Customers,Low-cost automated re-engagement email
11967,106,7,1247.74,2,4,5,At Risk,High-value win-back offer with targeted discount
11968,74,12,1538.0,3,5,5,Loyal Customers,"Cross-sell complimentary products, points incentive"
11969,80,12,305.41,3,5,3,Loyal Customers,"Cross-sell complimentary products, points incentive"
11970,35,7,87.56,4,4,1,Lost Customers,Low-cost automated re-engagement email
11971,130,2,193.71,1,1,2,Lost Customers,Low-cost automated re-engagement email
11972,70,11,860.94,3,5,4,Loyal Customers,"Cross-sell complimentary products, points incentive"
11973,80,5,362.65,3,4,3,Loyal Customers,"Cross-sell complimentary products, points incentive"
11974,139,2,303.31,1,1,3,Lost Customers,Low-cost automated re-engagement email
11975,53,7,322.23,4,4,3,Loyal Customers,"Cross-sell complimentary products, points incentive"
11976,160,3,501.27,1,2,4,Lost Customers,Low-cost automated re-engagement email
11977,21,1,168.19,5,1,2,New Customers,Welcome onboarding campaign to drive 2nd purchase
11978,83,2,16.42,2,1,1,Lost Customers,Low-cost automated re-engagement email
11979,33,4,338.49,5,3,3,Loyal Customers,"Cross-sell complimentary products, points incentive"
11980,26,4,431.13,5,3,3,Loyal Customers,"Cross-sell complimentary products, points incentive"
11981,224,2,352.98,1,1,3,Lost Customers,Low-cost automated re-engagement email
11982,22,7,1032.77,5,4,5,Champions,"VIP rewards, early access to new collections"
11983,71,6,111.71,3,4,1,Lost Customers,Low-cost automated re-engagement email
11984,20,2,196.22,5,1,2,New Customers,Welcome onboarding campaign to drive 2nd purchase
11985,154,28,1995.57,1,5,5,At Risk,High-value win-back offer with targeted discount
11986,49,2,473.67,4,1,4,New Customers,Welcome onboarding campaign to drive 2nd purchase
11987,139,3,91.82,1,2,1,Lost Customers,Low-cost automated re-engagement email
11988,103,5,449.05,2,4,3,At Risk,High-value win-back offer with targeted discount
11989,271,3,591.59,1,2,4,Lost Customers,Low-cost automated re-engagement email
11990,16,11,1963.07,5,5,5,Champions,"VIP rewards, early access to new collections"
11991,28,3,235.02,5,2,2,New Customers,Welcome onboarding campaign to drive 2nd purchase
11992,134,2,520.58,1,1,4,Lost Customers,Low-cost automated re-engagement email
11993,86,6,279.72,2,4,3,At Risk,High-value win-back offer with targeted discount
11994,56,1,173.98,4,1,2,New Customers,Welcome onboarding campaign to drive 2nd purchase
11995,239,6,1212.15,1,4,5,At Risk,High-value win-back offer with targeted discount
11996,67,10,262.76,3,5,2,Lost Customers,Low-cost automated re-engagement email
11997,34,1,290.79,5,1,3,New Customers,Welcome onboarding campaign to drive 2nd purchase
11998,140,3,61.25,1,2,1,Lost Customers,Low-cost automated re-engagement email
11999,69,1,126.01,3,1,1,Lost Customers,Low-cost automated re-engagement email
12000,73,4,236.12,3,3,2,Lost Customers,Low-cost automated re-engagement email
12001,110,20,4477.62,2,5,5,At Risk,High-value win-back offer with targeted discount
12002,113,4,484.49,2,3,4,At Risk,High-value win-back offer with targeted discount
12003,28,3,1353.46,5,2,5,New Customers,Welcome onboarding campaign to drive 2nd purchase
12004,54,1,250.4,4,1,2,New Customers,Welcome onboarding campaign to drive 2nd purchase
12005,18,2,202.72,5,1,2,New Customers,Welcome onboarding campaign to drive 2nd purchase
12006,87,3,798.81,2,2,4,Lost Customers,Low-cost automated re-engagement email
12007,221,4,328.13,1,3,3,At Risk,High-value win-back offer with targeted discount
12008,29,5,168.87,5,4,2,Lost Customers,Low-cost automated re-engagement email
12009,15,7,417.48,5,4,3,Loyal Customers,"Cross-sell complimentary products, points incentive"
12010,40,2,162.37,4,1,2,New Customers,Welcome onboarding campaign to drive 2nd purchase
12011,56,4,21.96,4,3,1,Lost Customers,Low-cost automated re-engagement email
12012,113,3,938.15,2,2,5,Lost Customers,Low-cost automated re-engagement email
12013,51,2,164.98,4,1,2,New Customers,Welcome onboarding campaign to drive 2nd purchase
12014,88,2,428.71,2,1,3,Lost Customers,Low-cost automated re-engagement email
12015,45,6,624.05,4,4,4,Champions,"VIP rewards, early access to new collections"
12016,58,1,22.48,3,1,1,Lost Customers,Low-cost automated re-engagement email
12017,33,1,96.69,5,1,1,New Customers,Welcome onboarding campaign to drive 2nd purchase
12018,25,42,3394.14,5,5,5,Champions,"VIP rewards, early access to new collections"
12019,116,2,97.13,2,1,1,Lost Customers,Low-cost automated re-engagement email
12020,47,11,696.89,4,5,4,Champions,"VIP rewards, early access to new collections"
12021,93,4,368.76,2,3,3,At Risk,High-value win-back offer with targeted discount
12022,33,3,29.66,5,2,1,New Customers,Welcome onboarding campaign to drive 2nd purchase
12023,68,6,746.81,3,4,4,Loyal Customers,"Cross-sell complimentary products, points incentive"
12024,7,4,620.11,5,3,4,Loyal Customers,"Cross-sell complimentary products, points incentive"
12025,50,3,423.88,4,2,3,New Customers,Welcome onboarding campaign to drive 2nd purchase
12026,36,4,279.5,4,3,3,Loyal Customers,"Cross-sell complimentary products, points incentive"
12027,150,5,2636.39,1,4,5,At Risk,High-value win-back offer with targeted discount
12028,21,2,285.16,5,1,3,New Customers,Welcome onboarding campaign to drive 2nd purchase
12029,60,3,185.4,3,2,2,Lost Customers,Low-cost automated re-engagement email
12030,86,2,59.04,2,1,1,Lost Customers,Low-cost automated re-engagement email
12031,136,2,52.71,1,1,1,Lost Customers,Low-cost automated re-engagement email
12032,123,15,1935.14,1,5,5,At Risk,High-value win-back offer with targeted discount
12033,64,2,344.75,3,1,3,Lost Customers,Low-cost automated re-engagement email
12034,71,8,805.36,3,5,4,Loyal Customers,"Cross-sell complimentary products, points incentive"
12035,150,3,256.65,1,2,2,Lost Customers,Low-cost automated re-engagement email
12036,63,6,398.04,3,4,3,Loyal Customers,"Cross-sell complimentary products, points incentive"
12037,77,4,560.97,3,3,4,Loyal Customers,"Cross-sell complimentary products, points incentive"
12038,153,1,44.77,1,1,1,Lost Customers,Low-cost automated re-engagement email
12039,295,4,353.79,1,3,3,At Risk,High-value win-back offer with targeted discount
12040,82,6,587.04,3,4,4,Loyal Customers,"Cross-sell complimentary products, points incentive"
12041,99,2,302.55,2,1,3,Lost Customers,Low-cost automated re-engagement email
12042,121,22,948.22,2,5,5,At Risk,High-value win-back offer with targeted discount
12043,152,7,255.19,1,4,2,Lost Customers,Low-cost automated re-engagement email
12044,138,7,659.0,1,4,4,At Risk,High-value win-back offer with targeted discount
12045,42,7,759.16,4,4,4,Champions,"VIP rewards, early access to new collections"
12046,86,1,89.59,2,1,1,Lost Customers,Low-cost automated re-engagement email
12047,139,6,46.96,1,4,1,Lost Customers,Low-cost automated re-engagement email
12048,174,21,2549.96,1,5,5,At Risk,High-value win-back offer with targeted discount
12049,60,7,6358.11,3,4,5,Loyal Customers,"Cross-sell complimentary products, points incentive"
12050,84,3,617.08,2,2,4,Lost Customers,Low-cost automated re-engagement email
12051,92,2,30.96,2,1,1,Lost Customers,Low-cost automated re-engagement email
12052,69,2,125.0,3,1,1,Lost Customers,Low-cost automated re-engagement email
12053,83,2,151.02,2,1,2,Lost Customers,Low-cost automated re-engagement email
12054,373,3,202.31,1,2,2,Lost Customers,Low-cost automated re-engagement email
12055,58,2,59.03,3,1,1,Lost Customers,Low-cost automated re-engagement email
12056,62,3,120.89,3,2,1,Lost Customers,Low-cost automated re-engagement email
12057,13,4,834.42,5,3,4,Loyal Customers,"Cross-sell complimentary products, points incentive"
12058,11,1,176.34,5,1,2,New Customers,Welcome onboarding campaign to drive 2nd purchase
12059,96,2,162.82,2,1,2,Lost Customers,Low-cost automated re-engagement email
12060,139,3,633.9,1,2,4,Lost Customers,Low-cost automated re-engagement email
12061,122,3,149.53,1,2,2,Lost Customers,Low-cost automated re-engagement email
12062,33,4,264.48,5,3,3,Loyal Customers,"Cross-sell complimentary products, points incentive"
12063,117,4,259.32,2,3,2,Lost Customers,Low-cost automated re-engagement email
12064,61,3,66.84,3,2,1,Lost Customers,Low-cost automated re-engagement email
12065,50,2,143.01,4,1,2,New Customers,Welcome onboarding campaign to drive 2nd purchase
12066,19,4,1572.44,5,3,5,Loyal Customers,"Cross-sell complimentary products, points incentive"
12067,37,11,3919.03,4,5,5,Champions,"VIP rewards, early access to new collections"
12068,98,2,200.06,2,1,2,Lost Customers,Low-cost automated re-engagement email
12069,85,9,665.39,2,5,4,At Risk,High-value win-back offer with targeted discount
12070,76,1,442.32,3,1,3,Lost Customers,Low-cost automated re-engagement email
12071,6,5,360.49,5,4,3,Loyal Customers,"Cross-sell complimentary products, points incentive"
12072,77,8,451.61,3,5,3,Loyal Customers,"Cross-sell complimentary products, points incentive"
12073,41,2,426.04,4,1,3,New Customers,Welcome onboarding campaign to drive 2nd purchase
12074,86,5,96.49,2,4,1,Lost Customers,Low-cost automated re-engagement email
12075,155,2,162.92,1,1,2,Lost Customers,Low-cost automated re-engagement email
12076,47,9,763.67,4,5,4,Champions,"VIP rewards, early access to new collections"
12077,73,1,143.14,3,1,2,Lost Customers,Low-cost automated re-engagement email
12078,238,2,105.65,1,1,1,Lost Customers,Low-cost automated re-engagement email
12079,83,4,308.97,2,3,3,At Risk,High-value win-back offer with targeted discount
12080,66,6,587.54,3,4,4,Loyal Customers,"Cross-sell complimentary products, points incentive"
12081,33,4,286.37,5,3,3,Loyal Customers,"Cross-sell complimentary products, points incentive"
12082,119,5,380.89,2,4,3,At Risk,High-value win-back offer with targeted discount
12083,28,3,571.41,5,2,4,New Customers,Welcome onboarding campaign to drive 2nd purchase
12084,160,2,303.7,1,1,3,Lost Customers,Low-cost automated re-engagement email
12085,108,11,1578.29,2,5,5,At Risk,High-value win-back offer with targeted discount
12086,42,5,102.54,4,4,1,Lost Customers,Low-cost automated re-engagement email
12087,34,3,397.59,5,2,3,New Customers,Welcome onboarding campaign to drive 2nd purchase
12088,35,1,42.24,4,1,1,New Customers,Welcome onboarding campaign to drive 2nd purchase
12089,11,9,4863.76,5,5,5,Champions,"VIP rewards, early access to new collections"
12090,95,10,892.76,2,5,4,At Risk,High-value win-back offer with targeted discount
12091,7,3,226.36,5,2,2,New Customers,Welcome onboarding campaign to drive 2nd purchase
12092,63,2,706.45,3,1,4,Lost Customers,Low-cost automated re-engagement email
12093,60,3,801.38,3,2,4,Lost Customers,Low-cost automated re-engagement email
12094,52,3,218.14,4,2,2,New Customers,Welcome onboarding campaign to drive 2nd purchase
12095,94,7,218.53,2,4,2,Lost Customers,Low-cost automated re-engagement email
12096,43,2,36.81,4,1,1,New Customers,Welcome onboarding campaign to drive 2nd purchase
12097,77,3,105.2,3,2,1,Lost Customers,Low-cost automated re-engagement email
12098,160,3,360.51,1,2,3,Lost Customers,Low-cost automated re-engagement email
12099,102,5,394.07,2,4,3,At Risk,High-value win-back offer with targeted discount
12100,48,7,271.16,4,4,3,Loyal Customers,"Cross-sell complimentary products, points incentive"
12101,68,5,316.23,3,4,3,Loyal Customers,"Cross-sell complimentary products, points incentive"
12102,52,14,5909.63,4,5,5,Champions,"VIP rewards, early access to new collections"
12103,59,2,493.14,3,1,4,Lost Customers,Low-cost automated re-engagement email
12104,79,11,4794.98,3,5,5,Loyal Customers,"Cross-sell complimentary products, points incentive"
12105,18,2,96.77,5,1,1,New Customers,Welcome onboarding campaign to drive 2nd purchase
12106,14,3,558.29,5,2,4,New Customers,Welcome onboarding campaign to drive 2nd purchase
12107,31,5,847.56,5,4,4,Champions,"VIP rewards, early access to new collections"
12108,97,9,3037.38,2,5,5,At Risk,High-value win-back offer with targeted discount
12109,107,3,272.88,2,2,3,Lost Customers,Low-cost automated re-engagement email
12110,118,5,222.51,2,4,2,Lost Customers,Low-cost automated re-engagement email
12111,32,3,119.94,5,2,1,New Customers,Welcome onboarding campaign to drive 2nd purchase
12112,72,1,88.95,3,1,1,Lost Customers,Low-cost automated re-engagement email
12113,49,4,386.03,4,3,3,Loyal Customers,"Cross-sell complimentary products, points incentive"
12114,61,2,230.11,3,1,2,Lost Customers,Low-cost automated re-engagement email
12115,49,10,256.28,4,5,2,Lost Customers,Low-cost automated re-engagement email
12116,82,10,2884.44,3,5,5,Loyal Customers,"Cross-sell complimentary products, points incentive"
12117,38,2,53.28,4,1,1,New Customers,Welcome onboarding campaign to drive 2nd purchase
12118,148,2,575.23,1,1,4,Lost Customers,Low-cost automated re-engagement email
12119,149,3,201.95,1,2,2,Lost Customers,Low-cost automated re-engagement email
12120,95,6,2843.41,2,4,5,At Risk,High-value win-back offer with targeted discount
12121,136,6,112.22,1,4,1,Lost Customers,Low-cost automated re-engagement email
12122,17,51,13223.72,5,5,5,Champions,"VIP rewards, early access to new collections"
12123,154,3,106.79,1,2,1,Lost Customers,Low-cost automated re-engagement email
12124,89,4,133.5,2,3,1,Lost Customers,Low-cost automated re-engagement email
12125,40,16,6393.89,4,5,5,Champions,"VIP rewards, early access to new collections"
12126,37,5,886.3,4,4,4,Champions,"VIP rewards, early access to new collections"
12127,190,2,47.61,1,1,1,Lost Customers,Low-cost automated re-engagement email
12128,120,5,539.78,2,4,4,At Risk,High-value win-back offer with targeted discount
12129,60,6,1912.32,3,4,5,Loyal Customers,"Cross-sell complimentary products, points incentive"
12130,17,3,446.39,5,2,3,New Customers,Welcome onboarding campaign to drive 2nd purchase
12131,159,7,647.9,1,4,4,At Risk,High-value win-back offer with targeted discount
12132,25,6,1521.65,5,4,5,Champions,"VIP rewards, early access to new collections"
12133,50,3,376.31,4,2,3,New Customers,Welcome onboarding campaign to drive 2nd purchase
12134,60,12,242.56,3,5,2,Lost Customers,Low-cost automated re-engagement email
12135,36,2,196.29,4,1,2,New Customers,Welcome onboarding campaign to drive 2nd purchase
12136,58,5,695.92,3,4,4,Loyal Customers,"Cross-sell complimentary products, points incentive"
12137,67,3,329.94,3,2,3,Lost Customers,Low-cost automated re-engagement email
12138,57,1,62.54,3,1,1,Lost Customers,Low-cost automated re-engagement email
12139,85,5,679.59,2,4,4,At Risk,High-value win-back offer with targeted discount
12140,194,16,1699.09,1,5,5,At Risk,High-value win-back offer with targeted discount
12141,18,4,59.96,5,3,1,Lost Customers,Low-cost automated re-engagement email
12142,76,2,54.57,3,1,1,Lost Customers,Low-cost automated re-engagement email
12143,25,4,476.01,5,3,4,Loyal Customers,"Cross-sell complimentary products, points incentive"
12144,16,2,352.24,5,1,3,New Customers,Welcome onboarding campaign to drive 2nd purchase
12145,129,8,357.57,1,5,3,At Risk,High-value win-back offer with targeted discount
12146,81,3,524.25,3,2,4,Lost Customers,Low-cost automated re-engagement email
12147,15,1,141.23,5,1,2,New Customers,Welcome onboarding campaign to drive 2nd purchase
12148,58,5,379.67,3,4,3,Loyal Customers,"Cross-sell complimentary products, points incentive"
12149,31,4,528.71,5,3,4,Loyal Customers,"Cross-sell complimentary products, points incentive"
12150,59,3,388.7,3,2,3,Lost Customers,Low-cost automated re-engagement email
12151,110,2,396.25,2,1,3,Lost Customers,Low-cost automated re-engagement email
12152,102,14,2895.15,2,5,5,At Risk,High-value win-back offer with targeted discount
12153,49,3,105.73,4,2,1,New Customers,Welcome onboarding campaign to drive 2nd purchase
12154,133,7,325.8,1,4,3,At Risk,High-value win-back offer with targeted discount
12155,168,3,1019.99,1,2,5,Lost Customers,Low-cost automated re-engagement email
12156,111,6,1195.55,2,4,5,At Risk,High-value win-back offer with targeted discount
12157,42,4,639.69,4,3,4,Loyal Customers,"Cross-sell complimentary products, points incentive"
12158,61,4,736.06,3,3,4,Loyal Customers,"Cross-sell complimentary products, points incentive"
12159,190,2,501.41,1,1,4,Lost Customers,Low-cost automated re-engagement email
12160,52,6,609.16,4,4,4,Champions,"VIP rewards, early access to new collections"
12161,102,11,703.97,2,5,4,At Risk,High-value win-back offer with targeted discount
12162,36,2,298.3,4,1,3,New Customers,Welcome onboarding campaign to drive 2nd purchase
12163,134,2,175.81,1,1,2,Lost Customers,Low-cost automated re-engagement email
12164,32,36,13066.63,5,5,5,Champions,"VIP rewards, early access to new collections"
12165,63,2,716.29,3,1,4,Lost Customers,Low-cost automated re-engagement email
12166,100,3,602.12,2,2,4,Lost Customers,Low-cost automated re-engagement email
12167,216,11,313.79,1,5,3,At Risk,High-value win-back offer with targeted discount
12168,79,11,369.57,3,5,3,Loyal Customers,"Cross-sell complimentary products, points incentive"
12169,55,1,27.56,4,1,1,New Customers,Welcome onboarding campaign to drive 2nd purchase
12170,51,7,745.31,4,4,4,Champions,"VIP rewards, early access to new collections"
12171,130,3,619.75,1,2,4,Lost Customers,Low-cost automated re-engagement email
12172,94,3,204.71,2,2,2,Lost Customers,Low-cost automated re-engagement email
12173,108,9,452.84,2,5,3,At Risk,High-value win-back offer with targeted discount
12174,181,3,296.49,1,2,3,Lost Customers,Low-cost automated re-engagement email
12175,70,3,133.37,3,2,1,Lost Customers,Low-cost automated re-engagement email
12176,89,3,343.05,2,2,3,Lost Customers,Low-cost automated re-engagement email
12177,51,3,216.96,4,2,2,New Customers,Welcome onboarding campaign to drive 2nd purchase
12178,35,5,249.16,4,4,2,Lost Customers,Low-cost automated re-engagement email
12179,41,10,998.59,4,5,5,Champions,"VIP rewards, early access to new collections"
12180,4,5,1000.46,5,4,5,Champions,"VIP rewards, early access to new collections"
12181,99,4,91.75,2,3,1,Lost Customers,Low-cost automated re-engagement email
12182,92,6,628.34,2,4,4,At Risk,High-value win-back offer with targeted discount
12183,97,7,95.28,2,4,1,Lost Customers,Low-cost automated re-engagement email
12184,33,6,429.47,5,4,3,Loyal Customers,"Cross-sell complimentary products, points incentive"
12185,41,2,336.58,4,1,3,New Customers,Welcome onboarding campaign to drive 2nd purchase
12186,40,5,1129.49,4,4,5,Champions,"VIP rewards, early access to new collections"
12187,143,1,56.13,1,1,1,Lost Customers,Low-cost automated re-engagement email
12188,77,12,667.18,3,5,4,Loyal Customers,"Cross-sell complimentary products, points incentive"
12189,70,12,878.29,3,5,4,Loyal Customers,"Cross-sell complimentary products, points incentive"
12190,115,7,233.63,2,4,2,Lost Customers,Low-cost automated re-engagement email
12191,40,9,937.87,4,5,5,Champions,"VIP rewards, early access to new collections"
12192,88,4,146.05,2,3,2,Lost Customers,Low-cost automated re-engagement email
12193,235,2,297.08,1,1,3,Lost Customers,Low-cost automated re-engagement email
12194,158,2,94.45,1,1,1,Lost Customers,Low-cost automated re-engagement email
12195,87,8,540.1,2,5,4,At Risk,High-value win-back offer with targeted discount
12196,72,2,282.19,3,1,3,Lost Customers,Low-cost automated re-engagement email
12197,97,3,478.44,2,2,4,Lost Customers,Low-cost automated re-engagement email
12198,173,4,612.33,1,3,4,At Risk,High-value win-back offer with targeted discount
12199,165,4,456.48,1,3,3,At Risk,High-value win-back offer with targeted discount
12200,193,5,169.26,1,4,2,Lost Customers,Low-cost automated re-engagement email
12201,81,1,87.5,3,1,1,Lost Customers,Low-cost automated re-engagement email
12202,7,3,230.88,5,2,2,New Customers,Welcome onboarding campaign to drive 2nd purchase
12203,224,7,431.49,1,4,3,At Risk,High-value win-back offer with targeted discount
12204,35,3,288.67,4,2,3,New Customers,Welcome onboarding campaign to drive 2nd purchase
12205,114,2,82.89,2,1,1,Lost Customers,Low-cost automated re-engagement email
12206,7,8,697.98,5,5,4,Champions,"VIP rewards, early access to new collections"
12207,69,3,206.2,3,2,2,Lost Customers,Low-cost automated re-engagement email
12208,52,4,238.56,4,3,2,Lost Customers,Low-cost automated re-engagement email
12209,193,3,98.87,1,2,1,Lost Customers,Low-cost automated re-engagement email
12210,88,4,128.72,2,3,1,Lost Customers,Low-cost automated re-engagement email
12211,68,12,3615.47,3,5,5,Loyal Customers,"Cross-sell complimentary products, points incentive"
12212,95,6,598.89,2,4,4,At Risk,High-value win-back offer with targeted discount
12213,2,2,919.84,5,1,5,New Customers,Welcome onboarding campaign to drive 2nd purchase
12214,40,3,1442.66,4,2,5,New Customers,Welcome onboarding campaign to drive 2nd purchase
12215,45,3,816.72,4,2,4,New Customers,Welcome onboarding campaign to drive 2nd purchase
12216,106,4,113.59,2,3,1,Lost Customers,Low-cost automated re-engagement email
12217,28,7,2243.58,5,4,5,Champions,"VIP rewards, early access to new collections"
12218,78,4,321.33,3,3,3,Loyal Customers,"Cross-sell complimentary products, points incentive"
12219,63,4,280.45,3,3,3,Loyal Customers,"Cross-sell complimentary products, points incentive"
12220,42,1,61.66,4,1,1,New Customers,Welcome onboarding campaign to drive 2nd purchase
12221,44,10,656.6,4,5,4,Champions,"VIP rewards, early access to new collections"
12222,63,3,386.87,3,2,3,Lost Customers,Low-cost automated re-engagement email
12223,10,5,3566.15,5,4,5,Champions,"VIP rewards, early access to new collections"
12224,116,5,102.93,2,4,1,Lost Customers,Low-cost automated re-engagement email
12225,34,2,1035.06,5,1,5,New Customers,Welcome onboarding campaign to drive 2nd purchase
12226,55,3,1050.26,4,2,5,New Customers,Welcome onboarding campaign to drive 2nd purchase
12227,188,2,153.42,1,1,2,Lost Customers,Low-cost automated re-engagement email
12228,118,11,632.7,2,5,4,At Risk,High-value win-back offer with targeted discount
12229,24,1,26.78,5,1,1,New Customers,Welcome onboarding campaign to drive 2nd purchase
12230,2,2,79.51,5,1,1,New Customers,Welcome onboarding campaign to drive 2nd purchase
12231,98,3,156.36,2,2,2,Lost Customers,Low-cost automated re-engagement email
12232,56,12,984.42,4,5,5,Champions,"VIP rewards, early access to new collections"
12233,78,6,525.92,3,4,4,Loyal Customers,"Cross-sell complimentary products, points incentive"
12234,115,1,178.58,2,1,2,Lost Customers,Low-cost automated re-engagement email
12235,128,4,647.11,1,3,4,At Risk,High-value win-back offer with targeted discount
12236,48,6,669.52,4,4,4,Champions,"VIP rewards, early access to new collections"
12237,62,20,1731.03,3,5,5,Loyal Customers,"Cross-sell complimentary products, points incentive"
12238,90,3,755.54,2,2,4,Lost Customers,Low-cost automated re-engagement email
12239,94,2,383.27,2,1,3,Lost Customers,Low-cost automated re-engagement email
12240,78,5,671.76,3,4,4,Loyal Customers,"Cross-sell complimentary products, points incentive"
12241,175,4,249.91,1,3,2,Lost Customers,Low-cost automated re-engagement email
12242,93,5,1217.46,2,4,5,At Risk,High-value win-back offer with targeted discount
12243,114,6,1144.98,2,4,5,At Risk,High-value win-back offer with targeted discount
12244,83,5,360.71,2,4,3,At Risk,High-value win-back offer with targeted discount
12245,28,6,96.16,5,4,1,Lost Customers,Low-cost automated re-engagement email
12246,40,13,1274.69,4,5,5,Champions,"VIP rewards, early access to new collections"
12247,23,3,144.83,5,2,2,New Customers,Welcome onboarding campaign to drive 2nd purchase
12248,138,2,343.32,1,1,3,Lost Customers,Low-cost automated re-engagement email
12249,15,5,546.62,5,4,4,Champions,"VIP rewards, early access to new collections"
12250,60,2,39.95,3,1,1,Lost Customers,Low-cost automated re-engagement email
12251,50,2,234.73,4,1,2,New Customers,Welcome onboarding campaign to drive 2nd purchase
12252,49,2,842.81,4,1,4,New Customers,Welcome onboarding campaign to drive 2nd purchase
12253,53,2,156.9,4,1,2,New Customers,Welcome onboarding campaign to drive 2nd purchase
12254,197,9,804.06,1,5,4,At Risk,High-value win-back offer with targeted discount
12255,9,4,264.42,5,3,3,Loyal Customers,"Cross-sell complimentary products, points incentive"
12256,160,6,576.3,1,4,4,At Risk,High-value win-back offer with targeted discount
12257,56,5,1800.02,4,4,5,Champions,"VIP rewards, early access to new collections"
12258,122,3,698.26,1,2,4,Lost Customers,Low-cost automated re-engagement email
12259,71,8,428.89,3,5,3,Loyal Customers,"Cross-sell complimentary products, points incentive"
12260,25,3,252.93,5,2,2,New Customers,Welcome onboarding campaign to drive 2nd purchase
12261,171,3,268.17,1,2,3,Lost Customers,Low-cost automated re-engagement email
12262,153,2,260.77,1,1,2,Lost Customers,Low-cost automated re-engagement email
12263,27,11,1458.22,5,5,5,Champions,"VIP rewards, early access to new collections"
12264,103,4,330.31,2,3,3,At Risk,High-value win-back offer with targeted discount
12265,41,6,176.16,4,4,2,Lost Customers,Low-cost automated re-engagement email
12266,16,3,243.57,5,2,2,New Customers,Welcome onboarding campaign to drive 2nd purchase
12267,34,7,454.73,5,4,3,Loyal Customers,"Cross-sell complimentary products, points incentive"
12268,164,7,280.96,1,4,3,At Risk,High-value win-back offer with targeted discount
12269,124,1,183.01,1,1,2,Lost Customers,Low-cost automated re-engagement email
12270,53,4,366.35,4,3,3,Loyal Customers,"Cross-sell complimentary products, points incentive"
12271,165,4,142.14,1,3,2,Lost Customers,Low-cost automated re-engagement email
12272,146,3,1604.54,1,2,5,Lost Customers,Low-cost automated re-engagement email
12273,35,11,1440.5,4,5,5,Champions,"VIP rewards, early access to new collections"
12274,192,2,367.2,1,1,3,Lost Customers,Low-cost automated re-engagement email
12275,50,3,693.59,4,2,4,New Customers,Welcome onboarding campaign to drive 2nd purchase
12276,55,2,121.59,4,1,1,New Customers,Welcome onboarding campaign to drive 2nd purchase
12277,9,8,1174.66,5,5,5,Champions,"VIP rewards, early access to new collections"
12278,40,2,31.7,4,1,1,New Customers,Welcome onboarding campaign to drive 2nd purchase
12279,60,1,214.03,3,1,2,Lost Customers,Low-cost automated re-engagement email
12280,84,5,423.34,2,4,3,At Risk,High-value win-back offer with targeted discount
12281,25,3,433.84,5,2,3,New Customers,Welcome onboarding campaign to drive 2nd purchase
12282,36,8,676.05,4,5,4,Champions,"VIP rewards, early access to new collections"
12283,194,7,3235.19,1,4,5,At Risk,High-value win-back offer with targeted discount
12284,139,4,1083.6,1,3,5,At Risk,High-value win-back offer with targeted discount
12285,157,2,17.17,1,1,1,Lost Customers,Low-cost automated re-engagement email
12286,64,2,296.08,3,1,3,Lost Customers,Low-cost automated re-engagement email
12287,86,1,69.84,2,1,1,Lost Customers,Low-cost automated re-engagement email
12288,105,3,460.2,2,2,3,Lost Customers,Low-cost automated re-engagement email
12289,193,2,302.99,1,1,3,Lost Customers,Low-cost automated re-engagement email
12290,15,3,138.37,5,2,2,New Customers,Welcome onboarding campaign to drive 2nd purchase
12291,44,4,324.43,4,3,3,Loyal Customers,"Cross-sell complimentary products, points incentive"
12292,81,16,575.44,3,5,4,Loyal Customers,"Cross-sell complimentary products, points incentive"
12293,72,6,2057.41,3,4,5,Loyal Customers,"Cross-sell complimentary products, points incentive"
12294,36,4,483.4,4,3,4,Loyal Customers,"Cross-sell complimentary products, points incentive"
12295,98,1,132.85,2,1,1,Lost Customers,Low-cost automated re-engagement email
12296,45,4,473.35,4,3,4,Loyal Customers,"Cross-sell complimentary products, points incentive"
12297,68,7,242.76,3,4,2,Lost Customers,Low-cost automated re-engagement email
12298,95,5,795.5,2,4,4,At Risk,High-value win-back offer with targeted discount
12299,47,2,897.66,4,1,4,New Customers,Welcome onboarding campaign to drive 2nd purchase
12300,117,3,66.56,2,2,1,Lost Customers,Low-cost automated re-engagement email
12301,132,4,387.05,1,3,3,At Risk,High-value win-back offer with targeted discount
12302,37,3,535.0,4,2,4,New Customers,Welcome onboarding campaign to drive 2nd purchase
12303,45,3,137.68,4,2,2,New Customers,Welcome onboarding campaign to drive 2nd purchase
12304,29,1,174.0,5,1,2,New Customers,Welcome onboarding campaign to drive 2nd purchase
12305,67,2,187.47,3,1,2,Lost Customers,Low-cost automated re-engagement email
12306,84,5,237.01,2,4,2,Lost Customers,Low-cost automated re-engagement email
12307,51,7,65.84,4,4,1,Lost Customers,Low-cost automated re-engagement email
12308,83,4,329.27,2,3,3,At Risk,High-value win-back offer with targeted discount
12309,44,8,674.15,4,5,4,Champions,"VIP rewards, early access to new collections"
12310,45,4,1175.08,4,3,5,Loyal Customers,"Cross-sell complimentary products, points incentive"
12311,88,2,244.23,2,1,2,Lost Customers,Low-cost automated re-engagement email
12312,48,3,167.61,4,2,2,New Customers,Welcome onboarding campaign to drive 2nd purchase
12313,64,5,109.42,3,4,1,Lost Customers,Low-cost automated re-engagement email
12314,90,3,593.3,2,2,4,Lost Customers,Low-cost automated re-engagement email
12315,82,2,200.1,3,1,2,Lost Customers,Low-cost automated re-engagement email
12316,45,1,63.14,4,1,1,New Customers,Welcome onboarding campaign to drive 2nd purchase
12317,141,2,110.62,1,1,1,Lost Customers,Low-cost automated re-engagement email
12318,101,3,826.92,2,2,4,Lost Customers,Low-cost automated re-engagement email
12319,81,3,944.61,3,2,5,Lost Customers,Low-cost automated re-engagement email
12320,25,2,102.42,5,1,1,New Customers,Welcome onboarding campaign to drive 2nd purchase
12321,73,12,136.51,3,5,1,Lost Customers,Low-cost automated re-engagement email
12322,40,6,445.72,4,4,3,Loyal Customers,"Cross-sell complimentary products, points incentive"
12323,96,20,2206.63,2,5,5,At Risk,High-value win-back offer with targeted discount
12324,2,1,96.08,5,1,1,New Customers,Welcome onboarding campaign to drive 2nd purchase
12325,55,5,109.13,4,4,1,Lost Customers,Low-cost automated re-engagement email
12326,43,3,1073.16,4,2,5,New Customers,Welcome onboarding campaign to drive 2nd purchase
12327,117,4,67.48,2,3,1,Lost Customers,Low-cost automated re-engagement email
12328,10,15,688.15,5,5,4,Champions,"VIP rewards, early access to new collections"
12329,70,1,35.88,3,1,1,Lost Customers,Low-cost automated re-engagement email
12330,100,3,102.65,2,2,1,Lost Customers,Low-cost automated re-engagement email
12331,216,2,25.25,1,1,1,Lost Customers,Low-cost automated re-engagement email
12332,45,3,285.2,4,2,3,New Customers,Welcome onboarding campaign to drive 2nd purchase
12333,85,1,321.53,2,1,3,Lost Customers,Low-cost automated re-engagement email
12334,11,10,776.16,5,5,4,Champions,"VIP rewards, early access to new collections"
12335,67,10,363.48,3,5,3,Loyal Customers,"Cross-sell complimentary products, points incentive"
12336,148,6,1920.6,1,4,5,At Risk,High-value win-back offer with targeted discount
12337,218,2,383.19,1,1,3,Lost Customers,Low-cost automated re-engagement email
12338,91,5,210.47,2,4,2,Lost Customers,Low-cost automated re-engagement email
12339,15,7,842.2,5,4,4,Champions,"VIP rewards, early access to new collections"
12340,165,5,1188.63,1,4,5,At Risk,High-value win-back offer with targeted discount
12341,15,4,159.62,5,3,2,Lost Customers,Low-cost automated re-engagement email
12342,23,11,1104.8,5,5,5,Champions,"VIP rewards, early access to new collections"
12343,174,2,126.91,1,1,1,Lost Customers,Low-cost automated re-engagement email
12344,63,3,92.33,3,2,1,Lost Customers,Low-cost automated re-engagement email
12345,41,6,627.27,4,4,4,Champions,"VIP rewards, early access to new collections"
12346,110,5,664.19,2,4,4,At Risk,High-value win-back offer with targeted discount
12347,76,6,561.92,3,4,4,Loyal Customers,"Cross-sell complimentary products, points incentive"
12348,140,6,259.09,1,4,2,Lost Customers,Low-cost automated re-engagement email
12349,79,6,3577.66,3,4,5,Loyal Customers,"Cross-sell complimentary products, points incentive"
12350,80,3,173.81,3,2,2,Lost Customers,Low-cost automated re-engagement email
12351,136,2,297.59,1,1,3,Lost Customers,Low-cost automated re-engagement email
12352,63,4,744.64,3,3,4,Loyal Customers,"Cross-sell complimentary products, points incentive"
12353,31,12,114.79,5,5,1,Lost Customers,Low-cost automated re-engagement email
12354,115,4,759.55,2,3,4,At Risk,High-value win-back offer with targeted discount
12355,53,6,544.47,4,4,4,Champions,"VIP rewards, early access to new collections"
12356,83,4,284.15,2,3,3,At Risk,High-value win-back offer with targeted discount
12357,8,17,1369.93,5,5,5,Champions,"VIP rewards, early access to new collections"
12358,61,3,456.32,3,2,3,Lost Customers,Low-cost automated re-engagement email
12359,44,6,69.23,4,4,1,Lost Customers,Low-cost automated re-engagement email
12360,8,2,185.29,5,1,2,New Customers,Welcome onboarding campaign to drive 2nd purchase
12361,62,2,265.36,3,1,3,Lost Customers,Low-cost automated re-engagement email
12362,64,4,2518.08,3,3,5,Loyal Customers,"Cross-sell complimentary products, points incentive"
12363,88,9,240.33,2,5,2,Lost Customers,Low-cost automated re-engagement email
12364,147,6,804.98,1,4,4,At Risk,High-value win-back offer with targeted discount
12365,131,1,58.23,1,1,1,Lost Customers,Low-cost automated re-engagement email
12366,46,6,835.32,4,4,4,Champions,"VIP rewards, early access to new collections"
12367,77,1,196.36,3,1,2,Lost Customers,Low-cost automated re-engagement email
12368,97,7,325.14,2,4,3,At Risk,High-value win-back offer with targeted discount
12369,47,6,3138.11,4,4,5,Champions,"VIP rewards, early access to new collections"
12370,16,3,887.16,5,2,4,New Customers,Welcome onboarding campaign to drive 2nd purchase
12371,57,6,1097.9,3,4,5,Loyal Customers,"Cross-sell complimentary products, points incentive"
12372,151,3,195.88,1,2,2,Lost Customers,Low-cost automated re-engagement email
12373,15,4,218.59,5,3,2,Lost Customers,Low-cost automated re-engagement email
12374,28,2,267.41,5,1,3,New Customers,Welcome onboarding campaign to drive 2nd purchase
12375,34,3,189.41,5,2,2,New Customers,Welcome onboarding campaign to drive 2nd purchase
12376,28,7,393.3,5,4,3,Loyal Customers,"Cross-sell complimentary products, points incentive"
12377,110,2,1009.13,2,1,5,Lost Customers,Low-cost automated re-engagement email
12378,40,7,1031.43,4,4,5,Champions,"VIP rewards, early access to new collections"
12379,113,1,188.9,2,1,2,Lost Customers,Low-cost automated re-engagement email
12380,69,2,974.65,3,1,5,Lost Customers,Low-cost automated re-engagement email
12381,12,3,291.03,5,2,3,New Customers,Welcome onboarding campaign to drive 2nd purchase
12382,48,4,203.78,4,3,2,Lost Customers,Low-cost automated re-engagement email
12383,134,3,103.07,1,2,1,Lost Customers,Low-cost automated re-engagement email
12384,75,3,913.81,3,2,5,Lost Customers,Low-cost automated re-engagement email
12385,51,9,579.2,4,5,4,Champions,"VIP rewards, early access to new collections"
12386,152,9,56.73,1,5,1,Lost Customers,Low-cost automated re-engagement email
12387,26,3,24.61,5,2,1,New Customers,Welcome onboarding campaign to drive 2nd purchase
12388,41,3,71.57,4,2,1,New Customers,Welcome onboarding campaign to drive 2nd purchase
12389,125,3,192.57,1,2,2,Lost Customers,Low-cost automated re-engagement email
12390,109,20,1468.3,2,5,5,At Risk,High-value win-back offer with targeted discount
12391,24,4,578.07,5,3,4,Loyal Customers,"Cross-sell complimentary products, points incentive"
12392,95,12,388.26,2,5,3,At Risk,High-value win-back offer with targeted discount
12393,39,6,657.41,4,4,4,Champions,"VIP rewards, early access to new collections"
12394,7,4,797.91,5,3,4,Loyal Customers,"Cross-sell complimentary products, points incentive"
12395,52,2,158.15,4,1,2,New Customers,Welcome onboarding campaign to drive 2nd purchase
12396,227,7,414.74,1,4,3,At Risk,High-value win-back offer with targeted discount
12397,135,2,82.53,1,1,1,Lost Customers,Low-cost automated re-engagement email
12398,65,3,757.45,3,2,4,Lost Customers,Low-cost automated re-engagement email
12399,14,6,157.4,5,4,2,Lost Customers,Low-cost automated re-engagement email
12400,8,3,1116.38,5,2,5,New Customers,Welcome onboarding campaign to drive 2nd purchase
12401,70,3,264.62,3,2,3,Lost Customers,Low-cost automated re-engagement email
12402,90,3,106.04,2,2,1,Lost Customers,Low-cost automated re-engagement email
12403,111,2,383.69,2,1,3,Lost Customers,Low-cost automated re-engagement email
12404,103,5,711.07,2,4,4,At Risk,High-value win-back offer with targeted discount
12405,109,4,523.45,2,3,4,At Risk,High-value win-back offer with targeted discount
12406,82,2,339.26,3,1,3,Lost Customers,Low-cost automated re-engagement email
12407,150,3,312.43,1,2,3,Lost Customers,Low-cost automated re-engagement email
12408,44,3,408.1,4,2,3,New Customers,Welcome onboarding campaign to drive 2nd purchase
12409,69,3,918.98,3,2,5,Lost Customers,Low-cost automated re-engagement email
12410,12,6,648.09,5,4,4,Champions,"VIP rewards, early access to new collections"
12411,43,2,376.47,4,1,3,New Customers,Welcome onboarding campaign to drive 2nd purchase
12412,133,29,360.56,1,5,3,At Risk,High-value win-back offer with targeted discount
12413,106,11,1325.76,2,5,5,At Risk,High-value win-back offer with targeted discount
12414,4,11,9589.83,5,5,5,Champions,"VIP rewards, early access to new collections"
12415,238,2,36.06,1,1,1,Lost Customers,Low-cost automated re-engagement email
12416,76,1,544.77,3,1,4,Lost Customers,Low-cost automated re-engagement email
12417,77,3,516.75,3,2,4,Lost Customers,Low-cost automated re-engagement email
12418,40,5,97.71,4,4,1,Lost Customers,Low-cost automated re-engagement email
12419,48,3,280.06,4,2,3,New Customers,Welcome onboarding campaign to drive 2nd purchase
12420,75,3,387.83,3,2,3,Lost Customers,Low-cost automated re-engagement email
12421,102,1,204.42,2,1,2,Lost Customers,Low-cost automated re-engagement email
12422,85,2,121.68,2,1,1,Lost Customers,Low-cost automated re-engagement email
12423,43,3,505.34,4,2,4,New Customers,Welcome onboarding campaign to drive 2nd purchase
12424,31,3,939.5,5,2,5,New Customers,Welcome onboarding campaign to drive 2nd purchase
12425,29,3,599.71,5,2,4,New Customers,Welcome onboarding campaign to drive 2nd purchase
12426,140,2,526.91,1,1,4,Lost Customers,Low-cost automated re-engagement email
12427,129,13,783.64,1,5,4,At Risk,High-value win-back offer with targeted discount
12428,96,6,1000.8,2,4,5,At Risk,High-value win-back offer with targeted discount
12429,139,8,5705.82,1,5,5,At Risk,High-value win-back offer with targeted discount
12430,61,5,170.29,3,4,2,Lost Customers,Low-cost automated re-engagement email
12431,121,2,263.22,2,1,3,Lost Customers,Low-cost automated re-engagement email
12432,99,6,197.99,2,4,2,Lost Customers,Low-cost automated re-engagement email
12433,123,10,2784.5,1,5,5,At Risk,High-value win-back offer with targeted discount
12434,26,11,167.12,5,5,2,Lost Customers,Low-cost automated re-engagement email
12435,82,6,323.96,3,4,3,Loyal Customers,"Cross-sell complimentary products, points incentive"
12436,51,4,2871.37,4,3,5,Loyal Customers,"Cross-sell complimentary products, points incentive"
12437,6,4,230.71,5,3,2,Lost Customers,Low-cost automated re-engagement email
12438,155,6,511.24,1,4,4,At Risk,High-value win-back offer with targeted discount
12439,129,1,276.39,1,1,3,Lost Customers,Low-cost automated re-engagement email
12440,87,6,476.75,2,4,4,At Risk,High-value win-back offer with targeted discount
12441,32,3,43.36,5,2,1,New Customers,Welcome onboarding campaign to drive 2nd purchase
12442,11,20,687.12,5,5,4,Champions,"VIP rewards, early access to new collections"
12443,6,3,884.41,5,2,4,New Customers,Welcome onboarding campaign to drive 2nd purchase
12444,42,4,1353.72,4,3,5,Loyal Customers,"Cross-sell complimentary products, points incentive"
12445,110,4,59.14,2,3,1,Lost Customers,Low-cost automated re-engagement email
12446,51,2,76.6,4,1,1,New Customers,Welcome onboarding campaign to drive 2nd purchase
12447,96,5,245.76,2,4,2,Lost Customers,Low-cost automated re-engagement email
12448,100,5,319.51,2,4,3,At Risk,High-value win-back offer with targeted discount
12449,109,8,312.13,2,5,3,At Risk,High-value win-back offer with targeted discount
12450,9,6,594.12,5,4,4,Champions,"VIP rewards, early access to new collections"
12451,35,4,214.99,4,3,2,Lost Customers,Low-cost automated re-engagement email
12452,95,2,122.42,2,1,1,Lost Customers,Low-cost automated re-engagement email
12453,178,2,64.95,1,1,1,Lost Customers,Low-cost automated re-engagement email
12454,146,13,2369.26,1,5,5,At Risk,High-value win-back offer with targeted discount
12455,84,4,103.32,2,3,1,Lost Customers,Low-cost automated re-engagement email
12456,156,18,2284.58,1,5,5,At Risk,High-value win-back offer with targeted discount
12457,83,2,444.13,2,1,3,Lost Customers,Low-cost automated re-engagement email
12458,15,20,10802.92,5,5,5,Champions,"VIP rewards, early access to new collections"
12459,108,2,282.47,2,1,3,Lost Customers,Low-cost automated re-engagement email
12460,149,3,331.03,1,2,3,Lost Customers,Low-cost automated re-engagement email
12461,216,5,98.31,1,4,1,Lost Customers,Low-cost automated re-engagement email
12462,41,8,2710.53,4,5,5,Champions,"VIP rewards, early access to new collections"
12463,24,6,614.26,5,4,4,Champions,"VIP rewards, early access to new collections"
12464,121,1,118.92,2,1,1,Lost Customers,Low-cost automated re-engagement email
12465,91,3,385.48,2,2,3,Lost Customers,Low-cost automated re-engagement email
12466,85,2,199.53,2,1,2,Lost Customers,Low-cost automated re-engagement email
12467,158,2,181.32,1,1,2,Lost Customers,Low-cost automated re-engagement email
12468,121,4,259.35,2,3,2,Lost Customers,Low-cost automated re-engagement email
12469,97,1,173.17,2,1,2,Lost Customers,Low-cost automated re-engagement email
12470,46,8,186.64,4,5,2,Lost Customers,Low-cost automated re-engagement email
12471,114,7,160.2,2,4,2,Lost Customers,Low-cost automated re-engagement email
12472,23,13,545.95,5,5,4,Champions,"VIP rewards, early access to new collections"
12473,83,2,553.9,2,1,4,Lost Customers,Low-cost automated re-engagement email
12474,65,2,268.78,3,1,3,Lost Customers,Low-cost automated re-engagement email
12475,14,8,406.78,5,5,3,Loyal Customers,"Cross-sell complimentary products, points incentive"
12476,91,9,394.13,2,5,3,At Risk,High-value win-back offer with targeted discount
12477,42,10,838.07,4,5,4,Champions,"VIP rewards, early access to new collections"
12478,90,9,1161.5,2,5,5,At Risk,High-value win-back offer with targeted discount
12479,29,4,1225.49,5,3,5,Loyal Customers,"Cross-sell complimentary products, points incentive"
12480,122,3,1713.22,1,2,5,Lost Customers,Low-cost automated re-engagement email
12481,197,6,482.25,1,4,4,At Risk,High-value win-back offer with targeted discount
12482,23,3,1959.63,5,2,5,New Customers,Welcome onboarding campaign to drive 2nd purchase
12483,29,4,386.82,5,3,3,Loyal Customers,"Cross-sell complimentary products, points incentive"
12484,19,3,354.5,5,2,3,New Customers,Welcome onboarding campaign to drive 2nd purchase
12485,57,5,1086.08,3,4,5,Loyal Customers,"Cross-sell complimentary products, points incentive"
12486,89,9,2227.65,2,5,5,At Risk,High-value win-back offer with targeted discount
12487,110,3,1114.85,2,2,5,Lost Customers,Low-cost automated re-engagement email
12488,82,3,84.9,3,2,1,Lost Customers,Low-cost automated re-engagement email
12489,107,4,401.93,2,3,3,At Risk,High-value win-back offer with targeted discount
12490,64,2,557.11,3,1,4,Lost Customers,Low-cost automated re-engagement email
12491,41,6,206.55,4,4,2,Lost Customers,Low-cost automated re-engagement email
12492,30,4,66.78,5,3,1,Lost Customers,Low-cost automated re-engagement email
12493,58,4,94.51,3,3,1,Lost Customers,Low-cost automated re-engagement email
12494,30,5,403.4,5,4,3,Loyal Customers,"Cross-sell complimentary products, points incentive"
12495,87,2,1110.55,2,1,5,Lost Customers,Low-cost automated re-engagement email
12496,31,11,254.74,5,5,2,Lost Customers,Low-cost automated re-engagement email
12497,45,3,94.58,4,2,1,New Customers,Welcome onboarding campaign to drive 2nd purchase
12498,139,3,171.68,1,2,2,Lost Customers,Low-cost automated re-engagement email
12499,149,7,257.73,1,4,2,Lost Customers,Low-cost automated re-engagement email
12500,145,6,187.69,1,4,2,Lost Customers,Low-cost automated re-engagement email
12501,64,17,244.31,3,5,2,Lost Customers,Low-cost automated re-engagement email
12502,43,2,111.92,4,1,1,New Customers,Welcome onboarding campaign to drive 2nd purchase
12503,97,2,1050.8,2,1,5,Lost Customers,Low-cost automated re-engagement email
12504,31,2,296.62,5,1,3,New Customers,Welcome onboarding campaign to drive 2nd purchase
12505,113,4,1037.91,2,3,5,At Risk,High-value win-back offer with targeted discount
12506,39,3,156.69,4,2,2,New Customers,Welcome onboarding campaign to drive 2nd purchase
12507,56,2,84.34,4,1,1,New Customers,Welcome onboarding campaign to drive 2nd purchase
12508,115,4,575.69,2,3,4,At Risk,High-value win-back offer with targeted discount
12509,10,2,194.15,5,1,2,New Customers,Welcome onboarding campaign to drive 2nd purchase
12510,41,12,1027.51,4,5,5,Champions,"VIP rewards, early access to new collections"
12511,88,2,814.61,2,1,4,Lost Customers,Low-cost automated re-engagement email
12512,102,3,130.84,2,2,1,Lost Customers,Low-cost automated re-engagement email
12513,91,1,38.51,2,1,1,Lost Customers,Low-cost automated re-engagement email
12514,56,1,193.72,4,1,2,New Customers,Welcome onboarding campaign to drive 2nd purchase
12515,123,3,514.88,1,2,4,Lost Customers,Low-cost automated re-engagement email
12516,29,3,105.53,5,2,1,New Customers,Welcome onboarding campaign to drive 2nd purchase
12517,28,6,579.92,5,4,4,Champions,"VIP rewards, early access to new collections"
12518,88,2,35.84,2,1,1,Lost Customers,Low-cost automated re-engagement email
12519,26,5,588.54,5,4,4,Champions,"VIP rewards, early access to new collections"
12520,201,6,354.36,1,4,3,At Risk,High-value win-back offer with targeted discount
12521,42,6,432.88,4,4,3,Loyal Customers,"Cross-sell complimentary products, points incentive"
12522,122,8,258.14,1,5,2,Lost Customers,Low-cost automated re-engagement email
12523,22,2,527.65,5,1,4,New Customers,Welcome onboarding campaign to drive 2nd purchase
12524,174,6,683.94,1,4,4,At Risk,High-value win-back offer with targeted discount
12525,68,14,3081.99,3,5,5,Loyal Customers,"Cross-sell complimentary products, points incentive"
12526,41,11,901.01,4,5,4,Champions,"VIP rewards, early access to new collections"
12527,53,16,4202.12,4,5,5,Champions,"VIP rewards, early access to new collections"
12528,35,5,83.79,4,4,1,Lost Customers,Low-cost automated re-engagement email
12529,56,3,271.47,4,2,3,New Customers,Welcome onboarding campaign to drive 2nd purchase
12530,23,1,263.91,5,1,3,New Customers,Welcome onboarding campaign to drive 2nd purchase
12531,42,2,30.27,4,1,1,New Customers,Welcome onboarding campaign to drive 2nd purchase
12532,120,3,303.36,2,2,3,Lost Customers,Low-cost automated re-engagement email
12533,79,3,453.97,3,2,3,Lost Customers,Low-cost automated re-engagement email
12534,28,2,127.38,5,1,1,New Customers,Welcome onboarding campaign to drive 2nd purchase
12535,58,5,1101.61,3,4,5,Loyal Customers,"Cross-sell complimentary products, points incentive"
12536,150,4,889.35,1,3,4,At Risk,High-value win-back offer with targeted discount
12537,46,4,206.43,4,3,2,Lost Customers,Low-cost automated re-engagement email
12538,26,7,444.87,5,4,3,Loyal Customers,"Cross-sell complimentary products, points incentive"
12539,100,3,94.95,2,2,1,Lost Customers,Low-cost automated re-engagement email
12540,6,8,958.46,5,5,5,Champions,"VIP rewards, early access to new collections"
12541,54,2,216.02,4,1,2,New Customers,Welcome onboarding campaign to drive 2nd purchase
12542,159,3,270.62,1,2,3,Lost Customers,Low-cost automated re-engagement email
12543,57,5,492.77,3,4,4,Loyal Customers,"Cross-sell complimentary products, points incentive"
12544,128,1,41.62,1,1,1,Lost Customers,Low-cost automated re-engagement email
12545,25,3,74.64,5,2,1,New Customers,Welcome onboarding campaign to drive 2nd purchase
12546,55,6,805.56,4,4,4,Champions,"VIP rewards, early access to new collections"
12547,51,3,225.95,4,2,2,New Customers,Welcome onboarding campaign to drive 2nd purchase
12548,96,1,35.59,2,1,1,Lost Customers,Low-cost automated re-engagement email
12549,71,2,93.75,3,1,1,Lost Customers,Low-cost automated re-engagement email
12550,173,2,411.51,1,1,3,Lost Customers,Low-cost automated re-engagement email
12551,44,5,977.25,4,4,5,Champions,"VIP rewards, early access to new collections"
12552,70,4,653.89,3,3,4,Loyal Customers,"Cross-sell complimentary products, points incentive"
12553,52,1,86.73,4,1,1,New Customers,Welcome onboarding campaign to drive 2nd purchase
12554,66,1,48.72,3,1,1,Lost Customers,Low-cost automated re-engagement email
12555,62,2,591.82,3,1,4,Lost Customers,Low-cost automated re-engagement email
12556,31,4,269.14,5,3,3,Loyal Customers,"Cross-sell complimentary products, points incentive"
12557,115,2,229.68,2,1,2,Lost Customers,Low-cost automated re-engagement email
12558,38,5,209.34,4,4,2,Lost Customers,Low-cost automated re-engagement email
12559,36,5,363.22,4,4,3,Loyal Customers,"Cross-sell complimentary products, points incentive"
12560,15,6,49.0,5,4,1,Lost Customers,Low-cost automated re-engagement email
12561,43,2,102.23,4,1,1,New Customers,Welcome onboarding campaign to drive 2nd purchase
12562,38,3,68.54,4,2,1,New Customers,Welcome onboarding campaign to drive 2nd purchase
12563,8,8,875.64,5,5,4,Champions,"VIP rewards, early access to new collections"
12564,56,2,105.32,4,1,1,New Customers,Welcome onboarding campaign to drive 2nd purchase
12565,168,2,137.23,1,1,2,Lost Customers,Low-cost automated re-engagement email
12566,18,3,1837.08,5,2,5,New Customers,Welcome onboarding campaign to drive 2nd purchase
12567,65,3,107.7,3,2,1,Lost Customers,Low-cost automated re-engagement email
12568,55,4,401.82,4,3,3,Loyal Customers,"Cross-sell complimentary products, points incentive"
12569,105,3,329.0,2,2,3,Lost Customers,Low-cost automated re-engagement email
12570,110,1,38.29,2,1,1,Lost Customers,Low-cost automated re-engagement email
12571,252,9,2187.15,1,5,5,At Risk,High-value win-back offer with targeted discount
12572,81,5,1980.56,3,4,5,Loyal Customers,"Cross-sell complimentary products, points incentive"
12573,34,4,1059.79,5,3,5,Loyal Customers,"Cross-sell complimentary products, points incentive"
12574,42,4,152.6,4,3,2,Lost Customers,Low-cost automated re-engagement email
12575,46,3,143.46,4,2,2,New Customers,Welcome onboarding campaign to drive 2nd purchase
12576,39,2,29.05,4,1,1,New Customers,Welcome onboarding campaign to drive 2nd purchase
12577,195,1,76.44,1,1,1,Lost Customers,Low-cost automated re-engagement email
12578,107,13,1059.78,2,5,5,At Risk,High-value win-back offer with targeted discount
12579,95,4,726.18,2,3,4,At Risk,High-value win-back offer with targeted discount
12580,26,1,440.1,5,1,3,New Customers,Welcome onboarding campaign to drive 2nd purchase
12581,110,2,57.99,2,1,1,Lost Customers,Low-cost automated re-engagement email
12582,142,5,509.82,1,4,4,At Risk,High-value win-back offer with targeted discount
12583,56,5,367.28,4,4,3,Loyal Customers,"Cross-sell complimentary products, points incentive"
12584,42,2,157.1,4,1,2,New Customers,Welcome onboarding campaign to drive 2nd purchase
12585,176,2,735.83,1,1,4,Lost Customers,Low-cost automated re-engagement email
12586,37,3,294.35,4,2,3,New Customers,Welcome onboarding campaign to drive 2nd purchase
12587,34,1,147.64,5,1,2,New Customers,Welcome onboarding campaign to drive 2nd purchase
12588,29,3,413.73,5,2,3,New Customers,Welcome onboarding campaign to drive 2nd purchase
12589,63,3,328.61,3,2,3,Lost Customers,Low-cost automated re-engagement email
12590,81,12,541.6,3,5,4,Loyal Customers,"Cross-sell complimentary products, points incentive"
12591,129,3,1455.54,1,2,5,Lost Customers,Low-cost automated re-engagement email
12592,98,5,436.52,2,4,3,At Risk,High-value win-back offer with targeted discount
12593,97,12,1742.23,2,5,5,At Risk,High-value win-back offer with targeted discount
12594,157,2,226.24,1,1,2,Lost Customers,Low-cost automated re-engagement email
12595,28,3,40.37,5,2,1,New Customers,Welcome onboarding campaign to drive 2nd purchase
12596,17,3,105.71,5,2,1,New Customers,Welcome onboarding campaign to drive 2nd purchase
12597,102,1,99.74,2,1,1,Lost Customers,Low-cost automated re-engagement email
12598,61,3,125.71,3,2,1,Lost Customers,Low-cost automated re-engagement email
12599,130,9,1164.39,1,5,5,At Risk,High-value win-back offer with targeted discount
12600,65,7,277.76,3,4,3,Loyal Customers,"Cross-sell complimentary products, points incentive"
12601,40,9,822.57,4,5,4,Champions,"VIP rewards, early access to new collections"
12602,103,2,38.72,2,1,1,Lost Customers,Low-cost automated re-engagement email
12603,71,2,382.02,3,1,3,Lost Customers,Low-cost automated re-engagement email
12604,65,21,2836.74,3,5,5,Loyal Customers,"Cross-sell complimentary products, points incentive"
12605,282,4,563.52,1,3,4,At Risk,High-value win-back offer with targeted discount
12606,149,1,82.96,1,1,1,Lost Customers,Low-cost automated re-engagement email
12607,112,26,1249.75,2,5,5,At Risk,High-value win-back offer with targeted discount
12608,73,4,1489.89,3,3,5,Loyal Customers,"Cross-sell complimentary products, points incentive"
12609,69,1,403.37,3,1,3,Lost Customers,Low-cost automated re-engagement email
12610,53,11,928.53,4,5,5,Champions,"VIP rewards, early access to new collections"
12611,79,1,53.83,3,1,1,Lost Customers,Low-cost automated re-engagement email
12612,45,5,95.0,4,4,1,Lost Customers,Low-cost automated re-engagement email
12613,23,7,771.67,5,4,4,Champions,"VIP rewards, early access to new collections"
12614,65,6,295.93,3,4,3,Loyal Customers,"Cross-sell complimentary products, points incentive"
12615,83,12,701.52,2,5,4,At Risk,High-value win-back offer with targeted discount
12616,130,8,1714.8,1,5,5,At Risk,High-value win-back offer with targeted discount
12617,34,15,567.89,5,5,4,Champions,"VIP rewards, early access to new collections"
12618,69,4,2024.85,3,3,5,Loyal Customers,"Cross-sell complimentary products, points incentive"
12619,98,3,108.12,2,2,1,Lost Customers,Low-cost automated re-engagement email
12620,96,3,42.79,2,2,1,Lost Customers,Low-cost automated re-engagement email
12621,189,10,497.86,1,5,4,At Risk,High-value win-back offer with targeted discount
12622,54,2,248.21,4,1,2,New Customers,Welcome onboarding campaign to drive 2nd purchase
12623,32,7,712.56,5,4,4,Champions,"VIP rewards, early access to new collections"
12624,72,2,212.27,3,1,2,Lost Customers,Low-cost automated re-engagement email
12625,56,2,140.3,4,1,2,New Customers,Welcome onboarding campaign to drive 2nd purchase
12626,48,9,516.06,4,5,4,Champions,"VIP rewards, early access to new collections"
12627,43,5,147.5,4,4,2,Lost Customers,Low-cost automated re-engagement email
12628,84,1,101.14,2,1,1,Lost Customers,Low-cost automated re-engagement email
12629,38,2,466.02,4,1,4,New Customers,Welcome onboarding campaign to drive 2nd purchase
12630,112,1,91.17,2,1,1,Lost Customers,Low-cost automated re-engagement email
12631,108,3,136.17,2,2,1,Lost Customers,Low-cost automated re-engagement email
12632,89,3,307.96,2,2,3,Lost Customers,Low-cost automated re-engagement email
12633,28,3,1008.33,5,2,5,New Customers,Welcome onboarding campaign to drive 2nd purchase
12634,81,9,674.25,3,5,4,Loyal Customers,"Cross-sell complimentary products, points incentive"
12635,136,5,147.89,1,4,2,Lost Customers,Low-cost automated re-engagement email
12636,117,24,2633.02,2,5,5,At Risk,High-value win-back offer with targeted discount
12637,106,6,918.19,2,4,5,At Risk,High-value win-back offer with targeted discount
12638,68,6,1178.81,3,4,5,Loyal Customers,"Cross-sell complimentary products, points incentive"
12639,66,5,842.98,3,4,4,Loyal Customers,"Cross-sell complimentary products, points incentive"
12640,151,3,313.59,1,2,3,Lost Customers,Low-cost automated re-engagement email
12641,83,2,85.01,2,1,1,Lost Customers,Low-cost automated re-engagement email
12642,83,3,111.46,2,2,1,Lost Customers,Low-cost automated re-engagement email
12643,335,3,199.2,1,2,2,Lost Customers,Low-cost automated re-engagement email
12644,53,4,626.42,4,3,4,Loyal Customers,"Cross-sell complimentary products, points incentive"
12645,7,6,300.74,5,4,3,Loyal Customers,"Cross-sell complimentary products, points incentive"
12646,59,5,289.42,3,4,3,Loyal Customers,"Cross-sell complimentary products, points incentive"
12647,61,3,121.72,3,2,1,Lost Customers,Low-cost automated re-engagement email
12648,82,2,733.53,3,1,4,Lost Customers,Low-cost automated re-engagement email
12649,96,4,294.83,2,3,3,At Risk,High-value win-back offer with targeted discount
12650,9,2,329.51,5,1,3,New Customers,Welcome onboarding campaign to drive 2nd purchase
12651,97,3,1119.77,2,2,5,Lost Customers,Low-cost automated re-engagement email
12652,64,3,114.68,3,2,1,Lost Customers,Low-cost automated re-engagement email
12653,54,24,4277.54,4,5,5,Champions,"VIP rewards, early access to new collections"
12654,14,2,165.56,5,1,2,New Customers,Welcome onboarding campaign to drive 2nd purchase
12655,171,2,637.95,1,1,4,Lost Customers,Low-cost automated re-engagement email
12656,48,3,132.36,4,2,1,New Customers,Welcome onboarding campaign to drive 2nd purchase
12657,107,3,327.49,2,2,3,Lost Customers,Low-cost automated re-engagement email
12658,34,8,1274.61,5,5,5,Champions,"VIP rewards, early access to new collections"
12659,84,3,145.84,2,2,2,Lost Customers,Low-cost automated re-engagement email
12660,55,2,149.35,4,1,2,New Customers,Welcome onboarding campaign to drive 2nd purchase
12661,105,11,872.42,2,5,4,At Risk,High-value win-back offer with targeted discount
12662,54,5,1204.56,4,4,5,Champions,"VIP rewards, early access to new collections"
12663,32,5,3313.02,5,4,5,Champions,"VIP rewards, early access to new collections"
12664,66,6,2232.71,3,4,5,Loyal Customers,"Cross-sell complimentary products, points incentive"
12665,64,2,656.85,3,1,4,Lost Customers,Low-cost automated re-engagement email
12666,80,4,8.32,3,3,1,Lost Customers,Low-cost automated re-engagement email
12667,127,7,710.04,1,4,4,At Risk,High-value win-back offer with targeted discount
12668,26,2,190.7,5,1,2,New Customers,Welcome onboarding campaign to drive 2nd purchase
12669,123,5,925.26,1,4,5,At Risk,High-value win-back offer with targeted discount
12670,23,6,147.67,5,4,2,Lost Customers,Low-cost automated re-engagement email
12671,102,2,345.81,2,1,3,Lost Customers,Low-cost automated re-engagement email
12672,105,2,27.56,2,1,1,Lost Customers,Low-cost automated re-engagement email
12673,46,1,226.94,4,1,2,New Customers,Welcome onboarding campaign to drive 2nd purchase
12674,35,4,81.68,4,3,1,Lost Customers,Low-cost automated re-engagement email
12675,34,15,4066.12,5,5,5,Champions,"VIP rewards, early access to new collections"
12676,71,2,518.25,3,1,4,Lost Customers,Low-cost automated re-engagement email
12677,109,3,199.98,2,2,2,Lost Customers,Low-cost automated re-engagement email
12678,60,8,1068.46,3,5,5,Loyal Customers,"Cross-sell complimentary products, points incentive"
12679,6,5,448.79,5,4,3,Loyal Customers,"Cross-sell complimentary products, points incentive"
12680,43,2,47.58,4,1,1,New Customers,Welcome onboarding campaign to drive 2nd purchase
12681,42,12,1792.51,4,5,5,Champions,"VIP rewards, early access to new collections"
12682,95,4,1048.2,2,3,5,At Risk,High-value win-back offer with targeted discount
12683,99,3,202.02,2,2,2,Lost Customers,Low-cost automated re-engagement email
12684,75,3,479.82,3,2,4,Lost Customers,Low-cost automated re-engagement email
12685,123,6,245.29,1,4,2,Lost Customers,Low-cost automated re-engagement email
12686,129,3,617.03,1,2,4,Lost Customers,Low-cost automated re-engagement email
12687,45,12,1090.14,4,5,5,Champions,"VIP rewards, early access to new collections"
12688,33,10,888.17,5,5,4,Champions,"VIP rewards, early access to new collections"
12689,63,4,549.25,3,3,4,Loyal Customers,"Cross-sell complimentary products, points incentive"
12690,75,4,1425.89,3,3,5,Loyal Customers,"Cross-sell complimentary products, points incentive"
12691,44,2,289.17,4,1,3,New Customers,Welcome onboarding campaign to drive 2nd purchase
12692,373,2,67.97,1,1,1,Lost Customers,Low-cost automated re-engagement email
12693,165,2,94.33,1,1,1,Lost Customers,Low-cost automated re-engagement email
12694,40,3,253.12,4,2,2,New Customers,Welcome onboarding campaign to drive 2nd purchase
12695,27,4,562.76,5,3,4,Loyal Customers,"Cross-sell complimentary products, points incentive"
12696,38,1,31.64,4,1,1,New Customers,Welcome onboarding campaign to drive 2nd purchase
12697,131,6,739.62,1,4,4,At Risk,High-value win-back offer with targeted discount
12698,133,2,400.77,1,1,3,Lost Customers,Low-cost automated re-engagement email
12699,166,5,286.93,1,4,3,At Risk,High-value win-back offer with targeted discount
12700,32,7,3713.66,5,4,5,Champions,"VIP rewards, early access to new collections"
12701,95,10,461.38,2,5,3,At Risk,High-value win-back offer with targeted discount
12702,35,8,863.33,4,5,4,Champions,"VIP rewards, early access to new collections"
12703,190,13,178.62,1,5,2,Lost Customers,Low-cost automated re-engagement email
12704,33,7,473.82,5,4,4,Champions,"VIP rewards, early access to new collections"
12705,22,4,314.93,5,3,3,Loyal Customers,"Cross-sell complimentary products, points incentive"
12706,26,3,183.74,5,2,2,New Customers,Welcome onboarding campaign to drive 2nd purchase
12707,67,4,185.47,3,3,2,Lost Customers,Low-cost automated re-engagement email
12708,108,13,734.65,2,5,4,At Risk,High-value win-back offer with targeted discount
12709,103,3,477.66,2,2,4,Lost Customers,Low-cost automated re-engagement email
12710,27,4,64.06,5,3,1,Lost Customers,Low-cost automated re-engagement email
12711,50,11,185.6,4,5,2,Lost Customers,Low-cost automated re-engagement email
12712,45,3,173.51,4,2,2,New Customers,Welcome onboarding campaign to drive 2nd purchase
12713,24,2,161.3,5,1,2,New Customers,Welcome onboarding campaign to drive 2nd purchase
12714,44,9,400.56,4,5,3,Loyal Customers,"Cross-sell complimentary products, points incentive"
12715,162,2,190.58,1,1,2,Lost Customers,Low-cost automated re-engagement email
12716,21,5,786.53,5,4,4,Champions,"VIP rewards, early access to new collections"
12717,79,4,868.89,3,3,4,Loyal Customers,"Cross-sell complimentary products, points incentive"
12718,164,5,1480.83,1,4,5,At Risk,High-value win-back offer with targeted discount
12719,159,1,27.33,1,1,1,Lost Customers,Low-cost automated re-engagement email
12720,195,7,314.73,1,4,3,At Risk,High-value win-back offer with targeted discount
12721,84,4,163.5,2,3,2,Lost Customers,Low-cost automated re-engagement email
12722,93,6,1341.67,2,4,5,At Risk,High-value win-back offer with targeted discount
12723,44,5,254.68,4,4,2,Lost Customers,Low-cost automated re-engagement email
12724,20,5,593.35,5,4,4,Champions,"VIP rewards, early access to new collections"
12725,60,3,75.58,3,2,1,Lost Customers,Low-cost automated re-engagement email
12726,141,3,151.31,1,2,2,Lost Customers,Low-cost automated re-engagement email
12727,6,4,160.63,5,3,2,Lost Customers,Low-cost automated re-engagement email
12728,46,4,666.05,4,3,4,Loyal Customers,"Cross-sell complimentary products, points incentive"
12729,99,3,87.93,2,2,1,Lost Customers,Low-cost automated re-engagement email
12730,67,8,3588.96,3,5,5,Loyal Customers,"Cross-sell complimentary products, points incentive"
12731,153,3,327.87,1,2,3,Lost Customers,Low-cost automated re-engagement email
12732,132,2,93.48,1,1,1,Lost Customers,Low-cost automated re-engagement email
12733,18,6,734.31,5,4,4,Champions,"VIP rewards, early access to new collections"
12734,72,15,649.2,3,5,4,Loyal Customers,"Cross-sell complimentary products, points incentive"
12735,36,2,69.2,4,1,1,New Customers,Welcome onboarding campaign to drive 2nd purchase
12736,36,4,675.02,4,3,4,Loyal Customers,"Cross-sell complimentary products, points incentive"
12737,19,8,2468.77,5,5,5,Champions,"VIP rewards, early access to new collections"
12738,80,6,761.01,3,4,4,Loyal Customers,"Cross-sell complimentary products, points incentive"
12739,155,6,178.71,1,4,2,Lost Customers,Low-cost automated re-engagement email
12740,86,4,172.73,2,3,2,Lost Customers,Low-cost automated re-engagement email
12741,18,1,356.43,5,1,3,New Customers,Welcome onboarding campaign to drive 2nd purchase
12742,65,5,919.99,3,4,5,Loyal Customers,"Cross-sell complimentary products, points incentive"
12743,97,5,163.15,2,4,2,Lost Customers,Low-cost automated re-engagement email
12744,61,9,426.3,3,5,3,Loyal Customers,"Cross-sell complimentary products, points incentive"
12745,84,2,213.12,2,1,2,Lost Customers,Low-cost automated re-engagement email
12746,39,13,1028.07,4,5,5,Champions,"VIP rewards, early access to new collections"
12747,56,3,1769.98,4,2,5,New Customers,Welcome onboarding campaign to drive 2nd purchase
12748,53,3,139.79,4,2,2,New Customers,Welcome onboarding campaign to drive 2nd purchase
12749,174,2,308.75,1,1,3,Lost Customers,Low-cost automated re-engagement email
12750,27,8,941.08,5,5,5,Champions,"VIP rewards, early access to new collections"
12751,7,2,40.42,5,1,1,New Customers,Welcome onboarding campaign to drive 2nd purchase
12752,167,6,62.67,1,4,1,Lost Customers,Low-cost automated re-engagement email
12753,73,2,127.35,3,1,1,Lost Customers,Low-cost automated re-engagement email
12754,22,4,524.72,5,3,4,Loyal Customers,"Cross-sell complimentary products, points incentive"
12755,124,1,376.47,1,1,3,Lost Customers,Low-cost automated re-engagement email
12756,101,7,311.55,2,4,3,At Risk,High-value win-back offer with targeted discount
12757,192,3,413.95,1,2,3,Lost Customers,Low-cost automated re-engagement email
12758,78,6,415.95,3,4,3,Loyal Customers,"Cross-sell complimentary products, points incentive"
12759,283,3,1278.26,1,2,5,Lost Customers,Low-cost automated re-engagement email
12760,61,6,521.01,3,4,4,Loyal Customers,"Cross-sell complimentary products, points incentive"
12761,101,4,242.36,2,3,2,Lost Customers,Low-cost automated re-engagement email
12762,111,7,734.57,2,4,4,At Risk,High-value win-back offer with targeted discount
12763,48,6,642.47,4,4,4,Champions,"VIP rewards, early access to new collections"
12764,46,4,1265.25,4,3,5,Loyal Customers,"Cross-sell complimentary products, points incentive"
12765,113,2,180.86,2,1,2,Lost Customers,Low-cost automated re-engagement email
12766,21,3,397.78,5,2,3,New Customers,Welcome onboarding campaign to drive 2nd purchase
12767,36,2,40.63,4,1,1,New Customers,Welcome onboarding campaign to drive 2nd purchase
12768,60,11,350.05,3,5,3,Loyal Customers,"Cross-sell complimentary products, points incentive"
12769,188,7,449.04,1,4,3,At Risk,High-value win-back offer with targeted discount
12770,113,4,395.31,2,3,3,At Risk,High-value win-back offer with targeted discount
12771,71,3,136.06,3,2,1,Lost Customers,Low-cost automated re-engagement email
12772,44,2,232.37,4,1,2,New Customers,Welcome onboarding campaign to drive 2nd purchase
12773,238,4,224.82,1,3,2,Lost Customers,Low-cost automated re-engagement email
12774,64,15,6226.18,3,5,5,Loyal Customers,"Cross-sell complimentary products, points incentive"
12775,36,4,298.95,4,3,3,Loyal Customers,"Cross-sell complimentary products, points incentive"
12776,267,9,1193.88,1,5,5,At Risk,High-value win-back offer with targeted discount
12777,22,5,369.82,5,4,3,Loyal Customers,"Cross-sell complimentary products, points incentive"
12778,158,6,496.73,1,4,4,At Risk,High-value win-back offer with targeted discount
12779,68,3,441.57,3,2,3,Lost Customers,Low-cost automated re-engagement email
12780,112,3,305.76,2,2,3,Lost Customers,Low-cost automated re-engagement email
12781,99,2,112.57,2,1,1,Lost Customers,Low-cost automated re-engagement email
12782,111,5,608.48,2,4,4,At Risk,High-value win-back offer with targeted discount
12783,283,3,234.15,1,2,2,Lost Customers,Low-cost automated re-engagement email
12784,256,5,760.37,1,4,4,At Risk,High-value win-back offer with targeted discount
12785,38,2,505.73,4,1,4,New Customers,Welcome onboarding campaign to drive 2nd purchase
12786,96,5,1099.12,2,4,5,At Risk,High-value win-back offer with targeted discount
12787,12,4,138.43,5,3,2,Lost Customers,Low-cost automated re-engagement email
12788,120,4,23.58,2,3,1,Lost Customers,Low-cost automated re-engagement email
12789,139,5,3433.37,1,4,5,At Risk,High-value win-back offer with targeted discount
12790,7,3,433.01,5,2,3,New Customers,Welcome onboarding campaign to drive 2nd purchase
12791,66,70,8849.25,3,5,5,Loyal Customers,"Cross-sell complimentary products, points incentive"
12792,112,5,237.19,2,4,2,Lost Customers,Low-cost automated re-engagement email
12793,87,4,56.9,2,3,1,Lost Customers,Low-cost automated re-engagement email
12794,22,7,103.88,5,4,1,Lost Customers,Low-cost automated re-engagement email
12795,24,3,199.35,5,2,2,New Customers,Welcome onboarding campaign to drive 2nd purchase
12796,60,3,309.93,3,2,3,Lost Customers,Low-cost automated re-engagement email
12797,48,7,2871.56,4,4,5,Champions,"VIP rewards, early access to new collections"
12798,51,7,784.29,4,4,4,Champions,"VIP rewards, early access to new collections"
12799,19,9,1480.29,5,5,5,Champions,"VIP rewards, early access to new collections"
12800,69,2,111.47,3,1,1,Lost Customers,Low-cost automated re-engagement email
12801,189,4,238.48,1,3,2,Lost Customers,Low-cost automated re-engagement email
12802,23,5,119.52,5,4,1,Lost Customers,Low-cost automated re-engagement email
12803,56,6,178.81,4,4,2,Lost Customers,Low-cost automated re-engagement email
12804,104,6,177.23,2,4,2,Lost Customers,Low-cost automated re-engagement email
12805,15,2,129.81,5,1,1,New Customers,Welcome onboarding campaign to drive 2nd purchase
12806,69,6,120.82,3,4,1,Lost Customers,Low-cost automated re-engagement email
12807,136,5,216.87,1,4,2,Lost Customers,Low-cost automated re-engagement email
12808,28,5,434.5,5,4,3,Loyal Customers,"Cross-sell complimentary products, points incentive"
12809,74,2,20.71,3,1,1,Lost Customers,Low-cost automated re-engagement email
12810,130,2,683.43,1,1,4,Lost Customers,Low-cost automated re-engagement email
12811,274,15,6710.37,1,5,5,At Risk,High-value win-back offer with targeted discount
12812,72,8,1824.57,3,5,5,Loyal Customers,"Cross-sell complimentary products, points incentive"
12813,37,4,512.34,4,3,4,Loyal Customers,"Cross-sell complimentary products, points incentive"
12814,37,4,482.86,4,3,4,Loyal Customers,"Cross-sell complimentary products, points incentive"
12815,18,20,2904.56,5,5,5,Champions,"VIP rewards, early access to new collections"
12816,200,4,389.09,1,3,3,At Risk,High-value win-back offer with targeted discount
12817,124,4,424.15,1,3,3,At Risk,High-value win-back offer with targeted discount
12818,24,2,40.37,5,1,1,New Customers,Welcome onboarding campaign to drive 2nd purchase
12819,35,3,299.81,4,2,3,New Customers,Welcome onboarding campaign to drive 2nd purchase
12820,71,1,141.0,3,1,2,Lost Customers,Low-cost automated re-engagement email
12821,136,6,732.33,1,4,4,At Risk,High-value win-back offer with targeted discount
12822,97,10,2529.7,2,5,5,At Risk,High-value win-back offer with targeted discount
12823,90,10,3377.76,2,5,5,At Risk,High-value win-back offer with targeted discount
12824,78,2,112.2,3,1,1,Lost Customers,Low-cost automated re-engagement email
12825,26,1,32.44,5,1,1,New Customers,Welcome onboarding campaign to drive 2nd purchase
12826,71,5,1393.66,3,4,5,Loyal Customers,"Cross-sell complimentary products, points incentive"
12827,65,10,1638.14,3,5,5,Loyal Customers,"Cross-sell complimentary products, points incentive"
12828,18,1,53.76,5,1,1,New Customers,Welcome onboarding campaign to drive 2nd purchase
12829,196,3,220.87,1,2,2,Lost Customers,Low-cost automated re-engagement email
12830,41,5,342.36,4,4,3,Loyal Customers,"Cross-sell complimentary products, points incentive"
12831,18,2,229.73,5,1,2,New Customers,Welcome onboarding campaign to drive 2nd purchase
12832,47,1,327.99,4,1,3,New Customers,Welcome onboarding campaign to drive 2nd purchase
12833,55,2,80.41,4,1,1,New Customers,Welcome onboarding campaign to drive 2nd purchase
12834,64,3,351.42,3,2,3,Lost Customers,Low-cost automated re-engagement email
12835,54,1,113.34,4,1,1,New Customers,Welcome onboarding campaign to drive 2nd purchase
12836,66,8,120.44,3,5,1,Lost Customers,Low-cost automated re-engagement email
12837,75,12,10293.41,3,5,5,Loyal Customers,"Cross-sell complimentary products, points incentive"
12838,72,4,434.76,3,3,3,Loyal Customers,"Cross-sell complimentary products, points incentive"
12839,90,6,1529.42,2,4,5,At Risk,High-value win-back offer with targeted discount
12840,93,2,41.97,2,1,1,Lost Customers,Low-cost automated re-engagement email
12841,95,3,1530.09,2,2,5,Lost Customers,Low-cost automated re-engagement email
12842,112,3,196.65,2,2,2,Lost Customers,Low-cost automated re-engagement email
12843,37,5,56.62,4,4,1,Lost Customers,Low-cost automated re-engagement email
12844,39,1,25.03,4,1,1,New Customers,Welcome onboarding campaign to drive 2nd purchase
12845,136,3,89.37,1,2,1,Lost Customers,Low-cost automated re-engagement email
12846,48,6,269.27,4,4,3,Loyal Customers,"Cross-sell complimentary products, points incentive"
12847,61,5,140.98,3,4,2,Lost Customers,Low-cost automated re-engagement email
12848,57,7,1306.77,3,4,5,Loyal Customers,"Cross-sell complimentary products, points incentive"
12849,267,3,317.26,1,2,3,Lost Customers,Low-cost automated re-engagement email
12850,32,1,142.61,5,1,2,New Customers,Welcome onboarding campaign to drive 2nd purchase
12851,32,8,1060.48,5,5,5,Champions,"VIP rewards, early access to new collections"
12852,67,7,505.4,3,4,4,Loyal Customers,"Cross-sell complimentary products, points incentive"
12853,58,12,265.45,3,5,3,Loyal Customers,"Cross-sell complimentary products, points incentive"
12854,24,4,92.4,5,3,1,Lost Customers,Low-cost automated re-engagement email
12855,63,5,120.0,3,4,1,Lost Customers,Low-cost automated re-engagement email
12856,68,22,741.2,3,5,4,Loyal Customers,"Cross-sell complimentary products, points incentive"
12857,44,1,413.26,4,1,3,New Customers,Welcome onboarding campaign to drive 2nd purchase
12858,60,5,117.12,3,4,1,Lost Customers,Low-cost automated re-engagement email
12859,35,9,3064.3,4,5,5,Champions,"VIP rewards, early access to new collections"
12860,24,4,139.43,5,3,2,Lost Customers,Low-cost automated re-engagement email
12861,48,4,106.34,4,3,1,Lost Customers,Low-cost automated re-engagement email
12862,28,2,263.11,5,1,3,New Customers,Welcome onboarding campaign to drive 2nd purchase
12863,20,11,3097.66,5,5,5,Champions,"VIP rewards, early access to new collections"
12864,10,8,166.93,5,5,2,Lost Customers,Low-cost automated re-engagement email
12865,79,10,830.39,3,5,4,Loyal Customers,"Cross-sell complimentary products, points incentive"
12866,47,4,1048.06,4,3,5,Loyal Customers,"Cross-sell complimentary products, points incentive"
12867,137,3,613.03,1,2,4,Lost Customers,Low-cost automated re-engagement email
12868,50,4,89.65,4,3,1,Lost Customers,Low-cost automated re-engagement email
12869,79,13,973.13,3,5,5,Loyal Customers,"Cross-sell complimentary products, points incentive"
12870,39,3,63.46,4,2,1,New Customers,Welcome onboarding campaign to drive 2nd purchase
12871,65,11,1386.6,3,5,5,Loyal Customers,"Cross-sell complimentary products, points incentive"
12872,10,3,313.43,5,2,3,New Customers,Welcome onboarding campaign to drive 2nd purchase
12873,47,2,299.38,4,1,3,New Customers,Welcome onboarding campaign to drive 2nd purchase
12874,32,1,38.11,5,1,1,New Customers,Welcome onboarding campaign to drive 2nd purchase
12875,127,6,287.91,1,4,3,At Risk,High-value win-back offer with targeted discount
12876,75,7,1533.88,3,4,5,Loyal Customers,"Cross-sell complimentary products, points incentive"
12877,115,2,455.33,2,1,3,Lost Customers,Low-cost automated re-engagement email
12878,147,11,4460.14,1,5,5,At Risk,High-value win-back offer with targeted discount
12879,44,2,646.85,4,1,4,New Customers,Welcome onboarding campaign to drive 2nd purchase
12880,73,6,122.48,3,4,1,Lost Customers,Low-cost automated re-engagement email
12881,26,7,1896.21,5,4,5,Champions,"VIP rewards, early access to new collections"
12882,88,8,698.14,2,5,4,At Risk,High-value win-back offer with targeted discount
12883,97,1,173.25,2,1,2,Lost Customers,Low-cost automated re-engagement email
12884,83,8,531.21,2,5,4,At Risk,High-value win-back offer with targeted discount
12885,44,3,118.53,4,2,1,New Customers,Welcome onboarding campaign to drive 2nd purchase
12886,208,3,209.01,1,2,2,Lost Customers,Low-cost automated re-engagement email
12887,68,7,667.83,3,4,4,Loyal Customers,"Cross-sell complimentary products, points incentive"
12888,26,8,935.0,5,5,5,Champions,"VIP rewards, early access to new collections"
12889,103,1,216.21,2,1,2,Lost Customers,Low-cost automated re-engagement email
12890,130,2,70.75,1,1,1,Lost Customers,Low-cost automated re-engagement email
12891,26,9,294.4,5,5,3,Loyal Customers,"Cross-sell complimentary products, points incentive"
12892,55,5,103.82,4,4,1,Lost Customers,Low-cost automated re-engagement email
12893,18,4,294.83,5,3,3,Loyal Customers,"Cross-sell complimentary products, points incentive"
12894,151,2,81.94,1,1,1,Lost Customers,Low-cost automated re-engagement email
12895,62,5,334.1,3,4,3,Loyal Customers,"Cross-sell complimentary products, points incentive"
12896,32,9,828.32,5,5,4,Champions,"VIP rewards, early access to new collections"
12897,131,22,398.09,1,5,3,At Risk,High-value win-back offer with targeted discount
12898,66,3,163.8,3,2,2,Lost Customers,Low-cost automated re-engagement email
12899,119,7,873.34,2,4,4,At Risk,High-value win-back offer with targeted discount
12900,92,15,1436.51,2,5,5,At Risk,High-value win-back offer with targeted discount
12901,29,2,128.57,5,1,1,New Customers,Welcome onboarding campaign to drive 2nd purchase
12902,43,15,1307.67,4,5,5,Champions,"VIP rewards, early access to new collections"
12903,33,4,281.9,5,3,3,Loyal Customers,"Cross-sell complimentary products, points incentive"
12904,24,4,146.87,5,3,2,Lost Customers,Low-cost automated re-engagement email
12905,14,3,94.64,5,2,1,New Customers,Welcome onboarding campaign to drive 2nd purchase
12906,236,3,3032.65,1,2,5,Lost Customers,Low-cost automated re-engagement email
12907,82,2,317.01,3,1,3,Lost Customers,Low-cost automated re-engagement email
12908,91,2,476.43,2,1,4,Lost Customers,Low-cost automated re-engagement email
12909,141,5,774.96,1,4,4,At Risk,High-value win-back offer with targeted discount
12910,43,9,2838.17,4,5,5,Champions,"VIP rewards, early access to new collections"
12911,19,2,301.6,5,1,3,New Customers,Welcome onboarding campaign to drive 2nd purchase
12912,112,2,27.08,2,1,1,Lost Customers,Low-cost automated re-engagement email
12913,22,5,211.66,5,4,2,Lost Customers,Low-cost automated re-engagement email
12914,110,2,222.69,2,1,2,Lost Customers,Low-cost automated re-engagement email
12915,16,5,543.23,5,4,4,Champions,"VIP rewards, early access to new collections"
12916,21,3,303.96,5,2,3,New Customers,Welcome onboarding campaign to drive 2nd purchase
12917,39,1,32.98,4,1,1,New Customers,Welcome onboarding campaign to drive 2nd purchase
12918,107,5,271.58,2,4,3,At Risk,High-value win-back offer with targeted discount
12919,191,3,337.45,1,2,3,Lost Customers,Low-cost automated re-engagement email
12920,91,8,744.05,2,5,4,At Risk,High-value win-back offer with targeted discount
12921,41,3,542.69,4,2,4,New Customers,Welcome onboarding campaign to drive 2nd purchase
12922,126,2,68.43,1,1,1,Lost Customers,Low-cost automated re-engagement email
12923,16,4,557.58,5,3,4,Loyal Customers,"Cross-sell complimentary products, points incentive"
12924,30,9,483.78,5,5,4,Champions,"VIP rewards, early access to new collections"
12925,71,15,980.03,3,5,5,Loyal Customers,"Cross-sell complimentary products, points incentive"
12926,115,6,513.66,2,4,4,At Risk,High-value win-back offer with targeted discount
12927,57,3,56.84,3,2,1,Lost Customers,Low-cost automated re-engagement email
12928,52,4,403.72,4,3,3,Loyal Customers,"Cross-sell complimentary products, points incentive"
12929,55,4,1116.8,4,3,5,Loyal Customers,"Cross-sell complimentary products, points incentive"
12930,140,3,90.39,1,2,1,Lost Customers,Low-cost automated re-engagement email
12931,35,3,1437.41,4,2,5,New Customers,Welcome onboarding campaign to drive 2nd purchase
12932,28,2,100.52,5,1,1,New Customers,Welcome onboarding campaign to drive 2nd purchase
12933,54,8,1223.62,4,5,5,Champions,"VIP rewards, early access to new collections"
12934,153,7,191.53,1,4,2,Lost Customers,Low-cost automated re-engagement email
12935,39,4,2513.76,4,3,5,Loyal Customers,"Cross-sell complimentary products, points incentive"
12936,55,10,346.68,4,5,3,Loyal Customers,"Cross-sell complimentary products, points incentive"
12937,16,6,650.77,5,4,4,Champions,"VIP rewards, early access to new collections"
12938,56,2,111.14,4,1,1,New Customers,Welcome onboarding campaign to drive 2nd purchase
12939,79,3,258.19,3,2,2,Lost Customers,Low-cost automated re-engagement email
12940,22,11,1095.3,5,5,5,Champions,"VIP rewards, early access to new collections"
12941,140,3,201.35,1,2,2,Lost Customers,Low-cost automated re-engagement email
12942,79,2,97.64,3,1,1,Lost Customers,Low-cost automated re-engagement email
12943,44,6,517.63,4,4,4,Champions,"VIP rewards, early access to new collections"
12944,79,3,253.8,3,2,2,Lost Customers,Low-cost automated re-engagement email
12945,95,6,722.86,2,4,4,At Risk,High-value win-back offer with targeted discount
12946,12,4,556.86,5,3,4,Loyal Customers,"Cross-sell complimentary products, points incentive"
12947,81,2,373.55,3,1,3,Lost Customers,Low-cost automated re-engagement email
12948,150,2,298.46,1,1,3,Lost Customers,Low-cost automated re-engagement email
12949,35,1,101.39,4,1,1,New Customers,Welcome onboarding campaign to drive 2nd purchase
12950,45,2,142.92,4,1,2,New Customers,Welcome onboarding campaign to drive 2nd purchase
12951,51,6,135.93,4,4,1,Lost Customers,Low-cost automated re-engagement email
12952,115,9,931.71,2,5,5,At Risk,High-value win-back offer with targeted discount
12953,26,3,723.17,5,2,4,New Customers,Welcome onboarding campaign to drive 2nd purchase
12954,92,2,90.27,2,1,1,Lost Customers,Low-cost automated re-engagement email
12955,52,9,444.03,4,5,3,Loyal Customers,"Cross-sell complimentary products, points incentive"
12956,196,9,2623.15,1,5,5,At Risk,High-value win-back offer with targeted discount
12957,54,6,2347.25,4,4,5,Champions,"VIP rewards, early access to new collections"
12958,6,2,84.92,5,1,1,New Customers,Welcome onboarding campaign to drive 2nd purchase
12959,104,6,5367.43,2,4,5,At Risk,High-value win-back offer with targeted discount
12960,88,6,786.43,2,4,4,At Risk,High-value win-back offer with targeted discount
12961,76,7,1446.67,3,4,5,Loyal Customers,"Cross-sell complimentary products, points incentive"
12962,147,4,262.27,1,3,2,Lost Customers,Low-cost automated re-engagement email
12963,13,2,227.12,5,1,2,New Customers,Welcome onboarding campaign to drive 2nd purchase
12964,31,3,396.18,5,2,3,New Customers,Welcome onboarding campaign to drive 2nd purchase
12965,65,9,360.55,3,5,3,Loyal Customers,"Cross-sell complimentary products, points incentive"
12966,73,5,1993.38,3,4,5,Loyal Customers,"Cross-sell complimentary products, points incentive"
12967,58,2,173.8,3,1,2,Lost Customers,Low-cost automated re-engagement email
12968,16,14,803.49,5,5,4,Champions,"VIP rewards, early access to new collections"
12969,45,9,285.51,4,5,3,Loyal Customers,"Cross-sell complimentary products, points incentive"
12970,187,13,1941.21,1,5,5,At Risk,High-value win-back offer with targeted discount
12971,25,9,1019.96,5,5,5,Champions,"VIP rewards, early access to new collections"
12972,64,2,74.82,3,1,1,Lost Customers,Low-cost automated re-engagement email
12973,92,5,510.57,2,4,4,At Risk,High-value win-back offer with targeted discount
12974,113,6,837.88,2,4,4,At Risk,High-value win-back offer with targeted discount
12975,104,2,126.17,2,1,1,Lost Customers,Low-cost automated re-engagement email
12976,42,2,251.98,4,1,2,New Customers,Welcome onboarding campaign to drive 2nd purchase
12977,30,7,632.81,5,4,4,Champions,"VIP rewards, early access to new collections"
12978,197,7,517.11,1,4,4,At Risk,High-value win-back offer with targeted discount
12979,121,23,872.62,2,5,4,At Risk,High-value win-back offer with targeted discount
12980,68,3,323.03,3,2,3,Lost Customers,Low-cost automated re-engagement email
12981,164,1,13.92,1,1,1,Lost Customers,Low-cost automated re-engagement email
12982,19,3,985.26,5,2,5,New Customers,Welcome onboarding campaign to drive 2nd purchase
12983,6,7,1834.36,5,4,5,Champions,"VIP rewards, early access to new collections"
12984,73,3,107.4,3,2,1,Lost Customers,Low-cost automated re-engagement email
12985,75,4,98.62,3,3,1,Lost Customers,Low-cost automated re-engagement email
12986,18,2,515.66,5,1,4,New Customers,Welcome onboarding campaign to drive 2nd purchase
12987,118,9,697.65,2,5,4,At Risk,High-value win-back offer with targeted discount
12988,9,7,664.98,5,4,4,Champions,"VIP rewards, early access to new collections"
12989,85,2,183.95,2,1,2,Lost Customers,Low-cost automated re-engagement email
12990,99,3,82.76,2,2,1,Lost Customers,Low-cost automated re-engagement email
12991,72,2,365.06,3,1,3,Lost Customers,Low-cost automated re-engagement email
12992,15,1,134.83,5,1,1,New Customers,Welcome onboarding campaign to drive 2nd purchase
12993,146,2,183.1,1,1,2,Lost Customers,Low-cost automated re-engagement email
12994,44,1,11.68,4,1,1,New Customers,Welcome onboarding campaign to drive 2nd purchase
12995,44,8,1133.08,4,5,5,Champions,"VIP rewards, early access to new collections"
12996,37,8,1012.14,4,5,5,Champions,"VIP rewards, early access to new collections"
12997,106,3,248.06,2,2,2,Lost Customers,Low-cost automated re-engagement email
12998,42,4,858.36,4,3,4,Loyal Customers,"Cross-sell complimentary products, points incentive"
12999,23,8,1989.23,5,5,5,Champions,"VIP rewards, early access to new collections"
13000,127,7,852.38,1,4,4,At Risk,High-value win-back offer with targeted discount
13001,63,17,392.42,3,5,3,Loyal Customers,"Cross-sell complimentary products, points incentive"
13002,130,5,144.12,1,4,2,Lost Customers,Low-cost automated re-engagement email
13003,66,11,528.45,3,5,4,Loyal Customers,"Cross-sell complimentary products, points incentive"
13004,35,4,287.89,4,3,3,Loyal Customers,"Cross-sell complimentary products, points incentive"
13005,11,4,767.91,5,3,4,Loyal Customers,"Cross-sell complimentary products, points incentive"
13006,73,6,726.52,3,4,4,Loyal Customers,"Cross-sell complimentary products, points incentive"
13007,51,6,465.25,4,4,4,Champions,"VIP rewards, early access to new collections"
13008,109,3,475.66,2,2,4,Lost Customers,Low-cost automated re-engagement email
13009,40,2,89.59,4,1,1,New Customers,Welcome onboarding campaign to drive 2nd purchase
13010,86,4,633.04,2,3,4,At Risk,High-value win-back offer with targeted discount
13011,64,1,110.49,3,1,1,Lost Customers,Low-cost automated re-engagement email
13012,32,3,432.47,5,2,3,New Customers,Welcome onboarding campaign to drive 2nd purchase
13013,43,2,385.59,4,1,3,New Customers,Welcome onboarding campaign to drive 2nd purchase
13014,19,3,258.73,5,2,2,New Customers,Welcome onboarding campaign to drive 2nd purchase
13015,207,2,30.0,1,1,1,Lost Customers,Low-cost automated re-engagement email
13016,85,7,348.18,2,4,3,At Risk,High-value win-back offer with targeted discount
13017,18,5,909.52,5,4,5,Champions,"VIP rewards, early access to new collections"
13018,200,4,216.57,1,3,2,Lost Customers,Low-cost automated re-engagement email
13019,25,3,148.5,5,2,2,New Customers,Welcome onboarding campaign to drive 2nd purchase
13020,40,8,761.63,4,5,4,Champions,"VIP rewards, early access to new collections"
13021,54,7,1685.73,4,4,5,Champions,"VIP rewards, early access to new collections"
13022,65,4,543.76,3,3,4,Loyal Customers,"Cross-sell complimentary products, points incentive"
13023,107,10,4312.56,2,5,5,At Risk,High-value win-back offer with targeted discount
13024,8,3,387.6,5,2,3,New Customers,Welcome onboarding campaign to drive 2nd purchase
13025,66,4,499.13,3,3,4,Loyal Customers,"Cross-sell complimentary products, points incentive"
13026,52,3,218.83,4,2,2,New Customers,Welcome onboarding campaign to drive 2nd purchase
13027,74,3,66.84,3,2,1,Lost Customers,Low-cost automated re-engagement email
13028,50,3,308.33,4,2,3,New Customers,Welcome onboarding campaign to drive 2nd purchase
13029,45,6,560.67,4,4,4,Champions,"VIP rewards, early access to new collections"
13030,59,5,817.82,3,4,4,Loyal Customers,"Cross-sell complimentary products, points incentive"
13031,192,2,236.87,1,1,2,Lost Customers,Low-cost automated re-engagement email
13032,45,6,688.2,4,4,4,Champions,"VIP rewards, early access to new collections"
13033,142,14,3501.91,1,5,5,At Risk,High-value win-back offer with targeted discount
13034,72,2,142.33,3,1,2,Lost Customers,Low-cost automated re-engagement email
13035,69,2,382.94,3,1,3,Lost Customers,Low-cost automated re-engagement email
13036,74,4,1148.19,3,3,5,Loyal Customers,"Cross-sell complimentary products, points incentive"
13037,92,11,601.64,2,5,4,At Risk,High-value win-back offer with targeted discount
13038,48,3,187.04,4,2,2,New Customers,Welcome onboarding campaign to drive 2nd purchase
13039,135,15,676.38,1,5,4,At Risk,High-value win-back offer with targeted discount
13040,92,2,53.06,2,1,1,Lost Customers,Low-cost automated re-engagement email
13041,21,4,1892.69,5,3,5,Loyal Customers,"Cross-sell complimentary products, points incentive"
13042,6,1,1582.22,5,1,5,New Customers,Welcome onboarding campaign to drive 2nd purchase
13043,189,2,217.58,1,1,2,Lost Customers,Low-cost automated re-engagement email
13044,76,3,200.55,3,2,2,Lost Customers,Low-cost automated re-engagement email
13045,18,5,2150.67,5,4,5,Champions,"VIP rewards, early access to new collections"
13046,45,9,1391.51,4,5,5,Champions,"VIP rewards, early access to new collections"
13047,121,2,91.32,2,1,1,Lost Customers,Low-cost automated re-engagement email
13048,56,5,204.19,4,4,2,Lost Customers,Low-cost automated re-engagement email
13049,60,2,376.21,3,1,3,Lost Customers,Low-cost automated re-engagement email
13050,106,8,1016.64,2,5,5,At Risk,High-value win-back offer with targeted discount
13051,81,10,2471.74,3,5,5,Loyal Customers,"Cross-sell complimentary products, points incentive"
13052,97,8,1356.73,2,5,5,At Risk,High-value win-back offer with targeted discount
13053,105,8,240.06,2,5,2,Lost Customers,Low-cost automated re-engagement email
13054,36,4,179.47,4,3,2,Lost Customers,Low-cost automated re-engagement email
13055,39,5,204.26,4,4,2,Lost Customers,Low-cost automated re-engagement email
13056,32,4,437.73,5,3,3,Loyal Customers,"Cross-sell complimentary products, points incentive"
13057,40,4,322.26,4,3,3,Loyal Customers,"Cross-sell complimentary products, points incentive"
13058,58,2,119.47,3,1,1,Lost Customers,Low-cost automated re-engagement email
13059,62,5,340.21,3,4,3,Loyal Customers,"Cross-sell complimentary products, points incentive"
13060,161,5,825.56,1,4,4,At Risk,High-value win-back offer with targeted discount
13061,79,8,611.93,3,5,4,Loyal Customers,"Cross-sell complimentary products, points incentive"
13062,59,5,243.84,3,4,2,Lost Customers,Low-cost automated re-engagement email
13063,26,7,194.65,5,4,2,Lost Customers,Low-cost automated re-engagement email
13064,51,2,79.88,4,1,1,New Customers,Welcome onboarding campaign to drive 2nd purchase
13065,198,11,2589.6,1,5,5,At Risk,High-value win-back offer with targeted discount
13066,196,3,148.0,1,2,2,Lost Customers,Low-cost automated re-engagement email
13067,50,1,460.53,4,1,3,New Customers,Welcome onboarding campaign to drive 2nd purchase
13068,13,3,475.91,5,2,4,New Customers,Welcome onboarding campaign to drive 2nd purchase
13069,45,6,259.02,4,4,2,Lost Customers,Low-cost automated re-engagement email
13070,162,4,207.46,1,3,2,Lost Customers,Low-cost automated re-engagement email
13071,59,1,13.49,3,1,1,Lost Customers,Low-cost automated re-engagement email
13072,106,4,242.38,2,3,2,Lost Customers,Low-cost automated re-engagement email
13073,64,4,2079.68,3,3,5,Loyal Customers,"Cross-sell complimentary products, points incentive"
13074,17,2,782.93,5,1,4,New Customers,Welcome onboarding campaign to drive 2nd purchase
13075,66,6,2296.91,3,4,5,Loyal Customers,"Cross-sell complimentary products, points incentive"
13076,116,3,467.29,2,2,4,Lost Customers,Low-cost automated re-engagement email
13077,40,1,76.7,4,1,1,New Customers,Welcome onboarding campaign to drive 2nd purchase
13078,114,6,589.8,2,4,4,At Risk,High-value win-back offer with targeted discount
13079,69,4,587.89,3,3,4,Loyal Customers,"Cross-sell complimentary products, points incentive"
13080,110,12,1064.49,2,5,5,At Risk,High-value win-back offer with targeted discount
13081,82,2,88.74,3,1,1,Lost Customers,Low-cost automated re-engagement email
13082,28,3,253.12,5,2,2,New Customers,Welcome onboarding campaign to drive 2nd purchase
13083,51,8,213.14,4,5,2,Lost Customers,Low-cost automated re-engagement email
13084,50,2,307.48,4,1,3,New Customers,Welcome onboarding campaign to drive 2nd purchase
13085,38,8,317.82,4,5,3,Loyal Customers,"Cross-sell complimentary products, points incentive"
13086,78,8,1202.49,3,5,5,Loyal Customers,"Cross-sell complimentary products, points incentive"
13087,221,5,170.25,1,4,2,Lost Customers,Low-cost automated re-engagement email
13088,135,3,232.52,1,2,2,Lost Customers,Low-cost automated re-engagement email
13089,147,2,230.59,1,1,2,Lost Customers,Low-cost automated re-engagement email
13090,36,2,155.33,4,1,2,New Customers,Welcome onboarding campaign to drive 2nd purchase
13091,149,5,800.52,1,4,4,At Risk,High-value win-back offer with targeted discount
13092,183,1,134.68,1,1,1,Lost Customers,Low-cost automated re-engagement email
13093,35,3,184.75,4,2,2,New Customers,Welcome onboarding campaign to drive 2nd purchase
13094,89,2,105.87,2,1,1,Lost Customers,Low-cost automated re-engagement email
13095,91,2,99.3,2,1,1,Lost Customers,Low-cost automated re-engagement email
13096,54,4,174.49,4,3,2,Lost Customers,Low-cost automated re-engagement email
13097,73,2,1188.62,3,1,5,Lost Customers,Low-cost automated re-engagement email
13098,94,9,459.28,2,5,3,At Risk,High-value win-back offer with targeted discount
13099,57,7,1683.79,3,4,5,Loyal Customers,"Cross-sell complimentary products, points incentive"
13100,131,10,1043.09,1,5,5,At Risk,High-value win-back offer with targeted discount
13101,21,3,196.13,5,2,2,New Customers,Welcome onboarding campaign to drive 2nd purchase
13102,49,4,428.82,4,3,3,Loyal Customers,"Cross-sell complimentary products, points incentive"
13103,107,7,792.41,2,4,4,At Risk,High-value win-back offer with targeted discount
13104,206,3,55.51,1,2,1,Lost Customers,Low-cost automated re-engagement email
13105,136,3,251.81,1,2,2,Lost Customers,Low-cost automated re-engagement email
13106,72,4,362.15,3,3,3,Loyal Customers,"Cross-sell complimentary products, points incentive"
13107,59,3,200.83,3,2,2,Lost Customers,Low-cost automated re-engagement email
13108,52,2,26.64,4,1,1,New Customers,Welcome onboarding campaign to drive 2nd purchase
13109,52,1,66.76,4,1,1,New Customers,Welcome onboarding campaign to drive 2nd purchase
13110,11,2,769.17,5,1,4,New Customers,Welcome onboarding campaign to drive 2nd purchase
13111,201,1,147.74,1,1,2,Lost Customers,Low-cost automated re-engagement email
13112,62,2,69.81,3,1,1,Lost Customers,Low-cost automated re-engagement email
13113,33,11,2212.25,5,5,5,Champions,"VIP rewards, early access to new collections"
13114,88,1,33.23,2,1,1,Lost Customers,Low-cost automated re-engagement email
13115,36,5,573.32,4,4,4,Champions,"VIP rewards, early access to new collections"
13116,123,9,1039.8,1,5,5,At Risk,High-value win-back offer with targeted discount
13117,34,1,64.69,5,1,1,New Customers,Welcome onboarding campaign to drive 2nd purchase
13118,111,14,3219.81,2,5,5,At Risk,High-value win-back offer with targeted discount
13119,51,4,709.53,4,3,4,Loyal Customers,"Cross-sell complimentary products, points incentive"
13120,80,10,448.0,3,5,3,Loyal Customers,"Cross-sell complimentary products, points incentive"
13121,117,5,346.67,2,4,3,At Risk,High-value win-back offer with targeted discount
13122,42,3,124.91,4,2,1,New Customers,Welcome onboarding campaign to drive 2nd purchase
13123,115,1,53.73,2,1,1,Lost Customers,Low-cost automated re-engagement email
13124,12,2,323.2,5,1,3,New Customers,Welcome onboarding campaign to drive 2nd purchase
13125,173,6,533.59,1,4,4,At Risk,High-value win-back offer with targeted discount
13126,128,12,2728.19,1,5,5,At Risk,High-value win-back offer with targeted discount
13127,61,2,43.4,3,1,1,Lost Customers,Low-cost automated re-engagement email
13128,144,4,461.6,1,3,3,At Risk,High-value win-back offer with targeted discount
13129,134,3,570.59,1,2,4,Lost Customers,Low-cost automated re-engagement email
13130,65,5,493.09,3,4,4,Loyal Customers,"Cross-sell complimentary products, points incentive"
13131,64,4,105.6,3,3,1,Lost Customers,Low-cost automated re-engagement email
13132,30,3,104.96,5,2,1,New Customers,Welcome onboarding campaign to drive 2nd purchase
13133,68,6,1223.47,3,4,5,Loyal Customers,"Cross-sell complimentary products, points incentive"
13134,16,2,111.44,5,1,1,New Customers,Welcome onboarding campaign to drive 2nd purchase
13135,110,4,178.52,2,3,2,Lost Customers,Low-cost automated re-engagement email
13136,111,7,464.51,2,4,4,At Risk,High-value win-back offer with targeted discount
13137,12,2,143.34,5,1,2,New Customers,Welcome onboarding campaign to drive 2nd purchase
13138,162,3,785.4,1,2,4,Lost Customers,Low-cost automated re-engagement email
13139,39,3,56.15,4,2,1,New Customers,Welcome onboarding campaign to drive 2nd purchase
13140,345,5,755.73,1,4,4,At Risk,High-value win-back offer with targeted discount
13141,77,5,1675.87,3,4,5,Loyal Customers,"Cross-sell complimentary products, points incentive"
13142,164,3,632.33,1,2,4,Lost Customers,Low-cost automated re-engagement email
13143,29,5,3644.04,5,4,5,Champions,"VIP rewards, early access to new collections"
13144,51,1,59.65,4,1,1,New Customers,Welcome onboarding campaign to drive 2nd purchase
13145,42,7,1406.52,4,4,5,Champions,"VIP rewards, early access to new collections"
13146,16,7,583.19,5,4,4,Champions,"VIP rewards, early access to new collections"
13147,21,3,169.29,5,2,2,New Customers,Welcome onboarding campaign to drive 2nd purchase
13148,59,2,24.41,3,1,1,Lost Customers,Low-cost automated re-engagement email
13149,86,4,236.99,2,3,2,Lost Customers,Low-cost automated re-engagement email
13150,26,2,469.53,5,1,4,New Customers,Welcome onboarding campaign to drive 2nd purchase
13151,49,2,38.44,4,1,1,New Customers,Welcome onboarding campaign to drive 2nd purchase
13152,36,5,2972.97,4,4,5,Champions,"VIP rewards, early access to new collections"
13153,62,7,911.17,3,4,5,Loyal Customers,"Cross-sell complimentary products, points incentive"
13154,104,5,166.42,2,4,2,Lost Customers,Low-cost automated re-engagement email
13155,70,34,3759.85,3,5,5,Loyal Customers,"Cross-sell complimentary products, points incentive"
13156,41,10,1670.17,4,5,5,Champions,"VIP rewards, early access to new collections"
13157,131,6,347.85,1,4,3,At Risk,High-value win-back offer with targeted discount
13158,84,6,308.03,2,4,3,At Risk,High-value win-back offer with targeted discount
13159,72,4,2128.23,3,3,5,Loyal Customers,"Cross-sell complimentary products, points incentive"
13160,27,5,331.47,5,4,3,Loyal Customers,"Cross-sell complimentary products, points incentive"
13161,122,4,316.41,1,3,3,At Risk,High-value win-back offer with targeted discount
13162,90,8,2369.62,2,5,5,At Risk,High-value win-back offer with targeted discount
13163,93,3,252.91,2,2,2,Lost Customers,Low-cost automated re-engagement email
13164,55,3,537.37,4,2,4,New Customers,Welcome onboarding campaign to drive 2nd purchase
13165,47,9,529.86,4,5,4,Champions,"VIP rewards, early access to new collections"
13166,202,3,144.12,1,2,2,Lost Customers,Low-cost automated re-engagement email
13167,47,2,253.65,4,1,2,New Customers,Welcome onboarding campaign to drive 2nd purchase
13168,22,2,74.46,5,1,1,New Customers,Welcome onboarding campaign to drive 2nd purchase
13169,74,7,908.99,3,4,5,Loyal Customers,"Cross-sell complimentary products, points incentive"
13170,64,29,1142.94,3,5,5,Loyal Customers,"Cross-sell complimentary products, points incentive"
13171,135,2,257.49,1,1,2,Lost Customers,Low-cost automated re-engagement email
13172,58,6,1641.38,3,4,5,Loyal Customers,"Cross-sell complimentary products, points incentive"
13173,102,4,59.87,2,3,1,Lost Customers,Low-cost automated re-engagement email
13174,170,9,559.57,1,5,4,At Risk,High-value win-back offer with targeted discount
13175,86,6,92.57,2,4,1,Lost Customers,Low-cost automated re-engagement email
13176,28,9,622.18,5,5,4,Champions,"VIP rewards, early access to new collections"
13177,88,5,609.15,2,4,4,At Risk,High-value win-back offer with targeted discount
13178,49,2,132.57,4,1,1,New Customers,Welcome onboarding campaign to drive 2nd purchase
13179,78,2,26.21,3,1,1,Lost Customers,Low-cost automated re-engagement email
13180,65,4,808.54,3,3,4,Loyal Customers,"Cross-sell complimentary products, points incentive"
13181,22,5,120.99,5,4,1,Lost Customers,Low-cost automated re-engagement email
13182,58,3,572.88,3,2,4,Lost Customers,Low-cost automated re-engagement email
13183,27,17,781.41,5,5,4,Champions,"VIP rewards, early access to new collections"
13184,44,8,329.03,4,5,3,Loyal Customers,"Cross-sell complimentary products, points incentive"
13185,122,1,90.9,1,1,1,Lost Customers,Low-cost automated re-engagement email
13186,69,4,940.03,3,3,5,Loyal Customers,"Cross-sell complimentary products, points incentive"
13187,98,2,1046.47,2,1,5,Lost Customers,Low-cost automated re-engagement email
13188,73,16,995.68,3,5,5,Loyal Customers,"Cross-sell complimentary products, points incentive"
13189,52,1,27.89,4,1,1,New Customers,Welcome onboarding campaign to drive 2nd purchase
13190,78,5,614.42,3,4,4,Loyal Customers,"Cross-sell complimentary products, points incentive"
13191,14,4,107.88,5,3,1,Lost Customers,Low-cost automated re-engagement email
13192,110,7,1230.63,2,4,5,At Risk,High-value win-back offer with targeted discount
13193,33,5,670.92,5,4,4,Champions,"VIP rewards, early access to new collections"
13194,93,18,5484.4,2,5,5,At Risk,High-value win-back offer with targeted discount
13195,50,7,1626.34,4,4,5,Champions,"VIP rewards, early access to new collections"
13196,22,1,102.07,5,1,1,New Customers,Welcome onboarding campaign to drive 2nd purchase
13197,38,11,1018.37,4,5,5,Champions,"VIP rewards, early access to new collections"
13198,94,4,162.03,2,3,2,Lost Customers,Low-cost automated re-engagement email
13199,245,11,437.64,1,5,3,At Risk,High-value win-back offer with targeted discount
13200,62,3,260.21,3,2,2,Lost Customers,Low-cost automated re-engagement email
13201,226,2,68.28,1,1,1,Lost Customers,Low-cost automated re-engagement email
13202,14,2,141.47,5,1,2,New Customers,Welcome onboarding campaign to drive 2nd purchase
13203,54,8,471.52,4,5,4,Champions,"VIP rewards, early access to new collections"
13204,62,7,1074.07,3,4,5,Loyal Customers,"Cross-sell complimentary products, points incentive"
13205,97,3,264.66,2,2,3,Lost Customers,Low-cost automated re-engagement email
13206,39,1,220.41,4,1,2,New Customers,Welcome onboarding campaign to drive 2nd purchase
13207,84,9,617.47,2,5,4,At Risk,High-value win-back offer with targeted discount
13208,56,1,31.43,4,1,1,New Customers,Welcome onboarding campaign to drive 2nd purchase
13209,148,19,2803.42,1,5,5,At Risk,High-value win-back offer with targeted discount
13210,74,2,161.02,3,1,2,Lost Customers,Low-cost automated re-engagement email
13211,327,4,282.37,1,3,3,At Risk,High-value win-back offer with targeted discount
13212,56,4,246.26,4,3,2,Lost Customers,Low-cost automated re-engagement email
13213,142,5,445.45,1,4,3,At Risk,High-value win-back offer with targeted discount
13214,173,5,352.87,1,4,3,At Risk,High-value win-back offer with targeted discount
13215,4,4,573.31,5,3,4,Loyal Customers,"Cross-sell complimentary products, points incentive"
13216,109,3,525.61,2,2,4,Lost Customers,Low-cost automated re-engagement email
13217,54,3,193.49,4,2,2,New Customers,Welcome onboarding campaign to drive 2nd purchase
13218,25,2,1088.81,5,1,5,New Customers,Welcome onboarding campaign to drive 2nd purchase
13219,150,4,215.51,1,3,2,Lost Customers,Low-cost automated re-engagement email
13220,41,1,91.49,4,1,1,New Customers,Welcome onboarding campaign to drive 2nd purchase
13221,13,5,104.52,5,4,1,Lost Customers,Low-cost automated re-engagement email
13222,76,4,327.76,3,3,3,Loyal Customers,"Cross-sell complimentary products, points incentive"
13223,165,7,524.63,1,4,4,At Risk,High-value win-back offer with targeted discount
13224,25,3,258.26,5,2,2,New Customers,Welcome onboarding campaign to drive 2nd purchase
13225,119,6,1301.19,2,4,5,At Risk,High-value win-back offer with targeted discount
13226,9,6,2448.52,5,4,5,Champions,"VIP rewards, early access to new collections"
13227,173,3,732.05,1,2,4,Lost Customers,Low-cost automated re-engagement email
13228,87,5,410.35,2,4,3,At Risk,High-value win-back offer with targeted discount
13229,23,2,214.92,5,1,2,New Customers,Welcome onboarding campaign to drive 2nd purchase
13230,112,10,3545.39,2,5,5,At Risk,High-value win-back offer with targeted discount
13231,43,3,109.68,4,2,1,New Customers,Welcome onboarding campaign to drive 2nd purchase
13232,30,3,547.31,5,2,4,New Customers,Welcome onboarding campaign to drive 2nd purchase
13233,42,2,80.96,4,1,1,New Customers,Welcome onboarding campaign to drive 2nd purchase
13234,104,2,503.68,2,1,4,Lost Customers,Low-cost automated re-engagement email
13235,28,13,1037.41,5,5,5,Champions,"VIP rewards, early access to new collections"
13236,6,4,163.14,5,3,2,Lost Customers,Low-cost automated re-engagement email
13237,44,3,149.4,4,2,2,New Customers,Welcome onboarding campaign to drive 2nd purchase
13238,154,3,172.35,1,2,2,Lost Customers,Low-cost automated re-engagement email
13239,153,4,848.9,1,3,4,At Risk,High-value win-back offer with targeted discount
13240,42,6,1803.1,4,4,5,Champions,"VIP rewards, early access to new collections"
13241,41,4,250.78,4,3,2,Lost Customers,Low-cost automated re-engagement email
13242,39,4,164.2,4,3,2,Lost Customers,Low-cost automated re-engagement email
13243,37,2,1118.74,4,1,5,New Customers,Welcome onboarding campaign to drive 2nd purchase
13244,39,3,564.38,4,2,4,New Customers,Welcome onboarding campaign to drive 2nd purchase
13245,79,4,179.2,3,3,2,Lost Customers,Low-cost automated re-engagement email
13246,157,4,497.62,1,3,4,At Risk,High-value win-back offer with targeted discount
13247,28,3,186.34,5,2,2,New Customers,Welcome onboarding campaign to drive 2nd purchase
13248,33,3,84.94,5,2,1,New Customers,Welcome onboarding campaign to drive 2nd purchase
13249,85,5,340.49,2,4,3,At Risk,High-value win-back offer with targeted discount
13250,108,5,131.08,2,4,1,Lost Customers,Low-cost automated re-engagement email
13251,16,8,467.29,5,5,4,Champions,"VIP rewards, early access to new collections"
13252,196,4,254.22,1,3,2,Lost Customers,Low-cost automated re-engagement email
13253,51,1,55.38,4,1,1,New Customers,Welcome onboarding campaign to drive 2nd purchase
13254,18,22,4495.81,5,5,5,Champions,"VIP rewards, early access to new collections"
13255,15,4,518.11,5,3,4,Loyal Customers,"Cross-sell complimentary products, points incentive"
13256,14,3,151.91,5,2,2,New Customers,Welcome onboarding campaign to drive 2nd purchase
13257,140,4,481.41,1,3,4,At Risk,High-value win-back offer with targeted discount
13258,69,3,874.78,3,2,4,Lost Customers,Low-cost automated re-engagement email
13259,141,2,85.3,1,1,1,Lost Customers,Low-cost automated re-engagement email
13260,60,6,165.52,3,4,2,Lost Customers,Low-cost automated re-engagement email
13261,138,3,101.75,1,2,1,Lost Customers,Low-cost automated re-engagement email
13262,58,4,505.3,3,3,4,Loyal Customers,"Cross-sell complimentary products, points incentive"
13263,97,1,344.07,2,1,3,Lost Customers,Low-cost automated re-engagement email
13264,63,3,579.2,3,2,4,Lost Customers,Low-cost automated re-engagement email
13265,56,2,572.25,4,1,4,New Customers,Welcome onboarding campaign to drive 2nd purchase
13266,31,3,37.31,5,2,1,New Customers,Welcome onboarding campaign to drive 2nd purchase
13267,106,5,212.6,2,4,2,Lost Customers,Low-cost automated re-engagement email
13268,25,3,98.75,5,2,1,New Customers,Welcome onboarding campaign to drive 2nd purchase
13269,106,3,446.47,2,2,3,Lost Customers,Low-cost automated re-engagement email
13270,71,4,300.93,3,3,3,Loyal Customers,"Cross-sell complimentary products, points incentive"
13271,108,3,18.16,2,2,1,Lost Customers,Low-cost automated re-engagement email
13272,76,2,356.69,3,1,3,Lost Customers,Low-cost automated re-engagement email
13273,149,1,257.57,1,1,2,Lost Customers,Low-cost automated re-engagement email
13274,90,5,2746.08,2,4,5,At Risk,High-value win-back offer with targeted discount
13275,73,3,313.3,3,2,3,Lost Customers,Low-cost automated re-engagement email
13276,5,1,157.14,5,1,2,New Customers,Welcome onboarding campaign to drive 2nd purchase
13277,153,9,290.06,1,5,3,At Risk,High-value win-back offer with targeted discount
13278,14,5,102.71,5,4,1,Lost Customers,Low-cost automated re-engagement email
13279,20,2,551.31,5,1,4,New Customers,Welcome onboarding campaign to drive 2nd purchase
13280,115,2,294.57,2,1,3,Lost Customers,Low-cost automated re-engagement email
13281,67,8,2215.54,3,5,5,Loyal Customers,"Cross-sell complimentary products, points incentive"
13282,15,3,214.53,5,2,2,New Customers,Welcome onboarding campaign to drive 2nd purchase
13283,41,3,2279.42,4,2,5,New Customers,Welcome onboarding campaign to drive 2nd purchase
13284,147,7,835.21,1,4,4,At Risk,High-value win-back offer with targeted discount
13285,74,3,137.05,3,2,1,Lost Customers,Low-cost automated re-engagement email
13286,68,9,608.54,3,5,4,Loyal Customers,"Cross-sell complimentary products, points incentive"
13287,37,3,63.76,4,2,1,New Customers,Welcome onboarding campaign to drive 2nd purchase
13288,118,3,115.64,2,2,1,Lost Customers,Low-cost automated re-engagement email
13289,61,4,254.14,3,3,2,Lost Customers,Low-cost automated re-engagement email
13290,103,8,2905.18,2,5,5,At Risk,High-value win-back offer with targeted discount
13291,33,5,424.2,5,4,3,Loyal Customers,"Cross-sell complimentary products, points incentive"
13292,246,4,955.49,1,3,5,At Risk,High-value win-back offer with targeted discount
13293,166,2,164.56,1,1,2,Lost Customers,Low-cost automated re-engagement email
13294,74,2,71.5,3,1,1,Lost Customers,Low-cost automated re-engagement email
13295,86,8,1176.61,2,5,5,At Risk,High-value win-back offer with targeted discount
13296,41,8,336.68,4,5,3,Loyal Customers,"Cross-sell complimentary products, points incentive"
13297,109,8,503.76,2,5,4,At Risk,High-value win-back offer with targeted discount
13298,6,7,3921.96,5,4,5,Champions,"VIP rewards, early access to new collections"
13299,194,5,775.49,1,4,4,At Risk,High-value win-back offer with targeted discount
13300,105,5,215.11,2,4,2,Lost Customers,Low-cost automated re-engagement email
13301,28,4,695.89,5,3,4,Loyal Customers,"Cross-sell complimentary products, points incentive"
13302,191,6,232.24,1,4,2,Lost Customers,Low-cost automated re-engagement email
13303,232,4,74.26,1,3,1,Lost Customers,Low-cost automated re-engagement email
13304,90,6,1443.76,2,4,5,At Risk,High-value win-back offer with targeted discount
13305,34,7,821.61,5,4,4,Champions,"VIP rewards, early access to new collections"
13306,69,2,150.75,3,1,2,Lost Customers,Low-cost automated re-engagement email
13307,99,8,160.86,2,5,2,Lost Customers,Low-cost automated re-engagement email
13308,84,4,271.1,2,3,3,At Risk,High-value win-back offer with targeted discount
13309,28,11,1177.21,5,5,5,Champions,"VIP rewards, early access to new collections"
13310,98,10,315.31,2,5,3,At Risk,High-value win-back offer with targeted discount
13311,146,2,187.01,1,1,2,Lost Customers,Low-cost automated re-engagement email
13312,22,4,1453.29,5,3,5,Loyal Customers,"Cross-sell complimentary products, points incentive"
13313,25,1,110.38,5,1,1,New Customers,Welcome onboarding campaign to drive 2nd purchase
13314,40,3,456.92,4,2,3,New Customers,Welcome onboarding campaign to drive 2nd purchase
13315,57,5,302.96,3,4,3,Loyal Customers,"Cross-sell complimentary products, points incentive"
13316,120,7,244.67,2,4,2,Lost Customers,Low-cost automated re-engagement email
13317,145,4,217.22,1,3,2,Lost Customers,Low-cost automated re-engagement email
13318,33,5,1163.14,5,4,5,Champions,"VIP rewards, early access to new collections"
13319,78,2,164.94,3,1,2,Lost Customers,Low-cost automated re-engagement email
13320,141,4,300.15,1,3,3,At Risk,High-value win-back offer with targeted discount
13321,255,3,171.33,1,2,2,Lost Customers,Low-cost automated re-engagement email
13322,78,5,143.33,3,4,2,Lost Customers,Low-cost automated re-engagement email
13323,81,11,3389.81,3,5,5,Loyal Customers,"Cross-sell complimentary products, points incentive"
13324,90,4,298.58,2,3,3,At Risk,High-value win-back offer with targeted discount
13325,52,2,111.58,4,1,1,New Customers,Welcome onboarding campaign to drive 2nd purchase
13326,73,4,386.85,3,3,3,Loyal Customers,"Cross-sell complimentary products, points incentive"
13327,8,6,335.34,5,4,3,Loyal Customers,"Cross-sell complimentary products, points incentive"
13328,41,2,238.59,4,1,2,New Customers,Welcome onboarding campaign to drive 2nd purchase
13329,97,9,437.51,2,5,3,At Risk,High-value win-back offer with targeted discount
13330,31,3,301.83,5,2,3,New Customers,Welcome onboarding campaign to drive 2nd purchase
13331,122,2,171.71,1,1,2,Lost Customers,Low-cost automated re-engagement email
13332,12,1,478.15,5,1,4,New Customers,Welcome onboarding campaign to drive 2nd purchase
13333,119,5,2512.05,2,4,5,At Risk,High-value win-back offer with targeted discount
13334,119,15,2742.92,2,5,5,At Risk,High-value win-back offer with targeted discount
13335,258,5,415.7,1,4,3,At Risk,High-value win-back offer with targeted discount
13336,50,2,370.89,4,1,3,New Customers,Welcome onboarding campaign to drive 2nd purchase
13337,67,6,1081.22,3,4,5,Loyal Customers,"Cross-sell complimentary products, points incentive"
13338,182,7,412.7,1,4,3,At Risk,High-value win-back offer with targeted discount
13339,167,9,183.56,1,5,2,Lost Customers,Low-cost automated re-engagement email
13340,135,2,32.47,1,1,1,Lost Customers,Low-cost automated re-engagement email
13341,86,12,970.48,2,5,5,At Risk,High-value win-back offer with targeted discount
13342,179,4,228.57,1,3,2,Lost Customers,Low-cost automated re-engagement email
13343,318,14,772.28,1,5,4,At Risk,High-value win-back offer with targeted discount
13344,103,4,174.53,2,3,2,Lost Customers,Low-cost automated re-engagement email
13345,70,6,251.76,3,4,2,Lost Customers,Low-cost automated re-engagement email
13346,112,2,324.57,2,1,3,Lost Customers,Low-cost automated re-engagement email
13347,77,8,47.14,3,5,1,Lost Customers,Low-cost automated re-engagement email
13348,54,2,305.7,4,1,3,New Customers,Welcome onboarding campaign to drive 2nd purchase
13349,123,5,351.08,1,4,3,At Risk,High-value win-back offer with targeted discount
13350,45,3,987.6,4,2,5,New Customers,Welcome onboarding campaign to drive 2nd purchase
13351,102,4,457.59,2,3,3,At Risk,High-value win-back offer with targeted discount
13352,16,8,151.36,5,5,2,Lost Customers,Low-cost automated re-engagement email
13353,200,3,50.11,1,2,1,Lost Customers,Low-cost automated re-engagement email
13354,35,9,289.76,4,5,3,Loyal Customers,"Cross-sell complimentary products, points incentive"
13355,19,3,342.68,5,2,3,New Customers,Welcome onboarding campaign to drive 2nd purchase
13356,163,4,77.07,1,3,1,Lost Customers,Low-cost automated re-engagement email
13357,183,19,1888.94,1,5,5,At Risk,High-value win-back offer with targeted discount
13358,85,4,677.54,2,3,4,At Risk,High-value win-back offer with targeted discount
13359,62,4,223.89,3,3,2,Lost Customers,Low-cost automated re-engagement email
13360,51,4,161.91,4,3,2,Lost Customers,Low-cost automated re-engagement email
13361,82,3,38.97,3,2,1,Lost Customers,Low-cost automated re-engagement email
13362,65,2,700.81,3,1,4,Lost Customers,Low-cost automated re-engagement email
13363,59,18,8387.22,3,5,5,Loyal Customers,"Cross-sell complimentary products, points incentive"
13364,32,3,809.53,5,2,4,New Customers,Welcome onboarding campaign to drive 2nd purchase
13365,24,1,70.18,5,1,1,New Customers,Welcome onboarding campaign to drive 2nd purchase
13366,72,3,257.32,3,2,2,Lost Customers,Low-cost automated re-engagement email
13367,80,5,834.21,3,4,4,Loyal Customers,"Cross-sell complimentary products, points incentive"
13368,37,3,308.15,4,2,3,New Customers,Welcome onboarding campaign to drive 2nd purchase
13369,41,4,21.8,4,3,1,Lost Customers,Low-cost automated re-engagement email
13370,80,3,617.03,3,2,4,Lost Customers,Low-cost automated re-engagement email
13371,31,5,1348.15,5,4,5,Champions,"VIP rewards, early access to new collections"
13372,138,7,1653.28,1,4,5,At Risk,High-value win-back offer with targeted discount
13373,99,3,405.72,2,2,3,Lost Customers,Low-cost automated re-engagement email
13374,36,27,5756.57,4,5,5,Champions,"VIP rewards, early access to new collections"
13375,95,8,201.92,2,5,2,Lost Customers,Low-cost automated re-engagement email
13376,31,4,330.99,5,3,3,Loyal Customers,"Cross-sell complimentary products, points incentive"
13377,119,2,98.63,2,1,1,Lost Customers,Low-cost automated re-engagement email
13378,33,4,1329.49,5,3,5,Loyal Customers,"Cross-sell complimentary products, points incentive"
13379,61,7,743.58,3,4,4,Loyal Customers,"Cross-sell complimentary products, points incentive"
13380,75,7,546.09,3,4,4,Loyal Customers,"Cross-sell complimentary products, points incentive"
13381,182,1,36.01,1,1,1,Lost Customers,Low-cost automated re-engagement email
13382,35,4,138.79,4,3,2,Lost Customers,Low-cost automated re-engagement email
13383,33,3,97.8,5,2,1,New Customers,Welcome onboarding campaign to drive 2nd purchase
13384,17,11,1936.29,5,5,5,Champions,"VIP rewards, early access to new collections"
13385,218,4,616.75,1,3,4,At Risk,High-value win-back offer with targeted discount
13386,69,1,112.74,3,1,1,Lost Customers,Low-cost automated re-engagement email
13387,141,5,917.33,1,4,5,At Risk,High-value win-back offer with targeted discount
13388,42,1,43.6,4,1,1,New Customers,Welcome onboarding campaign to drive 2nd purchase
13389,45,5,85.64,4,4,1,Lost Customers,Low-cost automated re-engagement email
13390,65,27,4495.42,3,5,5,Loyal Customers,"Cross-sell complimentary products, points incentive"
13391,66,10,855.73,3,5,4,Loyal Customers,"Cross-sell complimentary products, points incentive"
13392,109,5,952.41,2,4,5,At Risk,High-value win-back offer with targeted discount
13393,71,2,264.18,3,1,3,Lost Customers,Low-cost automated re-engagement email
13394,50,10,842.53,4,5,4,Champions,"VIP rewards, early access to new collections"
13395,220,6,649.88,1,4,4,At Risk,High-value win-back offer with targeted discount
13396,31,3,959.86,5,2,5,New Customers,Welcome onboarding campaign to drive 2nd purchase
13397,35,3,207.99,4,2,2,New Customers,Welcome onboarding campaign to drive 2nd purchase
13398,32,2,349.41,5,1,3,New Customers,Welcome onboarding campaign to drive 2nd purchase
13399,112,5,594.44,2,4,4,At Risk,High-value win-back offer with targeted discount
13400,93,3,59.82,2,2,1,Lost Customers,Low-cost automated re-engagement email
13401,59,4,110.35,3,3,1,Lost Customers,Low-cost automated re-engagement email
13402,30,7,608.05,5,4,4,Champions,"VIP rewards, early access to new collections"
13403,75,3,172.55,3,2,2,Lost Customers,Low-cost automated re-engagement email
13404,123,6,229.68,1,4,2,Lost Customers,Low-cost automated re-engagement email
13405,187,9,2123.65,1,5,5,At Risk,High-value win-back offer with targeted discount
13406,40,5,117.16,4,4,1,Lost Customers,Low-cost automated re-engagement email
13407,59,6,451.68,3,4,3,Loyal Customers,"Cross-sell complimentary products, points incentive"
13408,92,5,204.96,2,4,2,Lost Customers,Low-cost automated re-engagement email
13409,49,4,1367.58,4,3,5,Loyal Customers,"Cross-sell complimentary products, points incentive"
13410,20,7,6073.41,5,4,5,Champions,"VIP rewards, early access to new collections"
13411,59,13,884.35,3,5,4,Loyal Customers,"Cross-sell complimentary products, points incentive"
13412,22,7,1352.44,5,4,5,Champions,"VIP rewards, early access to new collections"
13413,130,3,846.73,1,2,4,Lost Customers,Low-cost automated re-engagement email
13414,53,3,606.35,4,2,4,New Customers,Welcome onboarding campaign to drive 2nd purchase
13415,64,3,550.35,3,2,4,Lost Customers,Low-cost automated re-engagement email
13416,35,8,146.04,4,5,2,Lost Customers,Low-cost automated re-engagement email
13417,66,3,778.44,3,2,4,Lost Customers,Low-cost automated re-engagement email
13418,157,2,248.76,1,1,2,Lost Customers,Low-cost automated re-engagement email
13419,140,5,366.24,1,4,3,At Risk,High-value win-back offer with targeted discount
13420,26,4,335.63,5,3,3,Loyal Customers,"Cross-sell complimentary products, points incentive"
13421,2,11,1248.83,5,5,5,Champions,"VIP rewards, early access to new collections"
13422,60,1,71.62,3,1,1,Lost Customers,Low-cost automated re-engagement email
13423,53,4,261.61,4,3,2,Lost Customers,Low-cost automated re-engagement email
13424,50,3,112.02,4,2,1,New Customers,Welcome onboarding campaign to drive 2nd purchase
13425,43,7,997.31,4,4,5,Champions,"VIP rewards, early access to new collections"
13426,25,3,233.5,5,2,2,New Customers,Welcome onboarding campaign to drive 2nd purchase
13427,269,3,132.29,1,2,1,Lost Customers,Low-cost automated re-engagement email
13428,218,8,786.38,1,5,4,At Risk,High-value win-back offer with targeted discount
13429,49,10,935.55,4,5,5,Champions,"VIP rewards, early access to new collections"
13430,74,4,567.67,3,3,4,Loyal Customers,"Cross-sell complimentary products, points incentive"
13431,132,4,350.51,1,3,3,At Risk,High-value win-back offer with targeted discount
13432,74,10,1568.27,3,5,5,Loyal Customers,"Cross-sell complimentary products, points incentive"
13433,45,9,633.61,4,5,4,Champions,"VIP rewards, early access to new collections"
13434,20,8,600.89,5,5,4,Champions,"VIP rewards, early access to new collections"
13435,68,3,346.69,3,2,3,Lost Customers,Low-cost automated re-engagement email
13436,22,2,255.08,5,1,2,New Customers,Welcome onboarding campaign to drive 2nd purchase
13437,150,13,3482.15,1,5,5,At Risk,High-value win-back offer with targeted discount
13438,66,6,1386.74,3,4,5,Loyal Customers,"Cross-sell complimentary products, points incentive"
13439,98,2,173.11,2,1,2,Lost Customers,Low-cost automated re-engagement email
13440,52,4,101.21,4,3,1,Lost Customers,Low-cost automated re-engagement email
13441,120,4,666.42,2,3,4,At Risk,High-value win-back offer with targeted discount
13442,40,4,579.01,4,3,4,Loyal Customers,"Cross-sell complimentary products, points incentive"
13443,83,3,328.3,2,2,3,Lost Customers,Low-cost automated re-engagement email
13444,50,9,1624.74,4,5,5,Champions,"VIP rewards, early access to new collections"
13445,56,6,387.62,4,4,3,Loyal Customers,"Cross-sell complimentary products, points incentive"
13446,131,21,449.89,1,5,3,At Risk,High-value win-back offer with targeted discount
13447,35,10,409.8,4,5,3,Loyal Customers,"Cross-sell complimentary products, points incentive"
13448,88,4,26.55,2,3,1,Lost Customers,Low-cost automated re-engagement email
13449,162,11,1476.38,1,5,5,At Risk,High-value win-back offer with targeted discount
13450,128,5,424.12,1,4,3,At Risk,High-value win-back offer with targeted discount
13451,41,23,4492.33,4,5,5,Champions,"VIP rewards, early access to new collections"
13452,96,3,532.09,2,2,4,Lost Customers,Low-cost automated re-engagement email
13453,12,5,289.63,5,4,3,Loyal Customers,"Cross-sell complimentary products, points incentive"
13454,134,3,128.58,1,2,1,Lost Customers,Low-cost automated re-engagement email
13455,317,3,132.91,1,2,1,Lost Customers,Low-cost automated re-engagement email
13456,84,3,1513.51,2,2,5,Lost Customers,Low-cost automated re-engagement email
13457,168,9,706.99,1,5,4,At Risk,High-value win-back offer with targeted discount
13458,19,4,281.51,5,3,3,Loyal Customers,"Cross-sell complimentary products, points incentive"
13459,28,1,117.02,5,1,1,New Customers,Welcome onboarding campaign to drive 2nd purchase
13460,51,4,86.35,4,3,1,Lost Customers,Low-cost automated re-engagement email
13461,59,2,125.92,3,1,1,Lost Customers,Low-cost automated re-engagement email
13462,84,3,124.91,2,2,1,Lost Customers,Low-cost automated re-engagement email
13463,41,9,310.29,4,5,3,Loyal Customers,"Cross-sell complimentary products, points incentive"
13464,75,2,142.2,3,1,2,Lost Customers,Low-cost automated re-engagement email
13465,131,2,187.85,1,1,2,Lost Customers,Low-cost automated re-engagement email
13466,96,1,29.09,2,1,1,Lost Customers,Low-cost automated re-engagement email
13467,50,3,194.33,4,2,2,New Customers,Welcome onboarding campaign to drive 2nd purchase
13468,113,1,96.74,2,1,1,Lost Customers,Low-cost automated re-engagement email
13469,48,1,135.16,4,1,1,New Customers,Welcome onboarding campaign to drive 2nd purchase
13470,72,3,211.25,3,2,2,Lost Customers,Low-cost automated re-engagement email
13471,126,5,605.75,1,4,4,At Risk,High-value win-back offer with targeted discount
13472,58,2,131.12,3,1,1,Lost Customers,Low-cost automated re-engagement email
13473,22,5,1426.19,5,4,5,Champions,"VIP rewards, early access to new collections"
13474,70,4,587.52,3,3,4,Loyal Customers,"Cross-sell complimentary products, points incentive"
13475,127,6,295.22,1,4,3,At Risk,High-value win-back offer with targeted discount
13476,135,2,115.28,1,1,1,Lost Customers,Low-cost automated re-engagement email
13477,27,17,2178.23,5,5,5,Champions,"VIP rewards, early access to new collections"
13478,110,2,112.24,2,1,1,Lost Customers,Low-cost automated re-engagement email
13479,55,3,47.54,4,2,1,New Customers,Welcome onboarding campaign to drive 2nd purchase
13480,175,6,704.8,1,4,4,At Risk,High-value win-back offer with targeted discount
13481,23,4,255.01,5,3,2,Lost Customers,Low-cost automated re-engagement email
13482,109,7,1161.87,2,4,5,At Risk,High-value win-back offer with targeted discount
13483,51,3,280.16,4,2,3,New Customers,Welcome onboarding campaign to drive 2nd purchase
13484,41,2,321.97,4,1,3,New Customers,Welcome onboarding campaign to drive 2nd purchase
13485,130,1,868.82,1,1,4,Lost Customers,Low-cost automated re-engagement email
13486,144,14,3995.52,1,5,5,At Risk,High-value win-back offer with targeted discount
13487,9,3,196.96,5,2,2,New Customers,Welcome onboarding campaign to drive 2nd purchase
13488,132,3,395.23,1,2,3,Lost Customers,Low-cost automated re-engagement email
13489,64,15,1501.02,3,5,5,Loyal Customers,"Cross-sell complimentary products, points incentive"
13490,69,3,343.84,3,2,3,Lost Customers,Low-cost automated re-engagement email
13491,21,4,87.84,5,3,1,Lost Customers,Low-cost automated re-engagement email
13492,104,2,465.04,2,1,4,Lost Customers,Low-cost automated re-engagement email
13493,274,2,22.61,1,1,1,Lost Customers,Low-cost automated re-engagement email
13494,43,16,1418.24,4,5,5,Champions,"VIP rewards, early access to new collections"
13495,153,16,296.37,1,5,3,At Risk,High-value win-back offer with targeted discount
13496,67,8,382.34,3,5,3,Loyal Customers,"Cross-sell complimentary products, points incentive"
13497,45,8,869.68,4,5,4,Champions,"VIP rewards, early access to new collections"
13498,18,7,1377.01,5,4,5,Champions,"VIP rewards, early access to new collections"
13499,168,2,451.66,1,1,3,Lost Customers,Low-cost automated re-engagement email
13500,73,5,378.31,3,4,3,Loyal Customers,"Cross-sell complimentary products, points incentive"
13501,47,3,658.57,4,2,4,New Customers,Welcome onboarding campaign to drive 2nd purchase
13502,53,1,85.08,4,1,1,New Customers,Welcome onboarding campaign to drive 2nd purchase
13503,110,9,426.77,2,5,3,At Risk,High-value win-back offer with targeted discount
13504,47,6,755.77,4,4,4,Champions,"VIP rewards, early access to new collections"
13505,30,2,78.84,5,1,1,New Customers,Welcome onboarding campaign to drive 2nd purchase
13506,61,3,239.54,3,2,2,Lost Customers,Low-cost automated re-engagement email
13507,60,8,468.07,3,5,4,Loyal Customers,"Cross-sell complimentary products, points incentive"
13508,59,4,89.23,3,3,1,Lost Customers,Low-cost automated re-engagement email
13509,47,1,121.1,4,1,1,New Customers,Welcome onboarding campaign to drive 2nd purchase
13510,157,2,204.95,1,1,2,Lost Customers,Low-cost automated re-engagement email
13511,338,15,3802.87,1,5,5,At Risk,High-value win-back offer with targeted discount
13512,27,4,67.0,5,3,1,Lost Customers,Low-cost automated re-engagement email
13513,7,8,378.98,5,5,3,Loyal Customers,"Cross-sell complimentary products, points incentive"
13514,56,15,3726.59,4,5,5,Champions,"VIP rewards, early access to new collections"
13515,8,3,434.95,5,2,3,New Customers,Welcome onboarding campaign to drive 2nd purchase
13516,16,5,863.83,5,4,4,Champions,"VIP rewards, early access to new collections"
13517,44,1,332.48,4,1,3,New Customers,Welcome onboarding campaign to drive 2nd purchase
13518,109,3,135.72,2,2,1,Lost Customers,Low-cost automated re-engagement email
13519,55,6,248.14,4,4,2,Lost Customers,Low-cost automated re-engagement email
13520,5,3,583.45,5,2,4,New Customers,Welcome onboarding campaign to drive 2nd purchase
13521,55,5,796.18,4,4,4,Champions,"VIP rewards, early access to new collections"
13522,58,7,562.97,3,4,4,Loyal Customers,"Cross-sell complimentary products, points incentive"
13523,59,6,470.33,3,4,4,Loyal Customers,"Cross-sell complimentary products, points incentive"
13524,142,5,187.84,1,4,2,Lost Customers,Low-cost automated re-engagement email
13525,126,4,1490.57,1,3,5,At Risk,High-value win-back offer with targeted discount
13526,71,3,1673.08,3,2,5,Lost Customers,Low-cost automated re-engagement email
13527,240,2,492.03,1,1,4,Lost Customers,Low-cost automated re-engagement email
13528,44,10,1620.04,4,5,5,Champions,"VIP rewards, early access to new collections"
13529,61,7,1071.49,3,4,5,Loyal Customers,"Cross-sell complimentary products, points incentive"
13530,66,2,242.51,3,1,2,Lost Customers,Low-cost automated re-engagement email
13531,17,4,73.7,5,3,1,Lost Customers,Low-cost automated re-engagement email
13532,67,2,117.32,3,1,1,Lost Customers,Low-cost automated re-engagement email
13533,14,3,564.77,5,2,4,New Customers,Welcome onboarding campaign to drive 2nd purchase
13534,38,6,252.01,4,4,2,Lost Customers,Low-cost automated re-engagement email
13535,73,5,517.66,3,4,4,Loyal Customers,"Cross-sell complimentary products, points incentive"
13536,20,4,1020.0,5,3,5,Loyal Customers,"Cross-sell complimentary products, points incentive"
13537,86,2,517.41,2,1,4,Lost Customers,Low-cost automated re-engagement email
13538,33,2,418.47,5,1,3,New Customers,Welcome onboarding campaign to drive 2nd purchase
13539,50,8,929.61,4,5,5,Champions,"VIP rewards, early access to new collections"
13540,97,13,2399.36,2,5,5,At Risk,High-value win-back offer with targeted discount
13541,63,6,434.63,3,4,3,Loyal Customers,"Cross-sell complimentary products, points incentive"
13542,84,3,1250.61,2,2,5,Lost Customers,Low-cost automated re-engagement email
13543,93,9,193.55,2,5,2,Lost Customers,Low-cost automated re-engagement email
13544,62,2,191.39,3,1,2,Lost Customers,Low-cost automated re-engagement email
13545,88,8,471.25,2,5,4,At Risk,High-value win-back offer with targeted discount
13546,38,3,499.09,4,2,4,New Customers,Welcome onboarding campaign to drive 2nd purchase
13547,96,3,198.95,2,2,2,Lost Customers,Low-cost automated re-engagement email
13548,56,3,2380.17,4,2,5,New Customers,Welcome onboarding campaign to drive 2nd purchase
13549,160,4,820.94,1,3,4,At Risk,High-value win-back offer with targeted discount
13550,75,7,256.51,3,4,2,Lost Customers,Low-cost automated re-engagement email
13551,43,2,16.34,4,1,1,New Customers,Welcome onboarding campaign to drive 2nd purchase
13552,97,3,96.98,2,2,1,Lost Customers,Low-cost automated re-engagement email
13553,164,4,596.82,1,3,4,At Risk,High-value win-back offer with targeted discount
13554,46,6,426.16,4,4,3,Loyal Customers,"Cross-sell complimentary products, points incentive"
13555,40,1,53.71,4,1,1,New Customers,Welcome onboarding campaign to drive 2nd purchase
13556,3,2,93.89,5,1,1,New Customers,Welcome onboarding campaign to drive 2nd purchase
13557,74,1,189.97,3,1,2,Lost Customers,Low-cost automated re-engagement email
13558,52,2,133.64,4,1,1,New Customers,Welcome onboarding campaign to drive 2nd purchase
13559,97,3,182.54,2,2,2,Lost Customers,Low-cost automated re-engagement email
13560,98,5,1101.56,2,4,5,At Risk,High-value win-back offer with targeted discount
13561,18,1,367.16,5,1,3,New Customers,Welcome onboarding campaign to drive 2nd purchase
13562,125,6,198.2,1,4,2,Lost Customers,Low-cost automated re-engagement email
13563,35,3,779.72,4,2,4,New Customers,Welcome onboarding campaign to drive 2nd purchase
13564,46,3,244.49,4,2,2,New Customers,Welcome onboarding campaign to drive 2nd purchase
13565,86,8,1645.52,2,5,5,At Risk,High-value win-back offer with targeted discount
13566,25,10,1623.93,5,5,5,Champions,"VIP rewards, early access to new collections"
13567,40,2,183.31,4,1,2,New Customers,Welcome onboarding campaign to drive 2nd purchase
13568,23,2,190.43,5,1,2,New Customers,Welcome onboarding campaign to drive 2nd purchase
13569,133,3,492.78,1,2,4,Lost Customers,Low-cost automated re-engagement email
13570,49,2,67.11,4,1,1,New Customers,Welcome onboarding campaign to drive 2nd purchase
13571,21,2,64.37,5,1,1,New Customers,Welcome onboarding campaign to drive 2nd purchase
13572,22,4,2342.83,5,3,5,Loyal Customers,"Cross-sell complimentary products, points incentive"
13573,118,2,514.95,2,1,4,Lost Customers,Low-cost automated re-engagement email
13574,32,4,879.63,5,3,4,Loyal Customers,"Cross-sell complimentary products, points incentive"
13575,45,14,1095.01,4,5,5,Champions,"VIP rewards, early access to new collections"
13576,69,4,82.38,3,3,1,Lost Customers,Low-cost automated re-engagement email
13577,52,2,111.71,4,1,1,New Customers,Welcome onboarding campaign to drive 2nd purchase
13578,10,3,390.59,5,2,3,New Customers,Welcome onboarding campaign to drive 2nd purchase
13579,104,4,1014.38,2,3,5,At Risk,High-value win-back offer with targeted discount
13580,55,3,397.07,4,2,3,New Customers,Welcome onboarding campaign to drive 2nd purchase
13581,84,3,407.19,2,2,3,Lost Customers,Low-cost automated re-engagement email
13582,110,1,77.15,2,1,1,Lost Customers,Low-cost automated re-engagement email
13583,8,6,969.25,5,4,5,Champions,"VIP rewards, early access to new collections"
13584,110,2,79.44,2,1,1,Lost Customers,Low-cost automated re-engagement email
13585,297,11,1107.33,1,5,5,At Risk,High-value win-back offer with targeted discount
13586,90,3,219.68,2,2,2,Lost Customers,Low-cost automated re-engagement email
13587,161,3,991.75,1,2,5,Lost Customers,Low-cost automated re-engagement email
13588,130,3,20.67,1,2,1,Lost Customers,Low-cost automated re-engagement email
13589,108,4,314.12,2,3,3,At Risk,High-value win-back offer with targeted discount
13590,133,2,225.3,1,1,2,Lost Customers,Low-cost automated re-engagement email
13591,149,2,33.95,1,1,1,Lost Customers,Low-cost automated re-engagement email
13592,153,6,1051.76,1,4,5,At Risk,High-value win-back offer with targeted discount
13593,22,2,159.93,5,1,2,New Customers,Welcome onboarding campaign to drive 2nd purchase
13594,139,6,228.88,1,4,2,Lost Customers,Low-cost automated re-engagement email
13595,55,7,1575.87,4,4,5,Champions,"VIP rewards, early access to new collections"
13596,156,6,276.53,1,4,3,At Risk,High-value win-back offer with targeted discount
13597,96,5,931.82,2,4,5,At Risk,High-value win-back offer with targeted discount
13598,22,1,106.48,5,1,1,New Customers,Welcome onboarding campaign to drive 2nd purchase
13599,171,2,124.48,1,1,1,Lost Customers,Low-cost automated re-engagement email
13600,35,2,72.58,4,1,1,New Customers,Welcome onboarding campaign to drive 2nd purchase
13601,53,3,142.09,4,2,2,New Customers,Welcome onboarding campaign to drive 2nd purchase
13602,198,4,794.81,1,3,4,At Risk,High-value win-back offer with targeted discount
13603,75,2,508.2,3,1,4,Lost Customers,Low-cost automated re-engagement email
13604,51,3,504.73,4,2,4,New Customers,Welcome onboarding campaign to drive 2nd purchase
13605,63,6,526.1,3,4,4,Loyal Customers,"Cross-sell complimentary products, points incentive"
13606,50,2,335.88,4,1,3,New Customers,Welcome onboarding campaign to drive 2nd purchase
13607,118,2,239.34,2,1,2,Lost Customers,Low-cost automated re-engagement email
13608,51,9,471.29,4,5,4,Champions,"VIP rewards, early access to new collections"
13609,65,2,78.95,3,1,1,Lost Customers,Low-cost automated re-engagement email
13610,102,5,339.41,2,4,3,At Risk,High-value win-back offer with targeted discount
13611,94,9,457.63,2,5,3,At Risk,High-value win-back offer with targeted discount
13612,38,2,202.35,4,1,2,New Customers,Welcome onboarding campaign to drive 2nd purchase
13613,119,2,764.12,2,1,4,Lost Customers,Low-cost automated re-engagement email
13614,44,3,347.41,4,2,3,New Customers,Welcome onboarding campaign to drive 2nd purchase
13615,27,4,1350.96,5,3,5,Loyal Customers,"Cross-sell complimentary products, points incentive"
13616,11,2,180.12,5,1,2,New Customers,Welcome onboarding campaign to drive 2nd purchase
13617,58,17,1315.82,3,5,5,Loyal Customers,"Cross-sell complimentary products, points incentive"
13618,14,6,138.14,5,4,2,Lost Customers,Low-cost automated re-engagement email
13619,33,2,320.2,5,1,3,New Customers,Welcome onboarding campaign to drive 2nd purchase
13620,66,2,99.75,3,1,1,Lost Customers,Low-cost automated re-engagement email
13621,147,4,165.96,1,3,2,Lost Customers,Low-cost automated re-engagement email
13622,54,5,180.84,4,4,2,Lost Customers,Low-cost automated re-engagement email
13623,18,15,1856.69,5,5,5,Champions,"VIP rewards, early access to new collections"
13624,62,4,214.04,3,3,2,Lost Customers,Low-cost automated re-engagement email
13625,143,3,1188.74,1,2,5,Lost Customers,Low-cost automated re-engagement email
13626,53,2,492.88,4,1,4,New Customers,Welcome onboarding campaign to drive 2nd purchase
13627,164,5,278.3,1,4,3,At Risk,High-value win-back offer with targeted discount
13628,66,8,85.01,3,5,1,Lost Customers,Low-cost automated re-engagement email
13629,111,1,100.14,2,1,1,Lost Customers,Low-cost automated re-engagement email
13630,79,4,272.39,3,3,3,Loyal Customers,"Cross-sell complimentary products, points incentive"
13631,158,2,401.05,1,1,3,Lost Customers,Low-cost automated re-engagement email
13632,250,2,182.23,1,1,2,Lost Customers,Low-cost automated re-engagement email
13633,46,13,3297.12,4,5,5,Champions,"VIP rewards, early access to new collections"
13634,76,7,982.26,3,4,5,Loyal Customers,"Cross-sell complimentary products, points incentive"
13635,146,3,85.59,1,2,1,Lost Customers,Low-cost automated re-engagement email
13636,81,3,137.88,3,2,2,Lost Customers,Low-cost automated re-engagement email
13637,11,3,179.4,5,2,2,New Customers,Welcome onboarding campaign to drive 2nd purchase
13638,53,2,154.71,4,1,2,New Customers,Welcome onboarding campaign to drive 2nd purchase
13639,81,3,211.86,3,2,2,Lost Customers,Low-cost automated re-engagement email
13640,188,7,1202.91,1,4,5,At Risk,High-value win-back offer with targeted discount
13641,73,3,424.6,3,2,3,Lost Customers,Low-cost automated re-engagement email
13642,31,5,308.1,5,4,3,Loyal Customers,"Cross-sell complimentary products, points incentive"
13643,82,3,490.34,3,2,4,Lost Customers,Low-cost automated re-engagement email
13644,176,2,62.75,1,1,1,Lost Customers,Low-cost automated re-engagement email
13645,40,9,1519.98,4,5,5,Champions,"VIP rewards, early access to new collections"
13646,44,1,196.78,4,1,2,New Customers,Welcome onboarding campaign to drive 2nd purchase
13647,40,14,1614.86,4,5,5,Champions,"VIP rewards, early access to new collections"
13648,20,8,1155.82,5,5,5,Champions,"VIP rewards, early access to new collections"
13649,70,4,650.48,3,3,4,Loyal Customers,"Cross-sell complimentary products, points incentive"
13650,64,3,693.37,3,2,4,Lost Customers,Low-cost automated re-engagement email
13651,12,3,526.5,5,2,4,New Customers,Welcome onboarding campaign to drive 2nd purchase
13652,33,4,1067.47,5,3,5,Loyal Customers,"Cross-sell complimentary products, points incentive"
13653,77,4,87.41,3,3,1,Lost Customers,Low-cost automated re-engagement email
13654,109,2,202.82,2,1,2,Lost Customers,Low-cost automated re-engagement email
13655,130,4,345.48,1,3,3,At Risk,High-value win-back offer with targeted discount
13656,115,5,516.18,2,4,4,At Risk,High-value win-back offer with targeted discount
13657,67,3,607.56,3,2,4,Lost Customers,Low-cost automated re-engagement email
13658,17,20,2021.97,5,5,5,Champions,"VIP rewards, early access to new collections"
13659,56,3,292.46,4,2,3,New Customers,Welcome onboarding campaign to drive 2nd purchase
13660,4,1,137.05,5,1,1,New Customers,Welcome onboarding campaign to drive 2nd purchase
13661,78,2,46.4,3,1,1,Lost Customers,Low-cost automated re-engagement email
13662,39,6,2191.16,4,4,5,Champions,"VIP rewards, early access to new collections"
13663,7,2,163.84,5,1,2,New Customers,Welcome onboarding campaign to drive 2nd purchase
13664,88,2,680.25,2,1,4,Lost Customers,Low-cost automated re-engagement email
13665,174,11,458.86,1,5,3,At Risk,High-value win-back offer with targeted discount
13666,15,4,158.41,5,3,2,Lost Customers,Low-cost automated re-engagement email
13667,94,3,220.04,2,2,2,Lost Customers,Low-cost automated re-engagement email
13668,49,1,92.97,4,1,1,New Customers,Welcome onboarding campaign to drive 2nd purchase
13669,35,6,341.99,4,4,3,Loyal Customers,"Cross-sell complimentary products, points incentive"
13670,35,4,174.55,4,3,2,Lost Customers,Low-cost automated re-engagement email
13671,49,10,1256.44,4,5,5,Champions,"VIP rewards, early access to new collections"
13672,49,2,663.79,4,1,4,New Customers,Welcome onboarding campaign to drive 2nd purchase
13673,65,3,1202.19,3,2,5,Lost Customers,Low-cost automated re-engagement email
13674,32,5,345.64,5,4,3,Loyal Customers,"Cross-sell complimentary products, points incentive"
13675,38,10,340.75,4,5,3,Loyal Customers,"Cross-sell complimentary products, points incentive"
13676,100,5,355.26,2,4,3,At Risk,High-value win-back offer with targeted discount
13677,30,2,840.07,5,1,4,New Customers,Welcome onboarding campaign to drive 2nd purchase
13678,81,10,2272.11,3,5,5,Loyal Customers,"Cross-sell complimentary products, points incentive"
13679,51,3,382.12,4,2,3,New Customers,Welcome onboarding campaign to drive 2nd purchase
13680,43,4,236.5,4,3,2,Lost Customers,Low-cost automated re-engagement email
13681,212,7,1431.8,1,4,5,At Risk,High-value win-back offer with targeted discount
13682,21,12,8277.33,5,5,5,Champions,"VIP rewards, early access to new collections"
13683,182,5,395.83,1,4,3,At Risk,High-value win-back offer with targeted discount
13684,120,27,412.65,2,5,3,At Risk,High-value win-back offer with targeted discount
13685,40,4,142.99,4,3,2,Lost Customers,Low-cost automated re-engagement email
13686,122,5,476.13,1,4,4,At Risk,High-value win-back offer with targeted discount
13687,2,3,234.74,5,2,2,New Customers,Welcome onboarding campaign to drive 2nd purchase
13688,36,5,1531.41,4,4,5,Champions,"VIP rewards, early access to new collections"
13689,30,5,264.28,5,4,3,Loyal Customers,"Cross-sell complimentary products, points incentive"
13690,89,8,615.51,2,5,4,At Risk,High-value win-back offer with targeted discount
13691,110,5,251.32,2,4,2,Lost Customers,Low-cost automated re-engagement email
13692,88,3,544.41,2,2,4,Lost Customers,Low-cost automated re-engagement email
13693,74,5,207.47,3,4,2,Lost Customers,Low-cost automated re-engagement email
13694,128,2,145.74,1,1,2,Lost Customers,Low-cost automated re-engagement email
13695,116,6,137.09,2,4,1,Lost Customers,Low-cost automated re-engagement email
13696,39,3,167.81,4,2,2,New Customers,Welcome onboarding campaign to drive 2nd purchase
13697,43,2,804.03,4,1,4,New Customers,Welcome onboarding campaign to drive 2nd purchase
13698,111,2,890.16,2,1,4,Lost Customers,Low-cost automated re-engagement email
13699,65,2,330.19,3,1,3,Lost Customers,Low-cost automated re-engagement email
13700,68,3,401.69,3,2,3,Lost Customers,Low-cost automated re-engagement email
13701,75,2,102.19,3,1,1,Lost Customers,Low-cost automated re-engagement email
13702,11,4,430.7,5,3,3,Loyal Customers,"Cross-sell complimentary products, points incentive"
13703,37,3,313.48,4,2,3,New Customers,Welcome onboarding campaign to drive 2nd purchase
13704,95,6,548.62,2,4,4,At Risk,High-value win-back offer with targeted discount
13705,37,5,930.16,4,4,5,Champions,"VIP rewards, early access to new collections"
13706,56,3,115.53,4,2,1,New Customers,Welcome onboarding campaign to drive 2nd purchase
13707,94,9,8127.96,2,5,5,At Risk,High-value win-back offer with targeted discount
13708,133,2,777.01,1,1,4,Lost Customers,Low-cost automated re-engagement email
13709,144,8,346.77,1,5,3,At Risk,High-value win-back offer with targeted discount
13710,150,4,396.67,1,3,3,At Risk,High-value win-back offer with targeted discount
13711,60,3,157.54,3,2,2,Lost Customers,Low-cost automated re-engagement email
13712,55,9,1436.24,4,5,5,Champions,"VIP rewards, early access to new collections"
13713,23,6,498.43,5,4,4,Champions,"VIP rewards, early access to new collections"
13714,175,2,33.1,1,1,1,Lost Customers,Low-cost automated re-engagement email
13715,53,5,196.49,4,4,2,Lost Customers,Low-cost automated re-engagement email
13716,172,5,1485.16,1,4,5,At Risk,High-value win-back offer with targeted discount
13717,83,8,591.38,2,5,4,At Risk,High-value win-back offer with targeted discount
13718,137,6,439.9,1,4,3,At Risk,High-value win-back offer with targeted discount
13719,63,6,986.35,3,4,5,Loyal Customers,"Cross-sell complimentary products, points incentive"
13720,101,3,629.28,2,2,4,Lost Customers,Low-cost automated re-engagement email
13721,140,3,249.24,1,2,2,Lost Customers,Low-cost automated re-engagement email
13722,45,3,38.44,4,2,1,New Customers,Welcome onboarding campaign to drive 2nd purchase
13723,150,1,43.7,1,1,1,Lost Customers,Low-cost automated re-engagement email
13724,26,10,130.71,5,5,1,Lost Customers,Low-cost automated re-engagement email
13725,208,2,51.09,1,1,1,Lost Customers,Low-cost automated re-engagement email
13726,75,5,482.42,3,4,4,Loyal Customers,"Cross-sell complimentary products, points incentive"
13727,38,3,281.52,4,2,3,New Customers,Welcome onboarding campaign to drive 2nd purchase
13728,118,3,851.06,2,2,4,Lost Customers,Low-cost automated re-engagement email
13729,86,6,524.42,2,4,4,At Risk,High-value win-back offer with targeted discount
13730,12,2,81.68,5,1,1,New Customers,Welcome onboarding campaign to drive 2nd purchase
13731,49,5,1328.84,4,4,5,Champions,"VIP rewards, early access to new collections"
13732,28,5,2176.48,5,4,5,Champions,"VIP rewards, early access to new collections"
13733,30,2,410.78,5,1,3,New Customers,Welcome onboarding campaign to drive 2nd purchase
13734,29,7,593.11,5,4,4,Champions,"VIP rewards, early access to new collections"
13735,98,10,682.23,2,5,4,At Risk,High-value win-back offer with targeted discount
13736,125,17,523.64,1,5,4,At Risk,High-value win-back offer with targeted discount
13737,35,3,132.62,4,2,1,New Customers,Welcome onboarding campaign to drive 2nd purchase
13738,9,4,240.51,5,3,2,Lost Customers,Low-cost automated re-engagement email
13739,241,5,136.67,1,4,1,Lost Customers,Low-cost automated re-engagement email
13740,76,6,399.54,3,4,3,Loyal Customers,"Cross-sell complimentary products, points incentive"
13741,119,14,978.1,2,5,5,At Risk,High-value win-back offer with targeted discount
13742,58,5,1417.13,3,4,5,Loyal Customers,"Cross-sell complimentary products, points incentive"
13743,7,6,125.79,5,4,1,Lost Customers,Low-cost automated re-engagement email
13744,91,2,210.25,2,1,2,Lost Customers,Low-cost automated re-engagement email
13745,194,18,476.03,1,5,4,At Risk,High-value win-back offer with targeted discount
13746,40,3,46.44,4,2,1,New Customers,Welcome onboarding campaign to drive 2nd purchase
13747,6,1,57.69,5,1,1,New Customers,Welcome onboarding campaign to drive 2nd purchase
13748,23,1,91.56,5,1,1,New Customers,Welcome onboarding campaign to drive 2nd purchase
13749,123,5,1414.37,1,4,5,At Risk,High-value win-back offer with targeted discount
13750,85,2,141.29,2,1,2,Lost Customers,Low-cost automated re-engagement email
13751,150,4,221.77,1,3,2,Lost Customers,Low-cost automated re-engagement email
13752,68,2,95.72,3,1,1,Lost Customers,Low-cost automated re-engagement email
13753,109,5,282.5,2,4,3,At Risk,High-value win-back offer with targeted discount
13754,48,6,22.69,4,4,1,Lost Customers,Low-cost automated re-engagement email
13755,25,4,172.25,5,3,2,Lost Customers,Low-cost automated re-engagement email
13756,109,2,370.39,2,1,3,Lost Customers,Low-cost automated re-engagement email
13757,125,7,69.25,1,4,1,Lost Customers,Low-cost automated re-engagement email
13758,40,3,185.86,4,2,2,New Customers,Welcome onboarding campaign to drive 2nd purchase
13759,182,3,208.26,1,2,2,Lost Customers,Low-cost automated re-engagement email
13760,186,3,514.59,1,2,4,Lost Customers,Low-cost automated re-engagement email
13761,29,3,299.95,5,2,3,New Customers,Welcome onboarding campaign to drive 2nd purchase
13762,30,15,1973.63,5,5,5,Champions,"VIP rewards, early access to new collections"
13763,32,4,184.0,5,3,2,Lost Customers,Low-cost automated re-engagement email
13764,61,2,36.99,3,1,1,Lost Customers,Low-cost automated re-engagement email
13765,50,2,111.74,4,1,1,New Customers,Welcome onboarding campaign to drive 2nd purchase
13766,20,3,237.51,5,2,2,New Customers,Welcome onboarding campaign to drive 2nd purchase
13767,33,2,510.45,5,1,4,New Customers,Welcome onboarding campaign to drive 2nd purchase
13768,7,8,199.24,5,5,2,Lost Customers,Low-cost automated re-engagement email
13769,8,2,1179.76,5,1,5,New Customers,Welcome onboarding campaign to drive 2nd purchase
13770,16,4,420.55,5,3,3,Loyal Customers,"Cross-sell complimentary products, points incentive"
13771,232,8,362.99,1,5,3,At Risk,High-value win-back offer with targeted discount
13772,214,3,129.91,1,2,1,Lost Customers,Low-cost automated re-engagement email
13773,114,5,389.83,2,4,3,At Risk,High-value win-back offer with targeted discount
13774,41,4,338.79,4,3,3,Loyal Customers,"Cross-sell complimentary products, points incentive"
13775,16,4,364.38,5,3,3,Loyal Customers,"Cross-sell complimentary products, points incentive"
13776,67,6,958.7,3,4,5,Loyal Customers,"Cross-sell complimentary products, points incentive"
13777,93,1,49.65,2,1,1,Lost Customers,Low-cost automated re-engagement email
13778,35,9,891.52,4,5,4,Champions,"VIP rewards, early access to new collections"
13779,89,1,66.59,2,1,1,Lost Customers,Low-cost automated re-engagement email
13780,23,9,3566.26,5,5,5,Champions,"VIP rewards, early access to new collections"
13781,42,5,88.44,4,4,1,Lost Customers,Low-cost automated re-engagement email
13782,55,5,3102.87,4,4,5,Champions,"VIP rewards, early access to new collections"
13783,218,13,528.32,1,5,4,At Risk,High-value win-back offer with targeted discount
13784,32,9,304.99,5,5,3,Loyal Customers,"Cross-sell complimentary products, points incentive"
13785,92,7,482.68,2,4,4,At Risk,High-value win-back offer with targeted discount
13786,28,3,328.02,5,2,3,New Customers,Welcome onboarding campaign to drive 2nd purchase
13787,24,3,194.74,5,2,2,New Customers,Welcome onboarding campaign to drive 2nd purchase
13788,35,7,1078.85,4,4,5,Champions,"VIP rewards, early access to new collections"
13789,68,5,300.34,3,4,3,Loyal Customers,"Cross-sell complimentary products, points incentive"
13790,198,5,252.18,1,4,2,Lost Customers,Low-cost automated re-engagement email
13791,40,4,156.68,4,3,2,Lost Customers,Low-cost automated re-engagement email
13792,125,3,839.69,1,2,4,Lost Customers,Low-cost automated re-engagement email
13793,225,2,254.45,1,1,2,Lost Customers,Low-cost automated re-engagement email
13794,81,6,190.66,3,4,2,Lost Customers,Low-cost automated re-engagement email
13795,141,3,179.74,1,2,2,Lost Customers,Low-cost automated re-engagement email
13796,34,3,82.04,5,2,1,New Customers,Welcome onboarding campaign to drive 2nd purchase
13797,91,1,1046.47,2,1,5,Lost Customers,Low-cost automated re-engagement email
13798,108,4,424.58,2,3,3,At Risk,High-value win-back offer with targeted discount
13799,19,2,30.04,5,1,1,New Customers,Welcome onboarding campaign to drive 2nd purchase
13800,31,3,79.41,5,2,1,New Customers,Welcome onboarding campaign to drive 2nd purchase
13801,53,7,204.49,4,4,2,Lost Customers,Low-cost automated re-engagement email
13802,36,4,468.57,4,3,4,Loyal Customers,"Cross-sell complimentary products, points incentive"
13803,58,4,78.12,3,3,1,Lost Customers,Low-cost automated re-engagement email
13804,16,2,52.67,5,1,1,New Customers,Welcome onboarding campaign to drive 2nd purchase
13805,211,3,215.39,1,2,2,Lost Customers,Low-cost automated re-engagement email
13806,134,12,1002.53,1,5,5,At Risk,High-value win-back offer with targeted discount
13807,373,7,382.67,1,4,3,At Risk,High-value win-back offer with targeted discount
13808,21,3,185.84,5,2,2,New Customers,Welcome onboarding campaign to drive 2nd purchase
13809,93,4,98.96,2,3,1,Lost Customers,Low-cost automated re-engagement email
13810,36,5,672.48,4,4,4,Champions,"VIP rewards, early access to new collections"
13811,24,5,74.29,5,4,1,Lost Customers,Low-cost automated re-engagement email
13812,129,4,310.51,1,3,3,At Risk,High-value win-back offer with targeted discount
13813,70,1,446.95,3,1,3,Lost Customers,Low-cost automated re-engagement email
13814,50,4,259.0,4,3,2,Lost Customers,Low-cost automated re-engagement email
13815,83,4,102.22,2,3,1,Lost Customers,Low-cost automated re-engagement email
13816,32,18,1458.81,5,5,5,Champions,"VIP rewards, early access to new collections"
13817,31,29,1978.14,5,5,5,Champions,"VIP rewards, early access to new collections"
13818,38,6,637.64,4,4,4,Champions,"VIP rewards, early access to new collections"
13819,147,2,209.48,1,1,2,Lost Customers,Low-cost automated re-engagement email
13820,139,6,1284.03,1,4,5,At Risk,High-value win-back offer with targeted discount
13821,20,1,57.29,5,1,1,New Customers,Welcome onboarding campaign to drive 2nd purchase
13822,205,3,127.28,1,2,1,Lost Customers,Low-cost automated re-engagement email
13823,66,1,43.4,3,1,1,Lost Customers,Low-cost automated re-engagement email
13824,92,6,299.09,2,4,3,At Risk,High-value win-back offer with targeted discount
13825,37,2,233.0,4,1,2,New Customers,Welcome onboarding campaign to drive 2nd purchase
13826,68,3,77.71,3,2,1,Lost Customers,Low-cost automated re-engagement email
13827,24,4,153.79,5,3,2,Lost Customers,Low-cost automated re-engagement email
13828,34,4,376.75,5,3,3,Loyal Customers,"Cross-sell complimentary products, points incentive"
13829,122,3,798.69,1,2,4,Lost Customers,Low-cost automated re-engagement email
13830,124,5,203.04,1,4,2,Lost Customers,Low-cost automated re-engagement email
13831,95,2,246.52,2,1,2,Lost Customers,Low-cost automated re-engagement email
13832,47,14,1044.66,4,5,5,Champions,"VIP rewards, early access to new collections"
13833,20,2,283.26,5,1,3,New Customers,Welcome onboarding campaign to drive 2nd purchase
13834,159,4,379.86,1,3,3,At Risk,High-value win-back offer with targeted discount
13835,130,6,553.41,1,4,4,At Risk,High-value win-back offer with targeted discount
13836,10,6,5372.55,5,4,5,Champions,"VIP rewards, early access to new collections"
13837,125,7,8801.83,1,4,5,At Risk,High-value win-back offer with targeted discount
13838,50,1,71.04,4,1,1,New Customers,Welcome onboarding campaign to drive 2nd purchase
13839,110,2,78.84,2,1,1,Lost Customers,Low-cost automated re-engagement email
13840,17,4,447.7,5,3,3,Loyal Customers,"Cross-sell complimentary products, points incentive"
13841,38,5,775.13,4,4,4,Champions,"VIP rewards, early access to new collections"
13842,72,10,2954.88,3,5,5,Loyal Customers,"Cross-sell complimentary products, points incentive"
13843,211,3,35.81,1,2,1,Lost Customers,Low-cost automated re-engagement email
13844,72,2,124.41,3,1,1,Lost Customers,Low-cost automated re-engagement email
13845,143,3,170.96,1,2,2,Lost Customers,Low-cost automated re-engagement email
13846,80,21,914.35,3,5,5,Loyal Customers,"Cross-sell complimentary products, points incentive"
13847,78,12,280.82,3,5,3,Loyal Customers,"Cross-sell complimentary products, points incentive"
13848,99,3,220.64,2,2,2,Lost Customers,Low-cost automated re-engagement email
13849,64,10,1697.1,3,5,5,Loyal Customers,"Cross-sell complimentary products, points incentive"
13850,120,3,88.1,2,2,1,Lost Customers,Low-cost automated re-engagement email
13851,26,8,779.33,5,5,4,Champions,"VIP rewards, early access to new collections"
13852,65,2,262.69,3,1,2,Lost Customers,Low-cost automated re-engagement email
13853,223,5,1975.4,1,4,5,At Risk,High-value win-back offer with targeted discount
13854,147,8,1275.51,1,5,5,At Risk,High-value win-back offer with targeted discount
13855,85,3,250.08,2,2,2,Lost Customers,Low-cost automated re-engagement email
13856,133,6,714.84,1,4,4,At Risk,High-value win-back offer with targeted discount
13857,185,3,536.51,1,2,4,Lost Customers,Low-cost automated re-engagement email
13858,9,5,501.79,5,4,4,Champions,"VIP rewards, early access to new collections"
13859,54,3,548.22,4,2,4,New Customers,Welcome onboarding campaign to drive 2nd purchase
13860,38,7,467.18,4,4,4,Champions,"VIP rewards, early access to new collections"
13861,18,2,530.35,5,1,4,New Customers,Welcome onboarding campaign to drive 2nd purchase
13862,244,2,113.8,1,1,1,Lost Customers,Low-cost automated re-engagement email
13863,102,10,485.61,2,5,4,At Risk,High-value win-back offer with targeted discount
13864,130,1,59.07,1,1,1,Lost Customers,Low-cost automated re-engagement email
13865,40,2,75.17,4,1,1,New Customers,Welcome onboarding campaign to drive 2nd purchase
13866,53,3,532.53,4,2,4,New Customers,Welcome onboarding campaign to drive 2nd purchase
13867,67,5,109.31,3,4,1,Lost Customers,Low-cost automated re-engagement email
13868,90,3,182.83,2,2,2,Lost Customers,Low-cost automated re-engagement email
13869,116,2,241.08,2,1,2,Lost Customers,Low-cost automated re-engagement email
13870,111,9,819.03,2,5,4,At Risk,High-value win-back offer with targeted discount
13871,56,8,693.46,4,5,4,Champions,"VIP rewards, early access to new collections"
13872,189,3,237.52,1,2,2,Lost Customers,Low-cost automated re-engagement email
13873,164,1,104.38,1,1,1,Lost Customers,Low-cost automated re-engagement email
13874,83,5,182.55,2,4,2,Lost Customers,Low-cost automated re-engagement email
13875,69,4,233.88,3,3,2,Lost Customers,Low-cost automated re-engagement email
13876,52,2,142.79,4,1,2,New Customers,Welcome onboarding campaign to drive 2nd purchase
13877,90,1,135.67,2,1,1,Lost Customers,Low-cost automated re-engagement email
13878,158,3,630.99,1,2,4,Lost Customers,Low-cost automated re-engagement email
13879,70,7,559.5,3,4,4,Loyal Customers,"Cross-sell complimentary products, points incentive"
13880,42,7,1220.22,4,4,5,Champions,"VIP rewards, early access to new collections"
13881,69,4,390.34,3,3,3,Loyal Customers,"Cross-sell complimentary products, points incentive"
13882,85,3,253.42,2,2,2,Lost Customers,Low-cost automated re-engagement email
13883,24,6,1094.15,5,4,5,Champions,"VIP rewards, early access to new collections"
13884,19,2,48.93,5,1,1,New Customers,Welcome onboarding campaign to drive 2nd purchase
13885,43,2,268.04,4,1,3,New Customers,Welcome onboarding campaign to drive 2nd purchase
13886,189,4,194.26,1,3,2,Lost Customers,Low-cost automated re-engagement email
13887,152,12,2750.81,1,5,5,At Risk,High-value win-back offer with targeted discount
13888,14,12,597.54,5,5,4,Champions,"VIP rewards, early access to new collections"
13889,30,2,136.14,5,1,1,New Customers,Welcome onboarding campaign to drive 2nd purchase
13890,115,3,66.04,2,2,1,Lost Customers,Low-cost automated re-engagement email
13891,48,24,3006.79,4,5,5,Champions,"VIP rewards, early access to new collections"
13892,94,2,123.63,2,1,1,Lost Customers,Low-cost automated re-engagement email
13893,15,13,721.6,5,5,4,Champions,"VIP rewards, early access to new collections"
13894,68,8,738.11,3,5,4,Loyal Customers,"Cross-sell complimentary products, points incentive"
13895,62,9,180.23,3,5,2,Lost Customers,Low-cost automated re-engagement email
13896,131,3,144.71,1,2,2,Lost Customers,Low-cost automated re-engagement email
13897,90,3,228.37,2,2,2,Lost Customers,Low-cost automated re-engagement email
13898,75,2,672.75,3,1,4,Lost Customers,Low-cost automated re-engagement email
13899,12,7,743.2,5,4,4,Champions,"VIP rewards, early access to new collections"
13900,227,1,128.57,1,1,1,Lost Customers,Low-cost automated re-engagement email
13901,109,3,285.54,2,2,3,Lost Customers,Low-cost automated re-engagement email
13902,37,13,25177.6,4,5,5,Champions,"VIP rewards, early access to new collections"
13903,73,6,1212.83,3,4,5,Loyal Customers,"Cross-sell complimentary products, points incentive"
13904,49,8,115.55,4,5,1,Lost Customers,Low-cost automated re-engagement email
13905,57,1,109.95,3,1,1,Lost Customers,Low-cost automated re-engagement email
13906,151,2,480.3,1,1,4,Lost Customers,Low-cost automated re-engagement email
13907,30,9,219.52,5,5,2,Lost Customers,Low-cost automated re-engagement email
13908,113,4,395.73,2,3,3,At Risk,High-value win-back offer with targeted discount
13909,155,2,110.93,1,1,1,Lost Customers,Low-cost automated re-engagement email
13910,100,6,250.28,2,4,2,Lost Customers,Low-cost automated re-engagement email
13911,59,3,898.73,3,2,4,Lost Customers,Low-cost automated re-engagement email
13912,34,26,1288.59,5,5,5,Champions,"VIP rewards, early access to new collections"
13913,39,6,299.84,4,4,3,Loyal Customers,"Cross-sell complimentary products, points incentive"
13914,75,2,80.0,3,1,1,Lost Customers,Low-cost automated re-engagement email
13915,70,7,236.62,3,4,2,Lost Customers,Low-cost automated re-engagement email
13916,123,13,715.6,1,5,4,At Risk,High-value win-back offer with targeted discount
13917,17,4,210.59,5,3,2,Lost Customers,Low-cost automated re-engagement email
13918,150,2,61.81,1,1,1,Lost Customers,Low-cost automated re-engagement email
13919,328,4,351.31,1,3,3,At Risk,High-value win-back offer with targeted discount
13920,64,3,27.71,3,2,1,Lost Customers,Low-cost automated re-engagement email
13921,56,3,295.9,4,2,3,New Customers,Welcome onboarding campaign to drive 2nd purchase
13922,61,2,433.47,3,1,3,Lost Customers,Low-cost automated re-engagement email
13923,73,7,390.82,3,4,3,Loyal Customers,"Cross-sell complimentary products, points incentive"
13924,53,2,247.6,4,1,2,New Customers,Welcome onboarding campaign to drive 2nd purchase
13925,9,6,430.3,5,4,3,Loyal Customers,"Cross-sell complimentary products, points incentive"
13926,60,3,2242.5,3,2,5,Lost Customers,Low-cost automated re-engagement email
13927,76,4,864.54,3,3,4,Loyal Customers,"Cross-sell complimentary products, points incentive"
13928,161,3,123.82,1,2,1,Lost Customers,Low-cost automated re-engagement email
13929,29,4,1151.33,5,3,5,Loyal Customers,"Cross-sell complimentary products, points incentive"
13930,205,5,3942.29,1,4,5,At Risk,High-value win-back offer with targeted discount
13931,50,3,222.24,4,2,2,New Customers,Welcome onboarding campaign to drive 2nd purchase
13932,33,1,139.51,5,1,2,New Customers,Welcome onboarding campaign to drive 2nd purchase
13933,109,5,1119.96,2,4,5,At Risk,High-value win-back offer with targeted discount
13934,45,5,164.34,4,4,2,Lost Customers,Low-cost automated re-engagement email
13935,65,2,34.55,3,1,1,Lost Customers,Low-cost automated re-engagement email
13936,68,2,207.84,3,1,2,Lost Customers,Low-cost automated re-engagement email
13937,105,3,128.84,2,2,1,Lost Customers,Low-cost automated re-engagement email
13938,63,1,73.97,3,1,1,Lost Customers,Low-cost automated re-engagement email
13939,58,6,1358.48,3,4,5,Loyal Customers,"Cross-sell complimentary products, points incentive"
13940,49,3,449.04,4,2,3,New Customers,Welcome onboarding campaign to drive 2nd purchase
13941,98,5,743.79,2,4,4,At Risk,High-value win-back offer with targeted discount
13942,43,2,160.35,4,1,2,New Customers,Welcome onboarding campaign to drive 2nd purchase
13943,164,17,856.84,1,5,4,At Risk,High-value win-back offer with targeted discount
13944,69,2,95.13,3,1,1,Lost Customers,Low-cost automated re-engagement email
13945,13,3,1297.22,5,2,5,New Customers,Welcome onboarding campaign to drive 2nd purchase
13946,84,9,6171.78,2,5,5,At Risk,High-value win-back offer with targeted discount
13947,95,2,475.37,2,1,4,Lost Customers,Low-cost automated re-engagement email
13948,166,4,279.65,1,3,3,At Risk,High-value win-back offer with targeted discount
13949,36,6,198.38,4,4,2,Lost Customers,Low-cost automated re-engagement email
13950,31,1,1042.13,5,1,5,New Customers,Welcome onboarding campaign to drive 2nd purchase
13951,107,2,270.69,2,1,3,Lost Customers,Low-cost automated re-engagement email
13952,147,4,531.11,1,3,4,At Risk,High-value win-back offer with targeted discount
13953,35,5,262.84,4,4,2,Lost Customers,Low-cost automated re-engagement email
13954,82,2,334.45,3,1,3,Lost Customers,Low-cost automated re-engagement email
13955,64,15,1119.96,3,5,5,Loyal Customers,"Cross-sell complimentary products, points incentive"
13956,36,5,174.08,4,4,2,Lost Customers,Low-cost automated re-engagement email
13957,61,7,464.6,3,4,4,Loyal Customers,"Cross-sell complimentary products, points incentive"
13958,140,6,776.23,1,4,4,At Risk,High-value win-back offer with targeted discount
13959,69,1,357.8,3,1,3,Lost Customers,Low-cost automated re-engagement email
13960,59,4,87.27,3,3,1,Lost Customers,Low-cost automated re-engagement email
13961,103,4,118.08,2,3,1,Lost Customers,Low-cost automated re-engagement email
13962,149,3,183.95,1,2,2,Lost Customers,Low-cost automated re-engagement email
13963,29,4,155.08,5,3,2,Lost Customers,Low-cost automated re-engagement email
13964,85,1,90.22,2,1,1,Lost Customers,Low-cost automated re-engagement email
13965,50,4,231.29,4,3,2,Lost Customers,Low-cost automated re-engagement email
13966,69,3,302.12,3,2,3,Lost Customers,Low-cost automated re-engagement email
13967,109,1,104.66,2,1,1,Lost Customers,Low-cost automated re-engagement email
13968,54,5,133.08,4,4,1,Lost Customers,Low-cost automated re-engagement email
13969,63,2,149.19,3,1,2,Lost Customers,Low-cost automated re-engagement email
13970,133,3,131.6,1,2,1,Lost Customers,Low-cost automated re-engagement email
13971,93,3,752.18,2,2,4,Lost Customers,Low-cost automated re-engagement email
13972,62,1,48.83,3,1,1,Lost Customers,Low-cost automated re-engagement email
13973,75,1,57.65,3,1,1,Lost Customers,Low-cost automated re-engagement email
13974,71,6,238.6,3,4,2,Lost Customers,Low-cost automated re-engagement email
13975,12,3,262.89,5,2,2,New Customers,Welcome onboarding campaign to drive 2nd purchase
13976,76,3,235.49,3,2,2,Lost Customers,Low-cost automated re-engagement email
13977,21,4,1366.38,5,3,5,Loyal Customers,"Cross-sell complimentary products, points incentive"
13978,146,1,87.59,1,1,1,Lost Customers,Low-cost automated re-engagement email
13979,20,3,906.36,5,2,5,New Customers,Welcome onboarding campaign to drive 2nd purchase
13980,48,4,1437.61,4,3,5,Loyal Customers,"Cross-sell complimentary products, points incentive"
13981,41,14,916.63,4,5,5,Champions,"VIP rewards, early access to new collections"
13982,184,2,153.8,1,1,2,Lost Customers,Low-cost automated re-engagement email
13983,142,7,375.97,1,4,3,At Risk,High-value win-back offer with targeted discount
13984,5,4,119.27,5,3,1,Lost Customers,Low-cost automated re-engagement email
13985,67,2,1503.92,3,1,5,Lost Customers,Low-cost automated re-engagement email
13986,24,3,161.89,5,2,2,New Customers,Welcome onboarding campaign to drive 2nd purchase
13987,76,7,279.88,3,4,3,Loyal Customers,"Cross-sell complimentary products, points incentive"
13988,108,7,242.54,2,4,2,Lost Customers,Low-cost automated re-engagement email
13989,81,3,153.82,3,2,2,Lost Customers,Low-cost automated re-engagement email
13990,112,5,342.47,2,4,3,At Risk,High-value win-back offer with targeted discount
13991,55,2,550.89,4,1,4,New Customers,Welcome onboarding campaign to drive 2nd purchase
13992,83,3,1380.32,2,2,5,Lost Customers,Low-cost automated re-engagement email
13993,109,3,41.48,2,2,1,Lost Customers,Low-cost automated re-engagement email
13994,47,7,2630.08,4,4,5,Champions,"VIP rewards, early access to new collections"
13995,32,5,2037.13,5,4,5,Champions,"VIP rewards, early access to new collections"
13996,39,2,103.05,4,1,1,New Customers,Welcome onboarding campaign to drive 2nd purchase
13997,61,3,118.96,3,2,1,Lost Customers,Low-cost automated re-engagement email
13998,68,4,575.94,3,3,4,Loyal Customers,"Cross-sell complimentary products, points incentive"
13999,86,3,152.06,2,2,2,Lost Customers,Low-cost automated re-engagement email
14000,36,3,1039.77,4,2,5,New Customers,Welcome onboarding campaign to drive 2nd purchase
14001,112,3,420.05,2,2,3,Lost Customers,Low-cost automated re-engagement email
14002,212,11,502.18,1,5,4,At Risk,High-value win-back offer with targeted discount
14003,41,3,351.33,4,2,3,New Customers,Welcome onboarding campaign to drive 2nd purchase
14004,291,5,479.48,1,4,4,At Risk,High-value win-back offer with targeted discount
14005,231,24,383.66,1,5,3,At Risk,High-value win-back offer with targeted discount
14006,68,2,74.05,3,1,1,Lost Customers,Low-cost automated re-engagement email
14007,60,4,199.2,3,3,2,Lost Customers,Low-cost automated re-engagement email
14008,39,5,633.32,4,4,4,Champions,"VIP rewards, early access to new collections"
14009,123,4,599.46,1,3,4,At Risk,High-value win-back offer with targeted discount
14010,71,4,1066.55,3,3,5,Loyal Customers,"Cross-sell complimentary products, points incentive"
14011,77,2,95.48,3,1,1,Lost Customers,Low-cost automated re-engagement email
14012,33,5,118.58,5,4,1,Lost Customers,Low-cost automated re-engagement email
14013,126,1,42.0,1,1,1,Lost Customers,Low-cost automated re-engagement email
14014,56,14,667.54,4,5,4,Champions,"VIP rewards, early access to new collections"
14015,26,14,612.44,5,5,4,Champions,"VIP rewards, early access to new collections"
14016,64,3,264.85,3,2,3,Lost Customers,Low-cost automated re-engagement email
14017,35,8,1349.97,4,5,5,Champions,"VIP rewards, early access to new collections"
14018,166,3,186.41,1,2,2,Lost Customers,Low-cost automated re-engagement email
14019,229,4,565.26,1,3,4,At Risk,High-value win-back offer with targeted discount
14020,65,2,431.04,3,1,3,Lost Customers,Low-cost automated re-engagement email
14021,140,7,624.17,1,4,4,At Risk,High-value win-back offer with targeted discount
14022,137,3,97.02,1,2,1,Lost Customers,Low-cost automated re-engagement email
14023,1,7,490.17,5,4,4,Champions,"VIP rewards, early access to new collections"
14024,39,4,902.05,4,3,5,Loyal Customers,"Cross-sell complimentary products, points incentive"
14025,74,4,634.94,3,3,4,Loyal Customers,"Cross-sell complimentary products, points incentive"
14026,48,2,68.89,4,1,1,New Customers,Welcome onboarding campaign to drive 2nd purchase
14027,37,4,1038.98,4,3,5,Loyal Customers,"Cross-sell complimentary products, points incentive"
14028,143,2,133.7,1,1,1,Lost Customers,Low-cost automated re-engagement email
14029,46,4,137.12,4,3,1,Lost Customers,Low-cost automated re-engagement email
14030,86,16,1399.5,2,5,5,At Risk,High-value win-back offer with targeted discount
14031,135,2,45.64,1,1,1,Lost Customers,Low-cost automated re-engagement email
14032,172,3,484.84,1,2,4,Lost Customers,Low-cost automated re-engagement email
14033,26,2,504.38,5,1,4,New Customers,Welcome onboarding campaign to drive 2nd purchase
14034,29,2,73.11,5,1,1,New Customers,Welcome onboarding campaign to drive 2nd purchase
14035,79,2,154.72,3,1,2,Lost Customers,Low-cost automated re-engagement email
14036,9,11,2169.71,5,5,5,Champions,"VIP rewards, early access to new collections"
14037,30,14,380.42,5,5,3,Loyal Customers,"Cross-sell complimentary products, points incentive"
14038,154,2,59.97,1,1,1,Lost Customers,Low-cost automated re-engagement email
14039,106,5,363.62,2,4,3,At Risk,High-value win-back offer with targeted discount
14040,61,2,140.07,3,1,2,Lost Customers,Low-cost automated re-engagement email
14041,95,2,188.12,2,1,2,Lost Customers,Low-cost automated re-engagement email
14042,111,1,81.89,2,1,1,Lost Customers,Low-cost automated re-engagement email
14043,18,19,516.78,5,5,4,Champions,"VIP rewards, early access to new collections"
14044,46,8,168.33,4,5,2,Lost Customers,Low-cost automated re-engagement email
14045,168,2,54.97,1,1,1,Lost Customers,Low-cost automated re-engagement email
14046,80,5,707.72,3,4,4,Loyal Customers,"Cross-sell complimentary products, points incentive"
14047,84,3,635.61,2,2,4,Lost Customers,Low-cost automated re-engagement email
14048,65,8,664.71,3,5,4,Loyal Customers,"Cross-sell complimentary products, points incentive"
14049,12,3,511.88,5,2,4,New Customers,Welcome onboarding campaign to drive 2nd purchase
14050,41,3,156.22,4,2,2,New Customers,Welcome onboarding campaign to drive 2nd purchase
14051,91,2,129.38,2,1,1,Lost Customers,Low-cost automated re-engagement email
14052,46,6,1240.8,4,4,5,Champions,"VIP rewards, early access to new collections"
14053,27,20,2736.47,5,5,5,Champions,"VIP rewards, early access to new collections"
14054,31,3,316.56,5,2,3,New Customers,Welcome onboarding campaign to drive 2nd purchase
14055,171,3,236.5,1,2,2,Lost Customers,Low-cost automated re-engagement email
14056,44,4,126.97,4,3,1,Lost Customers,Low-cost automated re-engagement email
14057,148,5,486.09,1,4,4,At Risk,High-value win-back offer with targeted discount
14058,84,3,356.94,2,2,3,Lost Customers,Low-cost automated re-engagement email
14059,56,3,1970.26,4,2,5,New Customers,Welcome onboarding campaign to drive 2nd purchase
14060,35,4,335.37,4,3,3,Loyal Customers,"Cross-sell complimentary products, points incentive"
14061,108,1,64.54,2,1,1,Lost Customers,Low-cost automated re-engagement email
14062,136,3,348.03,1,2,3,Lost Customers,Low-cost automated re-engagement email
14063,115,1,331.46,2,1,3,Lost Customers,Low-cost automated re-engagement email
14064,20,3,370.73,5,2,3,New Customers,Welcome onboarding campaign to drive 2nd purchase
14065,44,2,153.24,4,1,2,New Customers,Welcome onboarding campaign to drive 2nd purchase
14066,49,6,266.46,4,4,3,Loyal Customers,"Cross-sell complimentary products, points incentive"
14067,9,2,85.1,5,1,1,New Customers,Welcome onboarding campaign to drive 2nd purchase
14068,94,3,545.46,2,2,4,Lost Customers,Low-cost automated re-engagement email
14069,104,1,69.48,2,1,1,Lost Customers,Low-cost automated re-engagement email
14070,101,8,4383.98,2,5,5,At Risk,High-value win-back offer with targeted discount
14071,90,2,194.17,2,1,2,Lost Customers,Low-cost automated re-engagement email
14072,52,3,419.0,4,2,3,New Customers,Welcome onboarding campaign to drive 2nd purchase
14073,34,7,382.67,5,4,3,Loyal Customers,"Cross-sell complimentary products, points incentive"
14074,52,7,300.59,4,4,3,Loyal Customers,"Cross-sell complimentary products, points incentive"
14075,85,2,358.02,2,1,3,Lost Customers,Low-cost automated re-engagement email
14076,158,6,1584.2,1,4,5,At Risk,High-value win-back offer with targeted discount
14077,71,2,73.61,3,1,1,Lost Customers,Low-cost automated re-engagement email
14078,69,4,185.83,3,3,2,Lost Customers,Low-cost automated re-engagement email
14079,10,2,99.5,5,1,1,New Customers,Welcome onboarding campaign to drive 2nd purchase
14080,89,2,331.0,2,1,3,Lost Customers,Low-cost automated re-engagement email
14081,165,4,498.63,1,3,4,At Risk,High-value win-back offer with targeted discount
14082,62,2,164.65,3,1,2,Lost Customers,Low-cost automated re-engagement email
14083,58,17,758.47,3,5,4,Loyal Customers,"Cross-sell complimentary products, points incentive"
14084,50,3,1147.95,4,2,5,New Customers,Welcome onboarding campaign to drive 2nd purchase
14085,110,2,433.98,2,1,3,Lost Customers,Low-cost automated re-engagement email
14086,10,2,29.88,5,1,1,New Customers,Welcome onboarding campaign to drive 2nd purchase
14087,149,4,778.48,1,3,4,At Risk,High-value win-back offer with targeted discount
14088,56,4,277.69,4,3,3,Loyal Customers,"Cross-sell complimentary products, points incentive"
14089,90,5,261.93,2,4,2,Lost Customers,Low-cost automated re-engagement email
14090,116,7,1255.78,2,4,5,At Risk,High-value win-back offer with targeted discount
14091,30,1,123.46,5,1,1,New Customers,Welcome onboarding campaign to drive 2nd purchase
14092,66,8,780.19,3,5,4,Loyal Customers,"Cross-sell complimentary products, points incentive"
14093,55,2,80.14,4,1,1,New Customers,Welcome onboarding campaign to drive 2nd purchase
14094,24,5,1121.79,5,4,5,Champions,"VIP rewards, early access to new collections"
14095,136,14,414.18,1,5,3,At Risk,High-value win-back offer with targeted discount
14096,52,2,361.36,4,1,3,New Customers,Welcome onboarding campaign to drive 2nd purchase
14097,23,2,195.17,5,1,2,New Customers,Welcome onboarding campaign to drive 2nd purchase
14098,69,2,174.34,3,1,2,Lost Customers,Low-cost automated re-engagement email
14099,17,3,164.44,5,2,2,New Customers,Welcome onboarding campaign to drive 2nd purchase
14100,46,10,1043.99,4,5,5,Champions,"VIP rewards, early access to new collections"
14101,84,2,52.2,2,1,1,Lost Customers,Low-cost automated re-engagement email
14102,16,3,820.4,5,2,4,New Customers,Welcome onboarding campaign to drive 2nd purchase
14103,105,8,501.07,2,5,4,At Risk,High-value win-back offer with targeted discount
14104,72,6,290.31,3,4,3,Loyal Customers,"Cross-sell complimentary products, points incentive"
14105,117,3,226.22,2,2,2,Lost Customers,Low-cost automated re-engagement email
14106,116,3,192.93,2,2,2,Lost Customers,Low-cost automated re-engagement email
14107,45,7,1929.42,4,4,5,Champions,"VIP rewards, early access to new collections"
14108,46,12,226.98,4,5,2,Lost Customers,Low-cost automated re-engagement email
14109,95,13,1094.62,2,5,5,At Risk,High-value win-back offer with targeted discount
14110,26,11,4114.89,5,5,5,Champions,"VIP rewards, early access to new collections"
14111,26,2,191.44,5,1,2,New Customers,Welcome onboarding campaign to drive 2nd purchase
14112,40,15,1599.83,4,5,5,Champions,"VIP rewards, early access to new collections"
14113,19,2,175.53,5,1,2,New Customers,Welcome onboarding campaign to drive 2nd purchase
14114,23,1,50.19,5,1,1,New Customers,Welcome onboarding campaign to drive 2nd purchase
14115,24,4,585.5,5,3,4,Loyal Customers,"Cross-sell complimentary products, points incentive"
14116,52,11,833.29,4,5,4,Champions,"VIP rewards, early access to new collections"
14117,50,6,613.06,4,4,4,Champions,"VIP rewards, early access to new collections"
14118,129,4,590.18,1,3,4,At Risk,High-value win-back offer with targeted discount
14119,53,5,669.95,4,4,4,Champions,"VIP rewards, early access to new collections"
14120,62,6,589.3,3,4,4,Loyal Customers,"Cross-sell complimentary products, points incentive"
14121,202,4,808.35,1,3,4,At Risk,High-value win-back offer with targeted discount
14122,5,3,671.24,5,2,4,New Customers,Welcome onboarding campaign to drive 2nd purchase
14123,78,2,364.82,3,1,3,Lost Customers,Low-cost automated re-engagement email
14124,56,4,930.82,4,3,5,Loyal Customers,"Cross-sell complimentary products, points incentive"
14125,84,4,1219.84,2,3,5,At Risk,High-value win-back offer with targeted discount
14126,42,4,121.58,4,3,1,Lost Customers,Low-cost automated re-engagement email
14127,52,8,8616.16,4,5,5,Champions,"VIP rewards, early access to new collections"
14128,153,3,310.89,1,2,3,Lost Customers,Low-cost automated re-engagement email
14129,94,3,216.98,2,2,2,Lost Customers,Low-cost automated re-engagement email
14130,54,4,419.06,4,3,3,Loyal Customers,"Cross-sell complimentary products, points incentive"
14131,35,28,667.86,4,5,4,Champions,"VIP rewards, early access to new collections"
14132,26,2,222.25,5,1,2,New Customers,Welcome onboarding campaign to drive 2nd purchase
14133,45,8,352.71,4,5,3,Loyal Customers,"Cross-sell complimentary products, points incentive"
14134,58,3,288.3,3,2,3,Lost Customers,Low-cost automated re-engagement email
14135,202,4,410.2,1,3,3,At Risk,High-value win-back offer with targeted discount
14136,74,2,105.61,3,1,1,Lost Customers,Low-cost automated re-engagement email
14137,38,15,266.33,4,5,3,Loyal Customers,"Cross-sell complimentary products, points incentive"
14138,5,4,460.65,5,3,3,Loyal Customers,"Cross-sell complimentary products, points incentive"
14139,34,6,539.59,5,4,4,Champions,"VIP rewards, early access to new collections"
14140,45,2,214.06,4,1,2,New Customers,Welcome onboarding campaign to drive 2nd purchase
14141,79,2,123.2,3,1,1,Lost Customers,Low-cost automated re-engagement email
14142,46,5,249.19,4,4,2,Lost Customers,Low-cost automated re-engagement email
14143,208,3,222.52,1,2,2,Lost Customers,Low-cost automated re-engagement email
14144,55,5,510.13,4,4,4,Champions,"VIP rewards, early access to new collections"
14145,132,18,2971.07,1,5,5,At Risk,High-value win-back offer with targeted discount
14146,14,5,217.08,5,4,2,Lost Customers,Low-cost automated re-engagement email
14147,63,3,550.4,3,2,4,Lost Customers,Low-cost automated re-engagement email
14148,34,2,324.28,5,1,3,New Customers,Welcome onboarding campaign to drive 2nd purchase
14149,135,2,287.64,1,1,3,Lost Customers,Low-cost automated re-engagement email
14150,48,3,1402.26,4,2,5,New Customers,Welcome onboarding campaign to drive 2nd purchase
14151,156,3,55.43,1,2,1,Lost Customers,Low-cost automated re-engagement email
14152,104,4,2083.57,2,3,5,At Risk,High-value win-back offer with targeted discount
14153,43,6,299.9,4,4,3,Loyal Customers,"Cross-sell complimentary products, points incentive"
14154,26,5,559.38,5,4,4,Champions,"VIP rewards, early access to new collections"
14155,36,4,374.63,4,3,3,Loyal Customers,"Cross-sell complimentary products, points incentive"
14156,52,4,107.98,4,3,1,Lost Customers,Low-cost automated re-engagement email
14157,104,26,3767.64,2,5,5,At Risk,High-value win-back offer with targeted discount
14158,65,2,391.71,3,1,3,Lost Customers,Low-cost automated re-engagement email
14159,117,4,526.52,2,3,4,At Risk,High-value win-back offer with targeted discount
14160,164,1,23.83,1,1,1,Lost Customers,Low-cost automated re-engagement email
14161,68,3,88.45,3,2,1,Lost Customers,Low-cost automated re-engagement email
14162,28,2,96.12,5,1,1,New Customers,Welcome onboarding campaign to drive 2nd purchase
14163,86,2,566.02,2,1,4,Lost Customers,Low-cost automated re-engagement email
14164,223,2,196.3,1,1,2,Lost Customers,Low-cost automated re-engagement email
14165,122,2,29.74,1,1,1,Lost Customers,Low-cost automated re-engagement email
14166,82,4,2308.11,3,3,5,Loyal Customers,"Cross-sell complimentary products, points incentive"
14167,32,6,2083.86,5,4,5,Champions,"VIP rewards, early access to new collections"
14168,57,2,67.7,3,1,1,Lost Customers,Low-cost automated re-engagement email
14169,15,1,62.28,5,1,1,New Customers,Welcome onboarding campaign to drive 2nd purchase
14170,24,4,278.27,5,3,3,Loyal Customers,"Cross-sell complimentary products, points incentive"
14171,88,5,720.74,2,4,4,At Risk,High-value win-back offer with targeted discount
14172,12,6,645.97,5,4,4,Champions,"VIP rewards, early access to new collections"
14173,50,2,97.51,4,1,1,New Customers,Welcome onboarding campaign to drive 2nd purchase
14174,22,3,878.84,5,2,4,New Customers,Welcome onboarding campaign to drive 2nd purchase
14175,25,2,865.0,5,1,4,New Customers,Welcome onboarding campaign to drive 2nd purchase
14176,69,2,172.2,3,1,2,Lost Customers,Low-cost automated re-engagement email
14177,36,2,107.43,4,1,1,New Customers,Welcome onboarding campaign to drive 2nd purchase
14178,18,3,1134.81,5,2,5,New Customers,Welcome onboarding campaign to drive 2nd purchase
14179,42,3,37.47,4,2,1,New Customers,Welcome onboarding campaign to drive 2nd purchase
14180,17,4,160.99,5,3,2,Lost Customers,Low-cost automated re-engagement email
14181,149,2,434.67,1,1,3,Lost Customers,Low-cost automated re-engagement email
14182,108,3,944.83,2,2,5,Lost Customers,Low-cost automated re-engagement email
14183,108,2,135.04,2,1,1,Lost Customers,Low-cost automated re-engagement email
14184,33,1,700.83,5,1,4,New Customers,Welcome onboarding campaign to drive 2nd purchase
14185,90,6,59.84,2,4,1,Lost Customers,Low-cost automated re-engagement email
14186,76,2,482.22,3,1,4,Lost Customers,Low-cost automated re-engagement email
14187,35,1,97.3,4,1,1,New Customers,Welcome onboarding campaign to drive 2nd purchase
14188,62,6,348.55,3,4,3,Loyal Customers,"Cross-sell complimentary products, points incentive"
14189,14,3,595.03,5,2,4,New Customers,Welcome onboarding campaign to drive 2nd purchase
14190,26,5,316.79,5,4,3,Loyal Customers,"Cross-sell complimentary products, points incentive"
14191,61,5,169.2,3,4,2,Lost Customers,Low-cost automated re-engagement email
14192,44,2,199.75,4,1,2,New Customers,Welcome onboarding campaign to drive 2nd purchase
14193,84,7,600.13,2,4,4,At Risk,High-value win-back offer with targeted discount
14194,36,1,44.59,4,1,1,New Customers,Welcome onboarding campaign to drive 2nd purchase
14195,50,3,161.22,4,2,2,New Customers,Welcome onboarding campaign to drive 2nd purchase
14196,65,3,186.21,3,2,2,Lost Customers,Low-cost automated re-engagement email
14197,34,2,41.66,5,1,1,New Customers,Welcome onboarding campaign to drive 2nd purchase
14198,49,9,176.9,4,5,2,Lost Customers,Low-cost automated re-engagement email
14199,76,5,1042.33,3,4,5,Loyal Customers,"Cross-sell complimentary products, points incentive"
14200,178,2,49.99,1,1,1,Lost Customers,Low-cost automated re-engagement email
14201,34,2,177.17,5,1,2,New Customers,Welcome onboarding campaign to drive 2nd purchase
14202,44,19,318.0,4,5,3,Loyal Customers,"Cross-sell complimentary products, points incentive"
14203,121,3,1047.48,2,2,5,Lost Customers,Low-cost automated re-engagement email
14204,142,2,141.24,1,1,2,Lost Customers,Low-cost automated re-engagement email
14205,96,9,2215.36,2,5,5,At Risk,High-value win-back offer with targeted discount
14206,139,1,603.64,1,1,4,Lost Customers,Low-cost automated re-engagement email
14207,32,11,310.43,5,5,3,Loyal Customers,"Cross-sell complimentary products, points incentive"
14208,130,2,97.56,1,1,1,Lost Customers,Low-cost automated re-engagement email
14209,111,6,1183.9,2,4,5,At Risk,High-value win-back offer with targeted discount
14210,25,3,152.78,5,2,2,New Customers,Welcome onboarding campaign to drive 2nd purchase
14211,50,1,116.9,4,1,1,New Customers,Welcome onboarding campaign to drive 2nd purchase
14212,7,4,394.89,5,3,3,Loyal Customers,"Cross-sell complimentary products, points incentive"
14213,72,8,87.43,3,5,1,Lost Customers,Low-cost automated re-engagement email
14214,129,1,210.46,1,1,2,Lost Customers,Low-cost automated re-engagement email
14215,43,2,159.13,4,1,2,New Customers,Welcome onboarding campaign to drive 2nd purchase
14216,28,9,276.61,5,5,3,Loyal Customers,"Cross-sell complimentary products, points incentive"
14217,26,5,1810.93,5,4,5,Champions,"VIP rewards, early access to new collections"
14218,64,5,239.09,3,4,2,Lost Customers,Low-cost automated re-engagement email
14219,95,7,318.58,2,4,3,At Risk,High-value win-back offer with targeted discount
14220,180,5,89.0,1,4,1,Lost Customers,Low-cost automated re-engagement email
14221,7,4,615.13,5,3,4,Loyal Customers,"Cross-sell complimentary products, points incentive"
14222,166,9,841.73,1,5,4,At Risk,High-value win-back offer with targeted discount
14223,75,3,56.5,3,2,1,Lost Customers,Low-cost automated re-engagement email
14224,125,4,449.15,1,3,3,At Risk,High-value win-back offer with targeted discount
14225,106,7,1327.02,2,4,5,At Risk,High-value win-back offer with targeted discount
14226,67,2,272.89,3,1,3,Lost Customers,Low-cost automated re-engagement email
14227,65,11,3262.13,3,5,5,Loyal Customers,"Cross-sell complimentary products, points incentive"
14228,86,5,261.27,2,4,2,Lost Customers,Low-cost automated re-engagement email
14229,53,2,883.68,4,1,4,New Customers,Welcome onboarding campaign to drive 2nd purchase
14230,57,3,270.94,3,2,3,Lost Customers,Low-cost automated re-engagement email
14231,99,2,370.03,2,1,3,Lost Customers,Low-cost automated re-engagement email
14232,34,4,1137.01,5,3,5,Loyal Customers,"Cross-sell complimentary products, points incentive"
14233,133,3,2931.46,1,2,5,Lost Customers,Low-cost automated re-engagement email
14234,125,2,68.04,1,1,1,Lost Customers,Low-cost automated re-engagement email
14235,45,1,46.27,4,1,1,New Customers,Welcome onboarding campaign to drive 2nd purchase
14236,99,2,213.58,2,1,2,Lost Customers,Low-cost automated re-engagement email
14237,91,3,193.42,2,2,2,Lost Customers,Low-cost automated re-engagement email
14238,41,3,131.24,4,2,1,New Customers,Welcome onboarding campaign to drive 2nd purchase
14239,104,2,45.64,2,1,1,Lost Customers,Low-cost automated re-engagement email
14240,174,4,403.26,1,3,3,At Risk,High-value win-back offer with targeted discount
14241,136,2,368.37,1,1,3,Lost Customers,Low-cost automated re-engagement email
14242,18,7,865.18,5,4,4,Champions,"VIP rewards, early access to new collections"
14243,93,8,166.09,2,5,2,Lost Customers,Low-cost automated re-engagement email
14244,121,3,63.63,2,2,1,Lost Customers,Low-cost automated re-engagement email
14245,39,12,1141.38,4,5,5,Champions,"VIP rewards, early access to new collections"
14246,133,3,217.82,1,2,2,Lost Customers,Low-cost automated re-engagement email
14247,35,2,135.25,4,1,1,New Customers,Welcome onboarding campaign to drive 2nd purchase
14248,53,9,631.05,4,5,4,Champions,"VIP rewards, early access to new collections"
14249,36,13,747.4,4,5,4,Champions,"VIP rewards, early access to new collections"
14250,31,8,823.35,5,5,4,Champions,"VIP rewards, early access to new collections"
14251,86,2,485.05,2,1,4,Lost Customers,Low-cost automated re-engagement email
14252,19,2,77.66,5,1,1,New Customers,Welcome onboarding campaign to drive 2nd purchase
14253,55,3,405.93,4,2,3,New Customers,Welcome onboarding campaign to drive 2nd purchase
14254,86,25,2424.3,2,5,5,At Risk,High-value win-back offer with targeted discount
14255,37,2,36.17,4,1,1,New Customers,Welcome onboarding campaign to drive 2nd purchase
14256,148,7,349.26,1,4,3,At Risk,High-value win-back offer with targeted discount
14257,59,4,363.36,3,3,3,Loyal Customers,"Cross-sell complimentary products, points incentive"
14258,192,8,5051.27,1,5,5,At Risk,High-value win-back offer with targeted discount
14259,17,2,93.74,5,1,1,New Customers,Welcome onboarding campaign to drive 2nd purchase
14260,88,3,155.93,2,2,2,Lost Customers,Low-cost automated re-engagement email
14261,76,2,261.12,3,1,2,Lost Customers,Low-cost automated re-engagement email
14262,48,2,162.58,4,1,2,New Customers,Welcome onboarding campaign to drive 2nd purchase
14263,67,6,173.51,3,4,2,Lost Customers,Low-cost automated re-engagement email
14264,98,2,37.77,2,1,1,Lost Customers,Low-cost automated re-engagement email
14265,111,5,84.29,2,4,1,Lost Customers,Low-cost automated re-engagement email
14266,60,4,773.8,3,3,4,Loyal Customers,"Cross-sell complimentary products, points incentive"
14267,89,2,71.22,2,1,1,Lost Customers,Low-cost automated re-engagement email
14268,33,2,1519.39,5,1,5,New Customers,Welcome onboarding campaign to drive 2nd purchase
14269,112,5,279.81,2,4,3,At Risk,High-value win-back offer with targeted discount
14270,168,4,720.99,1,3,4,At Risk,High-value win-back offer with targeted discount
14271,118,4,126.56,2,3,1,Lost Customers,Low-cost automated re-engagement email
14272,36,3,320.39,4,2,3,New Customers,Welcome onboarding campaign to drive 2nd purchase
14273,29,3,963.68,5,2,5,New Customers,Welcome onboarding campaign to drive 2nd purchase
14274,273,4,262.82,1,3,2,Lost Customers,Low-cost automated re-engagement email
14275,161,11,372.73,1,5,3,At Risk,High-value win-back offer with targeted discount
14276,111,6,386.33,2,4,3,At Risk,High-value win-back offer with targeted discount
14277,175,3,222.3,1,2,2,Lost Customers,Low-cost automated re-engagement email
14278,66,2,74.15,3,1,1,Lost Customers,Low-cost automated re-engagement email
14279,110,3,1195.44,2,2,5,Lost Customers,Low-cost automated re-engagement email
14280,147,2,183.1,1,1,2,Lost Customers,Low-cost automated re-engagement email
14281,53,2,569.84,4,1,4,New Customers,Welcome onboarding campaign to drive 2nd purchase
14282,93,1,236.74,2,1,2,Lost Customers,Low-cost automated re-engagement email
14283,137,4,1664.66,1,3,5,At Risk,High-value win-back offer with targeted discount
14284,27,18,521.76,5,5,4,Champions,"VIP rewards, early access to new collections"
14285,49,4,643.16,4,3,4,Loyal Customers,"Cross-sell complimentary products, points incentive"
14286,135,6,343.2,1,4,3,At Risk,High-value win-back offer with targeted discount
14287,78,8,633.7,3,5,4,Loyal Customers,"Cross-sell complimentary products, points incentive"
14288,70,3,102.08,3,2,1,Lost Customers,Low-cost automated re-engagement email
14289,64,3,2188.94,3,2,5,Lost Customers,Low-cost automated re-engagement email
14290,144,2,92.9,1,1,1,Lost Customers,Low-cost automated re-engagement email
14291,30,4,647.95,5,3,4,Loyal Customers,"Cross-sell complimentary products, points incentive"
14292,47,4,113.21,4,3,1,Lost Customers,Low-cost automated re-engagement email
14293,19,2,143.18,5,1,2,New Customers,Welcome onboarding campaign to drive 2nd purchase
14294,52,9,2104.34,4,5,5,Champions,"VIP rewards, early access to new collections"
14295,75,2,246.1,3,1,2,Lost Customers,Low-cost automated re-engagement email
14296,10,33,1272.86,5,5,5,Champions,"VIP rewards, early access to new collections"
14297,34,5,236.48,5,4,2,Lost Customers,Low-cost automated re-engagement email
14298,78,4,416.88,3,3,3,Loyal Customers,"Cross-sell complimentary products, points incentive"
14299,92,16,1418.04,2,5,5,At Risk,High-value win-back offer with targeted discount
14300,202,1,27.61,1,1,1,Lost Customers,Low-cost automated re-engagement email
14301,102,3,191.65,2,2,2,Lost Customers,Low-cost automated re-engagement email
14302,58,3,236.81,3,2,2,Lost Customers,Low-cost automated re-engagement email
14303,73,3,450.42,3,2,3,Lost Customers,Low-cost automated re-engagement email
14304,75,4,896.09,3,3,4,Loyal Customers,"Cross-sell complimentary products, points incentive"
14305,47,3,494.05,4,2,4,New Customers,Welcome onboarding campaign to drive 2nd purchase
14306,80,11,1344.1,3,5,5,Loyal Customers,"Cross-sell complimentary products, points incentive"
14307,45,5,623.8,4,4,4,Champions,"VIP rewards, early access to new collections"
14308,83,5,691.44,2,4,4,At Risk,High-value win-back offer with targeted discount
14309,64,5,1064.79,3,4,5,Loyal Customers,"Cross-sell complimentary products, points incentive"
14310,56,2,825.39,4,1,4,New Customers,Welcome onboarding campaign to drive 2nd purchase
14311,58,4,150.04,3,3,2,Lost Customers,Low-cost automated re-engagement email
14312,113,5,300.68,2,4,3,At Risk,High-value win-back offer with targeted discount
14313,106,2,447.03,2,1,3,Lost Customers,Low-cost automated re-engagement email
14314,54,7,257.33,4,4,2,Lost Customers,Low-cost automated re-engagement email
14315,110,1,28.05,2,1,1,Lost Customers,Low-cost automated re-engagement email
14316,63,25,1263.17,3,5,5,Loyal Customers,"Cross-sell complimentary products, points incentive"
14317,64,4,384.7,3,3,3,Loyal Customers,"Cross-sell complimentary products, points incentive"
14318,47,2,117.05,4,1,1,New Customers,Welcome onboarding campaign to drive 2nd purchase
14319,188,6,753.21,1,4,4,At Risk,High-value win-back offer with targeted discount
14320,175,6,418.2,1,4,3,At Risk,High-value win-back offer with targeted discount
14321,39,18,1187.64,4,5,5,Champions,"VIP rewards, early access to new collections"
14322,52,14,280.59,4,5,3,Loyal Customers,"Cross-sell complimentary products, points incentive"
14323,88,2,308.6,2,1,3,Lost Customers,Low-cost automated re-engagement email
14324,99,3,468.41,2,2,4,Lost Customers,Low-cost automated re-engagement email
14325,28,2,152.15,5,1,2,New Customers,Welcome onboarding campaign to drive 2nd purchase
14326,32,7,720.54,5,4,4,Champions,"VIP rewards, early access to new collections"
14327,99,11,1130.14,2,5,5,At Risk,High-value win-back offer with targeted discount
14328,18,2,463.76,5,1,3,New Customers,Welcome onboarding campaign to drive 2nd purchase
14329,39,4,440.0,4,3,3,Loyal Customers,"Cross-sell complimentary products, points incentive"
14330,122,3,81.18,1,2,1,Lost Customers,Low-cost automated re-engagement email
14331,118,7,3508.98,2,4,5,At Risk,High-value win-back offer with targeted discount
14332,181,5,1435.83,1,4,5,At Risk,High-value win-back offer with targeted discount
14333,222,9,847.22,1,5,4,At Risk,High-value win-back offer with targeted discount
14334,345,3,310.44,1,2,3,Lost Customers,Low-cost automated re-engagement email
14335,50,4,467.15,4,3,4,Loyal Customers,"Cross-sell complimentary products, points incentive"
14336,41,5,224.94,4,4,2,Lost Customers,Low-cost automated re-engagement email
14337,90,3,736.57,2,2,4,Lost Customers,Low-cost automated re-engagement email
14338,20,5,1117.59,5,4,5,Champions,"VIP rewards, early access to new collections"
14339,56,10,832.77,4,5,4,Champions,"VIP rewards, early access to new collections"
14340,75,19,3132.5,3,5,5,Loyal Customers,"Cross-sell complimentary products, points incentive"
14341,95,3,690.64,2,2,4,Lost Customers,Low-cost automated re-engagement email
14342,102,19,2098.02,2,5,5,At Risk,High-value win-back offer with targeted discount
14343,54,3,106.79,4,2,1,New Customers,Welcome onboarding campaign to drive 2nd purchase
14344,23,7,1168.08,5,4,5,Champions,"VIP rewards, early access to new collections"
14345,27,3,284.1,5,2,3,New Customers,Welcome onboarding campaign to drive 2nd purchase
14346,9,2,67.21,5,1,1,New Customers,Welcome onboarding campaign to drive 2nd purchase
14347,43,9,2056.19,4,5,5,Champions,"VIP rewards, early access to new collections"
14348,19,4,445.67,5,3,3,Loyal Customers,"Cross-sell complimentary products, points incentive"
14349,45,10,732.18,4,5,4,Champions,"VIP rewards, early access to new collections"
14350,89,7,4067.4,2,4,5,At Risk,High-value win-back offer with targeted discount
14351,23,5,275.56,5,4,3,Loyal Customers,"Cross-sell complimentary products, points incentive"
14352,72,6,231.17,3,4,2,Lost Customers,Low-cost automated re-engagement email
14353,54,8,829.04,4,5,4,Champions,"VIP rewards, early access to new collections"
14354,86,7,548.02,2,4,4,At Risk,High-value win-back offer with targeted discount
14355,101,3,163.34,2,2,2,Lost Customers,Low-cost automated re-engagement email
14356,51,5,1599.32,4,4,5,Champions,"VIP rewards, early access to new collections"
14357,67,12,393.42,3,5,3,Loyal Customers,"Cross-sell complimentary products, points incentive"
14358,54,4,475.84,4,3,4,Loyal Customers,"Cross-sell complimentary products, points incentive"
14359,46,3,292.13,4,2,3,New Customers,Welcome onboarding campaign to drive 2nd purchase
14360,38,3,267.38,4,2,3,New Customers,Welcome onboarding campaign to drive 2nd purchase
14361,94,7,1782.45,2,4,5,At Risk,High-value win-back offer with targeted discount
14362,160,3,1715.2,1,2,5,Lost Customers,Low-cost automated re-engagement email
14363,148,5,450.21,1,4,3,At Risk,High-value win-back offer with targeted discount
14364,21,3,600.63,5,2,4,New Customers,Welcome onboarding campaign to drive 2nd purchase
14365,158,9,840.42,1,5,4,At Risk,High-value win-back offer with targeted discount
14366,30,4,386.55,5,3,3,Loyal Customers,"Cross-sell complimentary products, points incentive"
14367,75,11,1486.41,3,5,5,Loyal Customers,"Cross-sell complimentary products, points incentive"
14368,85,11,1152.36,2,5,5,At Risk,High-value win-back offer with targeted discount
14369,16,4,158.55,5,3,2,Lost Customers,Low-cost automated re-engagement email
14370,59,10,2982.97,3,5,5,Loyal Customers,"Cross-sell complimentary products, points incentive"
14371,165,3,404.69,1,2,3,Lost Customers,Low-cost automated re-engagement email
14372,6,5,431.56,5,4,3,Loyal Customers,"Cross-sell complimentary products, points incentive"
14373,286,2,102.44,1,1,1,Lost Customers,Low-cost automated re-engagement email
14374,8,6,702.43,5,4,4,Champions,"VIP rewards, early access to new collections"
14375,83,5,361.62,2,4,3,At Risk,High-value win-back offer with targeted discount
14376,17,6,636.33,5,4,4,Champions,"VIP rewards, early access to new collections"
14377,93,2,151.89,2,1,2,Lost Customers,Low-cost automated re-engagement email
14378,143,1,42.61,1,1,1,Lost Customers,Low-cost automated re-engagement email
14379,118,2,767.01,2,1,4,Lost Customers,Low-cost automated re-engagement email
14380,131,5,192.49,1,4,2,Lost Customers,Low-cost automated re-engagement email
14381,54,6,267.49,4,4,3,Loyal Customers,"Cross-sell complimentary products, points incentive"
14382,164,9,1491.55,1,5,5,At Risk,High-value win-back offer with targeted discount
14383,245,3,356.88,1,2,3,Lost Customers,Low-cost automated re-engagement email
14384,72,4,652.59,3,3,4,Loyal Customers,"Cross-sell complimentary products, points incentive"
14385,49,2,283.15,4,1,3,New Customers,Welcome onboarding campaign to drive 2nd purchase
14386,34,10,457.08,5,5,3,Loyal Customers,"Cross-sell complimentary products, points incentive"
14387,113,2,329.02,2,1,3,Lost Customers,Low-cost automated re-engagement email
14388,136,9,454.19,1,5,3,At Risk,High-value win-back offer with targeted discount
14389,49,3,697.16,4,2,4,New Customers,Welcome onboarding campaign to drive 2nd purchase
14390,188,12,439.96,1,5,3,At Risk,High-value win-back offer with targeted discount
14391,106,4,176.37,2,3,2,Lost Customers,Low-cost automated re-engagement email
14392,71,4,180.9,3,3,2,Lost Customers,Low-cost automated re-engagement email
14393,85,2,238.02,2,1,2,Lost Customers,Low-cost automated re-engagement email
14394,28,19,1632.08,5,5,5,Champions,"VIP rewards, early access to new collections"
14395,112,8,798.48,2,5,4,At Risk,High-value win-back offer with targeted discount
14396,30,6,485.71,5,4,4,Champions,"VIP rewards, early access to new collections"
14397,44,5,429.06,4,4,3,Loyal Customers,"Cross-sell complimentary products, points incentive"
14398,63,2,116.67,3,1,1,Lost Customers,Low-cost automated re-engagement email
14399,220,6,138.63,1,4,2,Lost Customers,Low-cost automated re-engagement email
14400,80,4,102.59,3,3,1,Lost Customers,Low-cost automated re-engagement email
14401,32,4,175.04,5,3,2,Lost Customers,Low-cost automated re-engagement email
14402,85,7,471.56,2,4,4,At Risk,High-value win-back offer with targeted discount
14403,102,5,1681.7,2,4,5,At Risk,High-value win-back offer with targeted discount
14404,151,4,143.88,1,3,2,Lost Customers,Low-cost automated re-engagement email
14405,66,11,370.44,3,5,3,Loyal Customers,"Cross-sell complimentary products, points incentive"
14406,37,2,34.98,4,1,1,New Customers,Welcome onboarding campaign to drive 2nd purchase
14407,259,1,141.33,1,1,2,Lost Customers,Low-cost automated re-engagement email
14408,86,2,148.57,2,1,2,Lost Customers,Low-cost automated re-engagement email
14409,33,4,112.35,5,3,1,Lost Customers,Low-cost automated re-engagement email
14410,65,6,526.38,3,4,4,Loyal Customers,"Cross-sell complimentary products, points incentive"
14411,44,2,106.5,4,1,1,New Customers,Welcome onboarding campaign to drive 2nd purchase
14412,157,64,18482.07,1,5,5,At Risk,High-value win-back offer with targeted discount
14413,101,4,196.93,2,3,2,Lost Customers,Low-cost automated re-engagement email
14414,52,4,1660.05,4,3,5,Loyal Customers,"Cross-sell complimentary products, points incentive"
14415,136,2,210.22,1,1,2,Lost Customers,Low-cost automated re-engagement email
14416,61,2,126.19,3,1,1,Lost Customers,Low-cost automated re-engagement email
14417,64,1,71.43,3,1,1,Lost Customers,Low-cost automated re-engagement email
14418,36,10,1172.03,4,5,5,Champions,"VIP rewards, early access to new collections"
14419,36,9,636.42,4,5,4,Champions,"VIP rewards, early access to new collections"
14420,248,4,156.53,1,3,2,Lost Customers,Low-cost automated re-engagement email
14421,131,2,317.66,1,1,3,Lost Customers,Low-cost automated re-engagement email
14422,11,3,659.17,5,2,4,New Customers,Welcome onboarding campaign to drive 2nd purchase
14423,29,11,2495.78,5,5,5,Champions,"VIP rewards, early access to new collections"
14424,24,3,233.78,5,2,2,New Customers,Welcome onboarding campaign to drive 2nd purchase
14425,70,2,480.97,3,1,4,Lost Customers,Low-cost automated re-engagement email
14426,48,3,358.72,4,2,3,New Customers,Welcome onboarding campaign to drive 2nd purchase
14427,179,3,207.51,1,2,2,Lost Customers,Low-cost automated re-engagement email
14428,52,6,325.98,4,4,3,Loyal Customers,"Cross-sell complimentary products, points incentive"
14429,231,1,206.15,1,1,2,Lost Customers,Low-cost automated re-engagement email
14430,63,4,79.18,3,3,1,Lost Customers,Low-cost automated re-engagement email
14431,264,2,628.3,1,1,4,Lost Customers,Low-cost automated re-engagement email
14432,57,3,302.48,3,2,3,Lost Customers,Low-cost automated re-engagement email
14433,58,7,368.19,3,4,3,Loyal Customers,"Cross-sell complimentary products, points incentive"
14434,129,2,94.61,1,1,1,Lost Customers,Low-cost automated re-engagement email
14435,117,4,241.62,2,3,2,Lost Customers,Low-cost automated re-engagement email
14436,20,5,849.59,5,4,4,Champions,"VIP rewards, early access to new collections"
14437,72,6,714.93,3,4,4,Loyal Customers,"Cross-sell complimentary products, points incentive"
14438,48,6,357.34,4,4,3,Loyal Customers,"Cross-sell complimentary products, points incentive"
14439,45,6,331.95,4,4,3,Loyal Customers,"Cross-sell complimentary products, points incentive"
14440,71,6,716.51,3,4,4,Loyal Customers,"Cross-sell complimentary products, points incentive"
14441,53,2,2126.92,4,1,5,New Customers,Welcome onboarding campaign to drive 2nd purchase
14442,77,10,10537.39,3,5,5,Loyal Customers,"Cross-sell complimentary products, points incentive"
14443,28,2,463.69,5,1,3,New Customers,Welcome onboarding campaign to drive 2nd purchase
14444,16,5,224.17,5,4,2,Lost Customers,Low-cost automated re-engagement email
14445,133,2,354.89,1,1,3,Lost Customers,Low-cost automated re-engagement email
14446,147,1,46.08,1,1,1,Lost Customers,Low-cost automated re-engagement email
14447,127,3,219.78,1,2,2,Lost Customers,Low-cost automated re-engagement email
14448,69,4,1230.74,3,3,5,Loyal Customers,"Cross-sell complimentary products, points incentive"
14449,50,11,794.9,4,5,4,Champions,"VIP rewards, early access to new collections"
14450,40,15,1046.81,4,5,5,Champions,"VIP rewards, early access to new collections"
14451,34,3,171.3,5,2,2,New Customers,Welcome onboarding campaign to drive 2nd purchase
14452,63,2,86.29,3,1,1,Lost Customers,Low-cost automated re-engagement email
14453,145,2,142.23,1,1,2,Lost Customers,Low-cost automated re-engagement email
14454,37,7,1226.96,4,4,5,Champions,"VIP rewards, early access to new collections"
14455,145,6,993.21,1,4,5,At Risk,High-value win-back offer with targeted discount
14456,17,3,351.8,5,2,3,New Customers,Welcome onboarding campaign to drive 2nd purchase
14457,80,2,518.99,3,1,4,Lost Customers,Low-cost automated re-engagement email
14458,93,8,152.53,2,5,2,Lost Customers,Low-cost automated re-engagement email
14459,44,2,188.76,4,1,2,New Customers,Welcome onboarding campaign to drive 2nd purchase
14460,26,3,142.67,5,2,2,New Customers,Welcome onboarding campaign to drive 2nd purchase
14461,121,5,2684.81,2,4,5,At Risk,High-value win-back offer with targeted discount
14462,69,1,71.49,3,1,1,Lost Customers,Low-cost automated re-engagement email
14463,317,8,1403.76,1,5,5,At Risk,High-value win-back offer with targeted discount
14464,146,23,5079.89,1,5,5,At Risk,High-value win-back offer with targeted discount
14465,147,4,257.31,1,3,2,Lost Customers,Low-cost automated re-engagement email
14466,4,4,831.28,5,3,4,Loyal Customers,"Cross-sell complimentary products, points incentive"
14467,38,4,920.02,4,3,5,Loyal Customers,"Cross-sell complimentary products, points incentive"
14468,23,4,732.97,5,3,4,Loyal Customers,"Cross-sell complimentary products, points incentive"
14469,8,2,112.53,5,1,1,New Customers,Welcome onboarding campaign to drive 2nd purchase
14470,65,2,49.68,3,1,1,Lost Customers,Low-cost automated re-engagement email
14471,119,3,1850.45,2,2,5,Lost Customers,Low-cost automated re-engagement email
14472,29,4,277.16,5,3,3,Loyal Customers,"Cross-sell complimentary products, points incentive"
14473,9,2,444.55,5,1,3,New Customers,Welcome onboarding campaign to drive 2nd purchase
14474,31,2,118.5,5,1,1,New Customers,Welcome onboarding campaign to drive 2nd purchase
14475,59,3,1784.06,3,2,5,Lost Customers,Low-cost automated re-engagement email
14476,56,2,114.97,4,1,1,New Customers,Welcome onboarding campaign to drive 2nd purchase
14477,68,6,591.27,3,4,4,Loyal Customers,"Cross-sell complimentary products, points incentive"
14478,91,1,727.65,2,1,4,Lost Customers,Low-cost automated re-engagement email
14479,66,2,42.72,3,1,1,Lost Customers,Low-cost automated re-engagement email
14480,124,11,2932.07,1,5,5,At Risk,High-value win-back offer with targeted discount
14481,29,3,263.98,5,2,3,New Customers,Welcome onboarding campaign to drive 2nd purchase
14482,54,4,680.74,4,3,4,Loyal Customers,"Cross-sell complimentary products, points incentive"
14483,102,3,197.44,2,2,2,Lost Customers,Low-cost automated re-engagement email
14484,83,3,1177.38,2,2,5,Lost Customers,Low-cost automated re-engagement email
14485,214,8,346.79,1,5,3,At Risk,High-value win-back offer with targeted discount
14486,30,3,279.24,5,2,3,New Customers,Welcome onboarding campaign to drive 2nd purchase
14487,103,2,417.81,2,1,3,Lost Customers,Low-cost automated re-engagement email
14488,40,6,258.11,4,4,2,Lost Customers,Low-cost automated re-engagement email
14489,36,1,100.95,4,1,1,New Customers,Welcome onboarding campaign to drive 2nd purchase
14490,140,3,107.34,1,2,1,Lost Customers,Low-cost automated re-engagement email
14491,66,3,188.08,3,2,2,Lost Customers,Low-cost automated re-engagement email
14492,82,3,2866.1,3,2,5,Lost Customers,Low-cost automated re-engagement email
14493,42,3,903.24,4,2,5,New Customers,Welcome onboarding campaign to drive 2nd purchase
14494,44,5,819.74,4,4,4,Champions,"VIP rewards, early access to new collections"
14495,15,9,1129.51,5,5,5,Champions,"VIP rewards, early access to new collections"
14496,77,5,109.97,3,4,1,Lost Customers,Low-cost automated re-engagement email
14497,27,3,228.25,5,2,2,New Customers,Welcome onboarding campaign to drive 2nd purchase
14498,60,6,1238.71,3,4,5,Loyal Customers,"Cross-sell complimentary products, points incentive"
14499,124,7,423.22,1,4,3,At Risk,High-value win-back offer with targeted discount
14500,11,5,622.63,5,4,4,Champions,"VIP rewards, early access to new collections"
14501,372,8,291.89,1,5,3,At Risk,High-value win-back offer with targeted discount
14502,35,1,33.82,4,1,1,New Customers,Welcome onboarding campaign to drive 2nd purchase
14503,61,4,2805.68,3,3,5,Loyal Customers,"Cross-sell complimentary products, points incentive"
14504,82,5,3058.41,3,4,5,Loyal Customers,"Cross-sell complimentary products, points incentive"
14505,34,2,166.69,5,1,2,New Customers,Welcome onboarding campaign to drive 2nd purchase
14506,46,4,178.75,4,3,2,Lost Customers,Low-cost automated re-engagement email
14507,143,7,269.87,1,4,3,At Risk,High-value win-back offer with targeted discount
14508,114,3,387.64,2,2,3,Lost Customers,Low-cost automated re-engagement email
14509,55,6,3080.94,4,4,5,Champions,"VIP rewards, early access to new collections"
14510,67,8,383.95,3,5,3,Loyal Customers,"Cross-sell complimentary products, points incentive"
14511,75,10,1076.88,3,5,5,Loyal Customers,"Cross-sell complimentary products, points incentive"
14512,100,9,926.19,2,5,5,At Risk,High-value win-back offer with targeted discount
14513,105,10,4030.69,2,5,5,At Risk,High-value win-back offer with targeted discount
14514,103,3,347.66,2,2,3,Lost Customers,Low-cost automated re-engagement email
14515,48,3,76.87,4,2,1,New Customers,Welcome onboarding campaign to drive 2nd purchase
14516,73,1,177.21,3,1,2,Lost Customers,Low-cost automated re-engagement email
14517,133,2,209.99,1,1,2,Lost Customers,Low-cost automated re-engagement email
14518,258,9,371.22,1,5,3,At Risk,High-value win-back offer with targeted discount
14519,71,3,701.12,3,2,4,Lost Customers,Low-cost automated re-engagement email
14520,43,5,339.64,4,4,3,Loyal Customers,"Cross-sell complimentary products, points incentive"
14521,34,5,607.62,5,4,4,Champions,"VIP rewards, early access to new collections"
14522,104,9,922.66,2,5,5,At Risk,High-value win-back offer with targeted discount
14523,15,1,68.8,5,1,1,New Customers,Welcome onboarding campaign to drive 2nd purchase
14524,105,5,216.79,2,4,2,Lost Customers,Low-cost automated re-engagement email
14525,106,5,744.75,2,4,4,At Risk,High-value win-back offer with targeted discount
14526,44,2,60.04,4,1,1,New Customers,Welcome onboarding campaign to drive 2nd purchase
14527,80,8,1660.76,3,5,5,Loyal Customers,"Cross-sell complimentary products, points incentive"
14528,56,2,83.48,4,1,1,New Customers,Welcome onboarding campaign to drive 2nd purchase
14529,19,8,252.42,5,5,2,Lost Customers,Low-cost automated re-engagement email
14530,99,1,318.02,2,1,3,Lost Customers,Low-cost automated re-engagement email
14531,93,2,195.92,2,1,2,Lost Customers,Low-cost automated re-engagement email
14532,47,3,48.66,4,2,1,New Customers,Welcome onboarding campaign to drive 2nd purchase
14533,256,4,355.95,1,3,3,At Risk,High-value win-back offer with targeted discount
14534,67,1,156.05,3,1,2,Lost Customers,Low-cost automated re-engagement email
14535,10,8,1279.46,5,5,5,Champions,"VIP rewards, early access to new collections"
14536,138,7,314.04,1,4,3,At Risk,High-value win-back offer with targeted discount
14537,117,16,815.43,2,5,4,At Risk,High-value win-back offer with targeted discount
14538,126,6,625.54,1,4,4,At Risk,High-value win-back offer with targeted discount
14539,28,2,458.43,5,1,3,New Customers,Welcome onboarding campaign to drive 2nd purchase
14540,79,2,55.12,3,1,1,Lost Customers,Low-cost automated re-engagement email
14541,67,3,87.04,3,2,1,Lost Customers,Low-cost automated re-engagement email
14542,59,20,6182.35,3,5,5,Loyal Customers,"Cross-sell complimentary products, points incentive"
14543,163,4,1077.26,1,3,5,At Risk,High-value win-back offer with targeted discount
14544,68,4,154.19,3,3,2,Lost Customers,Low-cost automated re-engagement email
14545,49,11,698.65,4,5,4,Champions,"VIP rewards, early access to new collections"
14546,48,2,1200.23,4,1,5,New Customers,Welcome onboarding campaign to drive 2nd purchase
14547,26,6,1192.64,5,4,5,Champions,"VIP rewards, early access to new collections"
14548,73,6,516.64,3,4,4,Loyal Customers,"Cross-sell complimentary products, points incentive"
14549,171,8,2013.68,1,5,5,At Risk,High-value win-back offer with targeted discount
14550,52,7,408.17,4,4,3,Loyal Customers,"Cross-sell complimentary products, points incentive"
14551,82,4,415.0,3,3,3,Loyal Customers,"Cross-sell complimentary products, points incentive"
14552,58,2,136.21,3,1,1,Lost Customers,Low-cost automated re-engagement email
14553,63,3,510.54,3,2,4,Lost Customers,Low-cost automated re-engagement email
14554,120,7,1185.38,2,4,5,At Risk,High-value win-back offer with targeted discount
14555,26,15,1650.56,5,5,5,Champions,"VIP rewards, early access to new collections"
14556,16,2,283.39,5,1,3,New Customers,Welcome onboarding campaign to drive 2nd purchase
14557,138,2,500.81,1,1,4,Lost Customers,Low-cost automated re-engagement email
14558,43,1,136.95,4,1,1,New Customers,Welcome onboarding campaign to drive 2nd purchase
14559,49,2,220.55,4,1,2,New Customers,Welcome onboarding campaign to drive 2nd purchase
14560,292,8,1057.31,1,5,5,At Risk,High-value win-back offer with targeted discount
14561,116,10,2680.07,2,5,5,At Risk,High-value win-back offer with targeted discount
14562,32,1,39.18,5,1,1,New Customers,Welcome onboarding campaign to drive 2nd purchase
14563,145,2,261.74,1,1,2,Lost Customers,Low-cost automated re-engagement email
14564,118,2,32.95,2,1,1,Lost Customers,Low-cost automated re-engagement email
14565,1,2,139.57,5,1,2,New Customers,Welcome onboarding campaign to drive 2nd purchase
14566,75,3,1473.12,3,2,5,Lost Customers,Low-cost automated re-engagement email
14567,27,3,132.59,5,2,1,New Customers,Welcome onboarding campaign to drive 2nd purchase
14568,63,6,124.39,3,4,1,Lost Customers,Low-cost automated re-engagement email
14569,259,1,38.43,1,1,1,Lost Customers,Low-cost automated re-engagement email
14570,124,3,512.8,1,2,4,Lost Customers,Low-cost automated re-engagement email
14571,136,10,799.72,1,5,4,At Risk,High-value win-back offer with targeted discount
14572,58,11,400.29,3,5,3,Loyal Customers,"Cross-sell complimentary products, points incentive"
14573,136,13,3470.22,1,5,5,At Risk,High-value win-back offer with targeted discount
14574,36,5,661.15,4,4,4,Champions,"VIP rewards, early access to new collections"
14575,75,2,63.57,3,1,1,Lost Customers,Low-cost automated re-engagement email
14576,120,4,294.95,2,3,3,At Risk,High-value win-back offer with targeted discount
14577,117,26,15954.2,2,5,5,At Risk,High-value win-back offer with targeted discount
14578,17,3,204.38,5,2,2,New Customers,Welcome onboarding campaign to drive 2nd purchase
14579,223,15,293.95,1,5,3,At Risk,High-value win-back offer with targeted discount
14580,31,1,137.43,5,1,2,New Customers,Welcome onboarding campaign to drive 2nd purchase
14581,326,6,762.13,1,4,4,At Risk,High-value win-back offer with targeted discount
14582,122,6,1792.11,1,4,5,At Risk,High-value win-back offer with targeted discount
14583,115,5,316.33,2,4,3,At Risk,High-value win-back offer with targeted discount
14584,33,5,669.78,5,4,4,Champions,"VIP rewards, early access to new collections"
14585,45,6,674.28,4,4,4,Champions,"VIP rewards, early access to new collections"
14586,211,6,537.03,1,4,4,At Risk,High-value win-back offer with targeted discount
14587,193,3,361.37,1,2,3,Lost Customers,Low-cost automated re-engagement email
14588,59,3,464.23,3,2,3,Lost Customers,Low-cost automated re-engagement email
14589,55,2,295.43,4,1,3,New Customers,Welcome onboarding campaign to drive 2nd purchase
14590,57,6,1233.97,3,4,5,Loyal Customers,"Cross-sell complimentary products, points incentive"
14591,145,10,115.7,1,5,1,Lost Customers,Low-cost automated re-engagement email
14592,136,14,328.03,1,5,3,At Risk,High-value win-back offer with targeted discount
14593,89,2,218.15,2,1,2,Lost Customers,Low-cost automated re-engagement email
14594,75,1,99.91,3,1,1,Lost Customers,Low-cost automated re-engagement email
14595,59,5,180.26,3,4,2,Lost Customers,Low-cost automated re-engagement email
14596,309,2,133.19,1,1,1,Lost Customers,Low-cost automated re-engagement email
14597,19,6,256.7,5,4,2,Lost Customers,Low-cost automated re-engagement email
14598,50,1,152.77,4,1,2,New Customers,Welcome onboarding campaign to drive 2nd purchase
14599,85,8,322.79,2,5,3,At Risk,High-value win-back offer with targeted discount
14600,16,4,436.82,5,3,3,Loyal Customers,"Cross-sell complimentary products, points incentive"
14601,42,1,226.46,4,1,2,New Customers,Welcome onboarding campaign to drive 2nd purchase
14602,257,5,205.53,1,4,2,Lost Customers,Low-cost automated re-engagement email
14603,130,4,107.75,1,3,1,Lost Customers,Low-cost automated re-engagement email
14604,42,6,272.22,4,4,3,Loyal Customers,"Cross-sell complimentary products, points incentive"
14605,41,7,287.98,4,4,3,Loyal Customers,"Cross-sell complimentary products, points incentive"
14606,20,1,93.34,5,1,1,New Customers,Welcome onboarding campaign to drive 2nd purchase
14607,47,3,58.4,4,2,1,New Customers,Welcome onboarding campaign to drive 2nd purchase
14608,101,4,1528.08,2,3,5,At Risk,High-value win-back offer with targeted discount
14609,89,3,87.18,2,2,1,Lost Customers,Low-cost automated re-engagement email
14610,49,3,80.19,4,2,1,New Customers,Welcome onboarding campaign to drive 2nd purchase
14611,30,8,761.03,5,5,4,Champions,"VIP rewards, early access to new collections"
14612,58,1,80.59,3,1,1,Lost Customers,Low-cost automated re-engagement email
14613,57,3,927.75,3,2,5,Lost Customers,Low-cost automated re-engagement email
14614,118,3,211.07,2,2,2,Lost Customers,Low-cost automated re-engagement email
14615,80,4,278.6,3,3,3,Loyal Customers,"Cross-sell complimentary products, points incentive"
14616,72,2,322.48,3,1,3,Lost Customers,Low-cost automated re-engagement email
14617,154,19,4012.49,1,5,5,At Risk,High-value win-back offer with targeted discount
14618,192,8,125.1,1,5,1,Lost Customers,Low-cost automated re-engagement email
14619,88,20,1909.61,2,5,5,At Risk,High-value win-back offer with targeted discount
14620,90,6,3756.81,2,4,5,At Risk,High-value win-back offer with targeted discount
14621,61,7,359.56,3,4,3,Loyal Customers,"Cross-sell complimentary products, points incentive"
14622,33,4,412.19,5,3,3,Loyal Customers,"Cross-sell complimentary products, points incentive"
14623,125,12,2704.44,1,5,5,At Risk,High-value win-back offer with targeted discount
14624,109,6,836.64,2,4,4,At Risk,High-value win-back offer with targeted discount
14625,65,3,104.88,3,2,1,Lost Customers,Low-cost automated re-engagement email
14626,80,15,1270.78,3,5,5,Loyal Customers,"Cross-sell complimentary products, points incentive"
14627,147,2,58.98,1,1,1,Lost Customers,Low-cost automated re-engagement email
14628,164,2,68.8,1,1,1,Lost Customers,Low-cost automated re-engagement email
14629,4,32,7814.27,5,5,5,Champions,"VIP rewards, early access to new collections"
14630,40,6,1167.17,4,4,5,Champions,"VIP rewards, early access to new collections"
14631,65,1,449.14,3,1,3,Lost Customers,Low-cost automated re-engagement email
14632,26,8,1653.8,5,5,5,Champions,"VIP rewards, early access to new collections"
14633,82,2,158.44,3,1,2,Lost Customers,Low-cost automated re-engagement email
14634,42,3,108.4,4,2,1,New Customers,Welcome onboarding campaign to drive 2nd purchase
14635,84,26,8230.62,2,5,5,At Risk,High-value win-back offer with targeted discount
14636,43,13,2055.44,4,5,5,Champions,"VIP rewards, early access to new collections"
14637,44,17,3143.32,4,5,5,Champions,"VIP rewards, early access to new collections"
14638,83,3,452.4,2,2,3,Lost Customers,Low-cost automated re-engagement email
14639,129,3,785.48,1,2,4,Lost Customers,Low-cost automated re-engagement email
14640,104,4,91.37,2,3,1,Lost Customers,Low-cost automated re-engagement email
14641,66,7,211.33,3,4,2,Lost Customers,Low-cost automated re-engagement email
14642,11,3,123.22,5,2,1,New Customers,Welcome onboarding campaign to drive 2nd purchase
14643,43,15,1873.83,4,5,5,Champions,"VIP rewards, early access to new collections"
14644,39,5,298.23,4,4,3,Loyal Customers,"Cross-sell complimentary products, points incentive"
14645,113,11,2733.41,2,5,5,At Risk,High-value win-back offer with targeted discount
14646,76,2,177.36,3,1,2,Lost Customers,Low-cost automated re-engagement email
14647,78,3,2176.48,3,2,5,Lost Customers,Low-cost automated re-engagement email
14648,34,5,2104.35,5,4,5,Champions,"VIP rewards, early access to new collections"
14649,169,3,306.08,1,2,3,Lost Customers,Low-cost automated re-engagement email
14650,77,8,212.1,3,5,2,Lost Customers,Low-cost automated re-engagement email
14651,32,8,1338.85,5,5,5,Champions,"VIP rewards, early access to new collections"
14652,34,3,99.15,5,2,1,New Customers,Welcome onboarding campaign to drive 2nd purchase
14653,86,6,224.69,2,4,2,Lost Customers,Low-cost automated re-engagement email
14654,31,18,1136.57,5,5,5,Champions,"VIP rewards, early access to new collections"
14655,40,8,496.6,4,5,4,Champions,"VIP rewards, early access to new collections"
14656,25,6,888.14,5,4,4,Champions,"VIP rewards, early access to new collections"
14657,113,10,1208.62,2,5,5,At Risk,High-value win-back offer with targeted discount
14658,32,13,471.85,5,5,4,Champions,"VIP rewards, early access to new collections"
14659,188,12,827.8,1,5,4,At Risk,High-value win-back offer with targeted discount
14660,94,4,105.9,2,3,1,Lost Customers,Low-cost automated re-engagement email
14661,25,7,904.68,5,4,5,Champions,"VIP rewards, early access to new collections"
14662,103,3,50.63,2,2,1,Lost Customers,Low-cost automated re-engagement email
14663,169,4,291.5,1,3,3,At Risk,High-value win-back offer with targeted discount
14664,63,5,251.65,3,4,2,Lost Customers,Low-cost automated re-engagement email
14665,182,2,294.15,1,1,3,Lost Customers,Low-cost automated re-engagement email
14666,95,5,217.32,2,4,2,Lost Customers,Low-cost automated re-engagement email
14667,42,2,83.78,4,1,1,New Customers,Welcome onboarding campaign to drive 2nd purchase
14668,259,2,257.22,1,1,2,Lost Customers,Low-cost automated re-engagement email
14669,19,7,944.4,5,4,5,Champions,"VIP rewards, early access to new collections"
14670,52,3,105.31,4,2,1,New Customers,Welcome onboarding campaign to drive 2nd purchase
14671,66,4,611.66,3,3,4,Loyal Customers,"Cross-sell complimentary products, points incentive"
14672,231,3,2464.3,1,2,5,Lost Customers,Low-cost automated re-engagement email
14673,114,3,176.66,2,2,2,Lost Customers,Low-cost automated re-engagement email
14674,101,4,119.18,2,3,1,Lost Customers,Low-cost automated re-engagement email
14675,36,2,189.25,4,1,2,New Customers,Welcome onboarding campaign to drive 2nd purchase
14676,61,4,103.83,3,3,1,Lost Customers,Low-cost automated re-engagement email
14677,42,17,1212.39,4,5,5,Champions,"VIP rewards, early access to new collections"
14678,99,2,114.27,2,1,1,Lost Customers,Low-cost automated re-engagement email
14679,151,11,1846.3,1,5,5,At Risk,High-value win-back offer with targeted discount
14680,298,18,333.51,1,5,3,At Risk,High-value win-back offer with targeted discount
14681,46,2,43.47,4,1,1,New Customers,Welcome onboarding campaign to drive 2nd purchase
14682,18,5,634.62,5,4,4,Champions,"VIP rewards, early access to new collections"
14683,53,2,293.34,4,1,3,New Customers,Welcome onboarding campaign to drive 2nd purchase
14684,137,2,26.07,1,1,1,Lost Customers,Low-cost automated re-engagement email
14685,33,4,1415.21,5,3,5,Loyal Customers,"Cross-sell complimentary products, points incentive"
14686,67,5,989.83,3,4,5,Loyal Customers,"Cross-sell complimentary products, points incentive"
14687,102,3,147.56,2,2,2,Lost Customers,Low-cost automated re-engagement email
14688,47,2,196.2,4,1,2,New Customers,Welcome onboarding campaign to drive 2nd purchase
14689,80,2,30.55,3,1,1,Lost Customers,Low-cost automated re-engagement email
14690,30,7,1187.62,5,4,5,Champions,"VIP rewards, early access to new collections"
14691,158,7,294.2,1,4,3,At Risk,High-value win-back offer with targeted discount
14692,56,6,392.06,4,4,3,Loyal Customers,"Cross-sell complimentary products, points incentive"
14693,78,3,244.62,3,2,2,Lost Customers,Low-cost automated re-engagement email
14694,12,2,534.09,5,1,4,New Customers,Welcome onboarding campaign to drive 2nd purchase
14695,26,10,1370.85,5,5,5,Champions,"VIP rewards, early access to new collections"
14696,134,13,846.71,1,5,4,At Risk,High-value win-back offer with targeted discount
14697,47,3,158.9,4,2,2,New Customers,Welcome onboarding campaign to drive 2nd purchase
14698,31,3,330.8,5,2,3,New Customers,Welcome onboarding campaign to drive 2nd purchase
14699,17,2,166.7,5,1,2,New Customers,Welcome onboarding campaign to drive 2nd purchase
14700,156,6,434.46,1,4,3,At Risk,High-value win-back offer with targeted discount
14701,111,18,1629.08,2,5,5,At Risk,High-value win-back offer with targeted discount
14702,106,8,564.56,2,5,4,At Risk,High-value win-back offer with targeted discount
14703,199,20,440.09,1,5,3,At Risk,High-value win-back offer with targeted discount
14704,52,3,256.42,4,2,2,New Customers,Welcome onboarding campaign to drive 2nd purchase
14705,19,2,176.54,5,1,2,New Customers,Welcome onboarding campaign to drive 2nd purchase
14706,70,12,1217.65,3,5,5,Loyal Customers,"Cross-sell complimentary products, points incentive"
14707,224,4,145.95,1,3,2,Lost Customers,Low-cost automated re-engagement email
14708,71,2,87.64,3,1,1,Lost Customers,Low-cost automated re-engagement email
14709,148,15,5903.73,1,5,5,At Risk,High-value win-back offer with targeted discount
14710,19,3,138.67,5,2,2,New Customers,Welcome onboarding campaign to drive 2nd purchase
14711,36,2,284.7,4,1,3,New Customers,Welcome onboarding campaign to drive 2nd purchase
14712,129,6,263.64,1,4,3,At Risk,High-value win-back offer with targeted discount
14713,77,2,32.82,3,1,1,Lost Customers,Low-cost automated re-engagement email
14714,62,8,655.85,3,5,4,Loyal Customers,"Cross-sell complimentary products, points incentive"
14715,147,2,312.52,1,1,3,Lost Customers,Low-cost automated re-engagement email
14716,127,5,333.31,1,4,3,At Risk,High-value win-back offer with targeted discount
14717,79,5,74.65,3,4,1,Lost Customers,Low-cost automated re-engagement email
14718,5,5,60.31,5,4,1,Lost Customers,Low-cost automated re-engagement email
14719,68,2,508.46,3,1,4,Lost Customers,Low-cost automated re-engagement email
14720,93,3,266.61,2,2,3,Lost Customers,Low-cost automated re-engagement email
14721,12,10,1554.68,5,5,5,Champions,"VIP rewards, early access to new collections"
14722,91,3,332.66,2,2,3,Lost Customers,Low-cost automated re-engagement email
14723,152,2,63.93,1,1,1,Lost Customers,Low-cost automated re-engagement email
14724,68,3,214.51,3,2,2,Lost Customers,Low-cost automated re-engagement email
14725,28,2,39.09,5,1,1,New Customers,Welcome onboarding campaign to drive 2nd purchase
14726,5,1,210.86,5,1,2,New Customers,Welcome onboarding campaign to drive 2nd purchase
14727,92,3,359.95,2,2,3,Lost Customers,Low-cost automated re-engagement email
14728,14,4,701.25,5,3,4,Loyal Customers,"Cross-sell complimentary products, points incentive"
14729,105,6,1725.66,2,4,5,At Risk,High-value win-back offer with targeted discount
14730,217,5,326.6,1,4,3,At Risk,High-value win-back offer with targeted discount
14731,37,6,277.13,4,4,3,Loyal Customers,"Cross-sell complimentary products, points incentive"
14732,57,4,327.35,3,3,3,Loyal Customers,"Cross-sell complimentary products, points incentive"
14733,225,19,5352.38,1,5,5,At Risk,High-value win-back offer with targeted discount
14734,74,2,43.97,3,1,1,Lost Customers,Low-cost automated re-engagement email
14735,47,3,275.12,4,2,3,New Customers,Welcome onboarding campaign to drive 2nd purchase
14736,137,13,2414.91,1,5,5,At Risk,High-value win-back offer with targeted discount
14737,49,3,356.31,4,2,3,New Customers,Welcome onboarding campaign to drive 2nd purchase
14738,35,4,945.88,4,3,5,Loyal Customers,"Cross-sell complimentary products, points incentive"
14739,104,5,113.06,2,4,1,Lost Customers,Low-cost automated re-engagement email
14740,145,9,2155.51,1,5,5,At Risk,High-value win-back offer with targeted discount
14741,35,4,205.31,4,3,2,Lost Customers,Low-cost automated re-engagement email
14742,79,2,27.32,3,1,1,Lost Customers,Low-cost automated re-engagement email
14743,59,3,201.24,3,2,2,Lost Customers,Low-cost automated re-engagement email
14744,67,6,253.85,3,4,2,Lost Customers,Low-cost automated re-engagement email
14745,28,3,232.98,5,2,2,New Customers,Welcome onboarding campaign to drive 2nd purchase
14746,110,3,68.76,2,2,1,Lost Customers,Low-cost automated re-engagement email
14747,187,2,161.14,1,1,2,Lost Customers,Low-cost automated re-engagement email
14748,34,9,482.9,5,5,4,Champions,"VIP rewards, early access to new collections"
14749,110,4,2154.74,2,3,5,At Risk,High-value win-back offer with targeted discount
14750,135,4,421.03,1,3,3,At Risk,High-value win-back offer with targeted discount
14751,79,6,663.27,3,4,4,Loyal Customers,"Cross-sell complimentary products, points incentive"
14752,106,2,146.62,2,1,2,Lost Customers,Low-cost automated re-engagement email
14753,38,4,1106.62,4,3,5,Loyal Customers,"Cross-sell complimentary products, points incentive"
14754,180,12,1671.82,1,5,5,At Risk,High-value win-back offer with targeted discount
14755,146,4,1405.43,1,3,5,At Risk,High-value win-back offer with targeted discount
14756,157,4,929.98,1,3,5,At Risk,High-value win-back offer with targeted discount
14757,24,4,254.58,5,3,2,Lost Customers,Low-cost automated re-engagement email
14758,97,8,1388.6,2,5,5,At Risk,High-value win-back offer with targeted discount
14759,40,4,749.2,4,3,4,Loyal Customers,"Cross-sell complimentary products, points incentive"
14760,190,24,5055.89,1,5,5,At Risk,High-value win-back offer with targeted discount
14761,35,4,516.75,4,3,4,Loyal Customers,"Cross-sell complimentary products, points incentive"
14762,81,3,80.6,3,2,1,Lost Customers,Low-cost automated re-engagement email
14763,8,12,1052.18,5,5,5,Champions,"VIP rewards, early access to new collections"
14764,81,3,298.45,3,2,3,Lost Customers,Low-cost automated re-engagement email
14765,24,3,287.87,5,2,3,New Customers,Welcome onboarding campaign to drive 2nd purchase
14766,101,2,505.62,2,1,4,Lost Customers,Low-cost automated re-engagement email
14767,60,5,252.27,3,4,2,Lost Customers,Low-cost automated re-engagement email
14768,50,3,305.24,4,2,3,New Customers,Welcome onboarding campaign to drive 2nd purchase
14769,194,2,169.11,1,1,2,Lost Customers,Low-cost automated re-engagement email
14770,271,3,499.59,1,2,4,Lost Customers,Low-cost automated re-engagement email
14771,18,3,1377.11,5,2,5,New Customers,Welcome onboarding campaign to drive 2nd purchase
14772,52,7,1103.45,4,4,5,Champions,"VIP rewards, early access to new collections"
14773,122,5,742.52,1,4,4,At Risk,High-value win-back offer with targeted discount
14774,89,3,107.85,2,2,1,Lost Customers,Low-cost automated re-engagement email
14775,117,6,134.63,2,4,1,Lost Customers,Low-cost automated re-engagement email
14776,64,4,453.24,3,3,3,Loyal Customers,"Cross-sell complimentary products, points incentive"
14777,150,4,304.43,1,3,3,At Risk,High-value win-back offer with targeted discount
14778,78,2,272.45,3,1,3,Lost Customers,Low-cost automated re-engagement email
14779,93,2,103.7,2,1,1,Lost Customers,Low-cost automated re-engagement email
14780,24,4,1272.73,5,3,5,Loyal Customers,"Cross-sell complimentary products, points incentive"
14781,73,4,122.7,3,3,1,Lost Customers,Low-cost automated re-engagement email
14782,123,8,603.67,1,5,4,At Risk,High-value win-back offer with targeted discount
14783,86,5,316.47,2,4,3,At Risk,High-value win-back offer with targeted discount
14784,75,3,725.27,3,2,4,Lost Customers,Low-cost automated re-engagement email
14785,97,2,146.22,2,1,2,Lost Customers,Low-cost automated re-engagement email
14786,78,7,374.54,3,4,3,Loyal Customers,"Cross-sell complimentary products, points incentive"
14787,65,5,483.99,3,4,4,Loyal Customers,"Cross-sell complimentary products, points incentive"
14788,126,8,354.02,1,5,3,At Risk,High-value win-back offer with targeted discount
14789,62,5,441.15,3,4,3,Loyal Customers,"Cross-sell complimentary products, points incentive"
14790,23,15,1201.44,5,5,5,Champions,"VIP rewards, early access to new collections"
14791,188,3,3637.01,1,2,5,Lost Customers,Low-cost automated re-engagement email
14792,41,4,237.47,4,3,2,Lost Customers,Low-cost automated re-engagement email
14793,17,7,581.42,5,4,4,Champions,"VIP rewards, early access to new collections"
14794,106,7,766.82,2,4,4,At Risk,High-value win-back offer with targeted discount
14795,204,5,575.52,1,4,4,At Risk,High-value win-back offer with targeted discount
14796,108,1,230.18,2,1,2,Lost Customers,Low-cost automated re-engagement email
14797,170,1,507.31,1,1,4,Lost Customers,Low-cost automated re-engagement email
14798,31,3,131.32,5,2,1,New Customers,Welcome onboarding campaign to drive 2nd purchase
14799,23,4,534.36,5,3,4,Loyal Customers,"Cross-sell complimentary products, points incentive"
14800,52,1,77.64,4,1,1,New Customers,Welcome onboarding campaign to drive 2nd purchase
14801,142,4,484.74,1,3,4,At Risk,High-value win-back offer with targeted discount
14802,101,6,1467.18,2,4,5,At Risk,High-value win-back offer with targeted discount
14803,106,4,1558.06,2,3,5,At Risk,High-value win-back offer with targeted discount
14804,75,5,988.92,3,4,5,Loyal Customers,"Cross-sell complimentary products, points incentive"
14805,52,6,717.33,4,4,4,Champions,"VIP rewards, early access to new collections"
14806,78,1,226.72,3,1,2,Lost Customers,Low-cost automated re-engagement email
14807,60,6,253.28,3,4,2,Lost Customers,Low-cost automated re-engagement email
14808,50,2,93.69,4,1,1,New Customers,Welcome onboarding campaign to drive 2nd purchase
14809,91,3,314.26,2,2,3,Lost Customers,Low-cost automated re-engagement email
14810,56,2,513.14,4,1,4,New Customers,Welcome onboarding campaign to drive 2nd purchase
14811,83,8,551.91,2,5,4,At Risk,High-value win-back offer with targeted discount
14812,10,2,151.68,5,1,2,New Customers,Welcome onboarding campaign to drive 2nd purchase
14813,78,11,166.29,3,5,2,Lost Customers,Low-cost automated re-engagement email
14814,56,23,17764.82,4,5,5,Champions,"VIP rewards, early access to new collections"
14815,176,1,73.19,1,1,1,Lost Customers,Low-cost automated re-engagement email
14816,16,3,22.91,5,2,1,New Customers,Welcome onboarding campaign to drive 2nd purchase
14817,74,6,627.76,3,4,4,Loyal Customers,"Cross-sell complimentary products, points incentive"
14818,124,2,275.54,1,1,3,Lost Customers,Low-cost automated re-engagement email
14819,62,3,219.56,3,2,2,Lost Customers,Low-cost automated re-engagement email
14820,54,4,158.72,4,3,2,Lost Customers,Low-cost automated re-engagement email
14821,124,2,403.91,1,1,3,Lost Customers,Low-cost automated re-engagement email
14822,99,4,728.6,2,3,4,At Risk,High-value win-back offer with targeted discount
14823,105,8,1156.19,2,5,5,At Risk,High-value win-back offer with targeted discount
14824,50,4,181.0,4,3,2,Lost Customers,Low-cost automated re-engagement email
14825,45,2,104.09,4,1,1,New Customers,Welcome onboarding campaign to drive 2nd purchase
14826,84,9,591.0,2,5,4,At Risk,High-value win-back offer with targeted discount
14827,131,11,681.89,1,5,4,At Risk,High-value win-back offer with targeted discount
14828,20,5,790.19,5,4,4,Champions,"VIP rewards, early access to new collections"
14829,64,2,126.19,3,1,1,Lost Customers,Low-cost automated re-engagement email
14830,46,2,76.57,4,1,1,New Customers,Welcome onboarding campaign to drive 2nd purchase
14831,70,1,131.75,3,1,1,Lost Customers,Low-cost automated re-engagement email
14832,116,3,2292.89,2,2,5,Lost Customers,Low-cost automated re-engagement email
14833,34,8,354.71,5,5,3,Loyal Customers,"Cross-sell complimentary products, points incentive"
14834,107,2,95.06,2,1,1,Lost Customers,Low-cost automated re-engagement email
14835,51,2,161.26,4,1,2,New Customers,Welcome onboarding campaign to drive 2nd purchase
14836,145,8,1422.44,1,5,5,At Risk,High-value win-back offer with targeted discount
14837,36,9,1347.99,4,5,5,Champions,"VIP rewards, early access to new collections"
14838,130,3,242.8,1,2,2,Lost Customers,Low-cost automated re-engagement email
14839,22,5,303.98,5,4,3,Loyal Customers,"Cross-sell complimentary products, points incentive"
14840,79,2,1190.95,3,1,5,Lost Customers,Low-cost automated re-engagement email
14841,109,3,756.09,2,2,4,Lost Customers,Low-cost automated re-engagement email
14842,37,1,429.11,4,1,3,New Customers,Welcome onboarding campaign to drive 2nd purchase
14843,48,5,847.27,4,4,4,Champions,"VIP rewards, early access to new collections"
14844,70,4,331.02,3,3,3,Loyal Customers,"Cross-sell complimentary products, points incentive"
14845,54,2,257.76,4,1,2,New Customers,Welcome onboarding campaign to drive 2nd purchase
14846,44,4,1830.38,4,3,5,Loyal Customers,"Cross-sell complimentary products, points incentive"
14847,125,3,428.84,1,2,3,Lost Customers,Low-cost automated re-engagement email
14848,155,2,38.35,1,1,1,Lost Customers,Low-cost automated re-engagement email
14849,149,5,1590.09,1,4,5,At Risk,High-value win-back offer with targeted discount
14850,96,3,1038.77,2,2,5,Lost Customers,Low-cost automated re-engagement email
14851,106,3,822.35,2,2,4,Lost Customers,Low-cost automated re-engagement email
14852,32,2,53.77,5,1,1,New Customers,Welcome onboarding campaign to drive 2nd purchase
14853,66,4,510.04,3,3,4,Loyal Customers,"Cross-sell complimentary products, points incentive"
14854,75,3,679.57,3,2,4,Lost Customers,Low-cost automated re-engagement email
14855,86,2,182.64,2,1,2,Lost Customers,Low-cost automated re-engagement email
14856,85,6,761.01,2,4,4,At Risk,High-value win-back offer with targeted discount
14857,71,1,149.0,3,1,2,Lost Customers,Low-cost automated re-engagement email
14858,95,3,128.36,2,2,1,Lost Customers,Low-cost automated re-engagement email
14859,82,5,687.08,3,4,4,Loyal Customers,"Cross-sell complimentary products, points incentive"
14860,82,18,667.34,3,5,4,Loyal Customers,"Cross-sell complimentary products, points incentive"
14861,39,2,164.14,4,1,2,New Customers,Welcome onboarding campaign to drive 2nd purchase
14862,25,4,214.31,5,3,2,Lost Customers,Low-cost automated re-engagement email
14863,86,6,1187.51,2,4,5,At Risk,High-value win-back offer with targeted discount
14864,49,4,657.36,4,3,4,Loyal Customers,"Cross-sell complimentary products, points incentive"
14865,41,2,300.0,4,1,3,New Customers,Welcome onboarding campaign to drive 2nd purchase
14866,111,3,348.05,2,2,3,Lost Customers,Low-cost automated re-engagement email
14867,66,1,133.26,3,1,1,Lost Customers,Low-cost automated re-engagement email
14868,171,4,2195.66,1,3,5,At Risk,High-value win-back offer with targeted discount
14869,103,2,592.91,2,1,4,Lost Customers,Low-cost automated re-engagement email
14870,37,5,189.43,4,4,2,Lost Customers,Low-cost automated re-engagement email
14871,112,2,111.32,2,1,1,Lost Customers,Low-cost automated re-engagement email
14872,92,2,149.21,2,1,2,Lost Customers,Low-cost automated re-engagement email
14873,36,4,289.51,4,3,3,Loyal Customers,"Cross-sell complimentary products, points incentive"
14874,45,5,213.83,4,4,2,Lost Customers,Low-cost automated re-engagement email
14875,108,7,1068.41,2,4,5,At Risk,High-value win-back offer with targeted discount
14876,13,3,255.61,5,2,2,New Customers,Welcome onboarding campaign to drive 2nd purchase
14877,8,4,437.93,5,3,3,Loyal Customers,"Cross-sell complimentary products, points incentive"
14878,78,2,38.66,3,1,1,Lost Customers,Low-cost automated re-engagement email
14879,74,11,240.41,3,5,2,Lost Customers,Low-cost automated re-engagement email
14880,84,2,110.62,2,1,1,Lost Customers,Low-cost automated re-engagement email
14881,74,6,933.48,3,4,5,Loyal Customers,"Cross-sell complimentary products, points incentive"
14882,95,6,830.46,2,4,4,At Risk,High-value win-back offer with targeted discount
14883,157,5,1114.54,1,4,5,At Risk,High-value win-back offer with targeted discount
14884,69,3,143.73,3,2,2,Lost Customers,Low-cost automated re-engagement email
14885,19,3,500.56,5,2,4,New Customers,Welcome onboarding campaign to drive 2nd purchase
14886,11,4,1427.24,5,3,5,Loyal Customers,"Cross-sell complimentary products, points incentive"
14887,53,1,207.25,4,1,2,New Customers,Welcome onboarding campaign to drive 2nd purchase
14888,54,4,112.52,4,3,1,Lost Customers,Low-cost automated re-engagement email
14889,22,11,2683.7,5,5,5,Champions,"VIP rewards, early access to new collections"
14890,6,3,362.23,5,2,3,New Customers,Welcome onboarding campaign to drive 2nd purchase
14891,50,4,541.87,4,3,4,Loyal Customers,"Cross-sell complimentary products, points incentive"
14892,203,2,1701.33,1,1,5,Lost Customers,Low-cost automated re-engagement email
14893,92,4,449.54,2,3,3,At Risk,High-value win-back offer with targeted discount
14894,86,2,317.74,2,1,3,Lost Customers,Low-cost automated re-engagement email
14895,61,7,685.62,3,4,4,Loyal Customers,"Cross-sell complimentary products, points incentive"
14896,53,9,650.86,4,5,4,Champions,"VIP rewards, early access to new collections"
14897,99,10,1249.76,2,5,5,At Risk,High-value win-back offer with targeted discount
14898,24,2,121.48,5,1,1,New Customers,Welcome onboarding campaign to drive 2nd purchase
14899,238,6,615.67,1,4,4,At Risk,High-value win-back offer with targeted discount
14900,26,6,411.67,5,4,3,Loyal Customers,"Cross-sell complimentary products, points incentive"
14901,105,3,41.6,2,2,1,Lost Customers,Low-cost automated re-engagement email
14902,28,9,520.43,5,5,4,Champions,"VIP rewards, early access to new collections"
14903,76,5,1063.62,3,4,5,Loyal Customers,"Cross-sell complimentary products, points incentive"
14904,113,10,1437.07,2,5,5,At Risk,High-value win-back offer with targeted discount
14905,15,2,145.81,5,1,2,New Customers,Welcome onboarding campaign to drive 2nd purchase
14906,31,2,196.74,5,1,2,New Customers,Welcome onboarding campaign to drive 2nd purchase
14907,33,4,174.4,5,3,2,Lost Customers,Low-cost automated re-engagement email
14908,56,9,432.33,4,5,3,Loyal Customers,"Cross-sell complimentary products, points incentive"
14909,83,5,452.8,2,4,3,At Risk,High-value win-back offer with targeted discount
14910,206,2,148.26,1,1,2,Lost Customers,Low-cost automated re-engagement email
14911,44,14,639.6,4,5,4,Champions,"VIP rewards, early access to new collections"
14912,197,3,254.32,1,2,2,Lost Customers,Low-cost automated re-engagement email
14913,90,2,66.14,2,1,1,Lost Customers,Low-cost automated re-engagement email
14914,25,2,742.44,5,1,4,New Customers,Welcome onboarding campaign to drive 2nd purchase
14915,61,2,403.1,3,1,3,Lost Customers,Low-cost automated re-engagement email
14916,19,1,12.75,5,1,1,New Customers,Welcome onboarding campaign to drive 2nd purchase
14917,53,4,765.88,4,3,4,Loyal Customers,"Cross-sell complimentary products, points incentive"
14918,50,1,64.36,4,1,1,New Customers,Welcome onboarding campaign to drive 2nd purchase
14919,77,5,275.18,3,4,3,Loyal Customers,"Cross-sell complimentary products, points incentive"
14920,105,8,1418.21,2,5,5,At Risk,High-value win-back offer with targeted discount
14921,65,5,395.71,3,4,3,Loyal Customers,"Cross-sell complimentary products, points incentive"
14922,28,4,254.14,5,3,2,Lost Customers,Low-cost automated re-engagement email
14923,170,1,27.23,1,1,1,Lost Customers,Low-cost automated re-engagement email
14924,215,7,1436.45,1,4,5,At Risk,High-value win-back offer with targeted discount
14925,60,16,3660.86,3,5,5,Loyal Customers,"Cross-sell complimentary products, points incentive"
14926,87,11,1144.9,2,5,5,At Risk,High-value win-back offer with targeted discount
14927,57,2,63.05,3,1,1,Lost Customers,Low-cost automated re-engagement email
14928,77,4,472.78,3,3,4,Loyal Customers,"Cross-sell complimentary products, points incentive"
14929,80,3,480.86,3,2,4,Lost Customers,Low-cost automated re-engagement email
14930,22,3,263.68,5,2,3,New Customers,Welcome onboarding campaign to drive 2nd purchase
14931,54,4,796.09,4,3,4,Loyal Customers,"Cross-sell complimentary products, points incentive"
14932,137,19,1992.27,1,5,5,At Risk,High-value win-back offer with targeted discount
14933,129,4,473.42,1,3,4,At Risk,High-value win-back offer with targeted discount
14934,53,3,1023.55,4,2,5,New Customers,Welcome onboarding campaign to drive 2nd purchase
14935,81,5,289.1,3,4,3,Loyal Customers,"Cross-sell complimentary products, points incentive"
14936,56,2,43.9,4,1,1,New Customers,Welcome onboarding campaign to drive 2nd purchase
14937,108,2,154.63,2,1,2,Lost Customers,Low-cost automated re-engagement email
14938,15,8,433.57,5,5,3,Loyal Customers,"Cross-sell complimentary products, points incentive"
14939,99,4,100.14,2,3,1,Lost Customers,Low-cost automated re-engagement email
14940,178,18,2835.73,1,5,5,At Risk,High-value win-back offer with targeted discount
14941,39,5,450.42,4,4,3,Loyal Customers,"Cross-sell complimentary products, points incentive"
14942,162,2,34.96,1,1,1,Lost Customers,Low-cost automated re-engagement email
14943,84,1,361.97,2,1,3,Lost Customers,Low-cost automated re-engagement email
14944,65,8,374.03,3,5,3,Loyal Customers,"Cross-sell complimentary products, points incentive"
14945,53,2,103.43,4,1,1,New Customers,Welcome onboarding campaign to drive 2nd purchase
14946,166,2,420.13,1,1,3,Lost Customers,Low-cost automated re-engagement email
14947,56,3,397.02,4,2,3,New Customers,Welcome onboarding campaign to drive 2nd purchase
14948,196,8,1923.94,1,5,5,At Risk,High-value win-back offer with targeted discount
14949,181,3,37.96,1,2,1,Lost Customers,Low-cost automated re-engagement email
14950,47,2,139.17,4,1,2,New Customers,Welcome onboarding campaign to drive 2nd purchase
14951,59,9,913.89,3,5,5,Loyal Customers,"Cross-sell complimentary products, points incentive"
14952,11,8,2323.5,5,5,5,Champions,"VIP rewards, early access to new collections"
14953,66,13,547.17,3,5,4,Loyal Customers,"Cross-sell complimentary products, points incentive"
14954,73,10,662.5,3,5,4,Loyal Customers,"Cross-sell complimentary products, points incentive"
14955,147,8,817.42,1,5,4,At Risk,High-value win-back offer with targeted discount
14956,187,2,357.24,1,1,3,Lost Customers,Low-cost automated re-engagement email
14957,115,6,199.02,2,4,2,Lost Customers,Low-cost automated re-engagement email
14958,139,9,1681.95,1,5,5,At Risk,High-value win-back offer with targeted discount
14959,59,15,793.91,3,5,4,Loyal Customers,"Cross-sell complimentary products, points incentive"
14960,24,4,504.77,5,3,4,Loyal Customers,"Cross-sell complimentary products, points incentive"
14961,84,3,226.99,2,2,2,Lost Customers,Low-cost automated re-engagement email
14962,146,2,230.58,1,1,2,Lost Customers,Low-cost automated re-engagement email
14963,3,8,871.6,5,5,4,Champions,"VIP rewards, early access to new collections"
14964,75,2,568.19,3,1,4,Lost Customers,Low-cost automated re-engagement email
14965,12,4,291.26,5,3,3,Loyal Customers,"Cross-sell complimentary products, points incentive"
14966,36,2,137.14,4,1,2,New Customers,Welcome onboarding campaign to drive 2nd purchase
14967,77,3,706.38,3,2,4,Lost Customers,Low-cost automated re-engagement email
14968,189,5,1587.16,1,4,5,At Risk,High-value win-back offer with targeted discount
14969,70,5,315.07,3,4,3,Loyal Customers,"Cross-sell complimentary products, points incentive"
14970,110,6,1007.14,2,4,5,At Risk,High-value win-back offer with targeted discount
14971,84,2,83.48,2,1,1,Lost Customers,Low-cost automated re-engagement email
14972,38,4,674.96,4,3,4,Loyal Customers,"Cross-sell complimentary products, points incentive"
14973,96,3,618.13,2,2,4,Lost Customers,Low-cost automated re-engagement email
14974,23,2,140.54,5,1,2,New Customers,Welcome onboarding campaign to drive 2nd purchase
14975,69,2,489.26,3,1,4,Lost Customers,Low-cost automated re-engagement email
14976,164,2,142.13,1,1,2,Lost Customers,Low-cost automated re-engagement email
14977,79,5,459.93,3,4,3,Loyal Customers,"Cross-sell complimentary products, points incentive"
14978,84,5,639.99,2,4,4,At Risk,High-value win-back offer with targeted discount
14979,53,7,265.56,4,4,3,Loyal Customers,"Cross-sell complimentary products, points incentive"
14980,16,5,132.48,5,4,1,Lost Customers,Low-cost automated re-engagement email
14981,58,4,463.17,3,3,3,Loyal Customers,"Cross-sell complimentary products, points incentive"
14982,125,4,184.67,1,3,2,Lost Customers,Low-cost automated re-engagement email
14983,91,6,180.03,2,4,2,Lost Customers,Low-cost automated re-engagement email
14984,24,1,179.85,5,1,2,New Customers,Welcome onboarding campaign to drive 2nd purchase
14985,12,4,1410.15,5,3,5,Loyal Customers,"Cross-sell complimentary products, points incentive"
14986,37,5,973.58,4,4,5,Champions,"VIP rewards, early access to new collections"
14987,58,14,433.95,3,5,3,Loyal Customers,"Cross-sell complimentary products, points incentive"
14988,61,2,211.36,3,1,2,Lost Customers,Low-cost automated re-engagement email
14989,62,2,136.27,3,1,1,Lost Customers,Low-cost automated re-engagement email
14990,69,1,41.78,3,1,1,Lost Customers,Low-cost automated re-engagement email
14991,94,2,194.37,2,1,2,Lost Customers,Low-cost automated re-engagement email
14992,50,3,254.13,4,2,2,New Customers,Welcome onboarding campaign to drive 2nd purchase
14993,31,2,146.02,5,1,2,New Customers,Welcome onboarding campaign to drive 2nd purchase
14994,101,2,438.1,2,1,3,Lost Customers,Low-cost automated re-engagement email
14995,127,4,1160.0,1,3,5,At Risk,High-value win-back offer with targeted discount
14996,44,6,403.76,4,4,3,Loyal Customers,"Cross-sell complimentary products, points incentive"
14997,239,4,306.39,1,3,3,At Risk,High-value win-back offer with targeted discount
14998,183,4,288.16,1,3,3,At Risk,High-value win-back offer with targeted discount
14999,26,5,715.42,5,4,4,Champions,"VIP rewards, early access to new collections"
15000,13,1,121.3,5,1,1,New Customers,Welcome onboarding campaign to drive 2nd purchase
15001,60,4,190.12,3,3,2,Lost Customers,Low-cost automated re-engagement email
15002,84,4,320.67,2,3,3,At Risk,High-value win-back offer with targeted discount
15003,237,4,93.6,1,3,1,Lost Customers,Low-cost automated re-engagement email
15004,232,3,65.65,1,2,1,Lost Customers,Low-cost automated re-engagement email
15005,110,3,93.31,2,2,1,Lost Customers,Low-cost automated re-engagement email
15006,51,5,358.94,4,4,3,Loyal Customers,"Cross-sell complimentary products, points incentive"
15007,152,13,2028.47,1,5,5,At Risk,High-value win-back offer with targeted discount
15008,76,1,44.51,3,1,1,Lost Customers,Low-cost automated re-engagement email
15009,21,6,482.15,5,4,4,Champions,"VIP rewards, early access to new collections"
15010,22,9,986.41,5,5,5,Champions,"VIP rewards, early access to new collections"
15011,51,2,717.33,4,1,4,New Customers,Welcome onboarding campaign to drive 2nd purchase
15012,135,3,283.97,1,2,3,Lost Customers,Low-cost automated re-engagement email
15013,28,5,492.66,5,4,4,Champions,"VIP rewards, early access to new collections"
15014,51,17,887.52,4,5,4,Champions,"VIP rewards, early access to new collections"
15015,182,19,8932.61,1,5,5,At Risk,High-value win-back offer with targeted discount
15016,91,2,358.26,2,1,3,Lost Customers,Low-cost automated re-engagement email
15017,99,3,99.35,2,2,1,Lost Customers,Low-cost automated re-engagement email
15018,138,4,1386.5,1,3,5,At Risk,High-value win-back offer with targeted discount
15019,52,6,1029.54,4,4,5,Champions,"VIP rewards, early access to new collections"
15020,190,4,444.46,1,3,3,At Risk,High-value win-back offer with targeted discount
15021,112,2,326.17,2,1,3,Lost Customers,Low-cost automated re-engagement email
15022,63,2,500.39,3,1,4,Lost Customers,Low-cost automated re-engagement email
15023,167,1,45.71,1,1,1,Lost Customers,Low-cost automated re-engagement email
15024,109,1,63.39,2,1,1,Lost Customers,Low-cost automated re-engagement email
15025,68,1,86.96,3,1,1,Lost Customers,Low-cost automated re-engagement email
15026,101,9,265.39,2,5,3,At Risk,High-value win-back offer with targeted discount
15027,33,6,1041.28,5,4,5,Champions,"VIP rewards, early access to new collections"
15028,152,6,421.51,1,4,3,At Risk,High-value win-back offer with targeted discount
15029,235,3,190.85,1,2,2,Lost Customers,Low-cost automated re-engagement email
15030,15,4,201.87,5,3,2,Lost Customers,Low-cost automated re-engagement email
15031,43,3,261.9,4,2,2,New Customers,Welcome onboarding campaign to drive 2nd purchase
15032,40,1,103.56,4,1,1,New Customers,Welcome onboarding campaign to drive 2nd purchase
15033,117,6,1323.73,2,4,5,At Risk,High-value win-back offer with targeted discount
15034,81,7,1583.89,3,4,5,Loyal Customers,"Cross-sell complimentary products, points incentive"
15035,49,2,64.9,4,1,1,New Customers,Welcome onboarding campaign to drive 2nd purchase
15036,55,2,272.5,4,1,3,New Customers,Welcome onboarding campaign to drive 2nd purchase
15037,45,5,1361.51,4,4,5,Champions,"VIP rewards, early access to new collections"
15038,107,5,368.37,2,4,3,At Risk,High-value win-back offer with targeted discount
15039,80,6,463.5,3,4,3,Loyal Customers,"Cross-sell complimentary products, points incentive"
15040,53,11,692.84,4,5,4,Champions,"VIP rewards, early access to new collections"
15041,46,2,292.23,4,1,3,New Customers,Welcome onboarding campaign to drive 2nd purchase
15042,169,4,466.33,1,3,4,At Risk,High-value win-back offer with targeted discount
15043,150,2,434.78,1,1,3,Lost Customers,Low-cost automated re-engagement email
15044,108,2,162.89,2,1,2,Lost Customers,Low-cost automated re-engagement email
15045,139,3,839.34,1,2,4,Lost Customers,Low-cost automated re-engagement email
15046,21,11,1695.37,5,5,5,Champions,"VIP rewards, early access to new collections"
15047,28,9,2335.38,5,5,5,Champions,"VIP rewards, early access to new collections"
15048,25,4,210.62,5,3,2,Lost Customers,Low-cost automated re-engagement email
15049,69,1,369.03,3,1,3,Lost Customers,Low-cost automated re-engagement email
15050,142,5,273.01,1,4,3,At Risk,High-value win-back offer with targeted discount
15051,50,5,284.77,4,4,3,Loyal Customers,"Cross-sell complimentary products, points incentive"
15052,155,2,126.32,1,1,1,Lost Customers,Low-cost automated re-engagement email
15053,43,7,401.67,4,4,3,Loyal Customers,"Cross-sell complimentary products, points incentive"
15054,62,2,989.64,3,1,5,Lost Customers,Low-cost automated re-engagement email
15055,49,7,1007.82,4,4,5,Champions,"VIP rewards, early access to new collections"
15056,59,5,703.26,3,4,4,Loyal Customers,"Cross-sell complimentary products, points incentive"
15057,64,2,32.81,3,1,1,Lost Customers,Low-cost automated re-engagement email
15058,12,3,858.81,5,2,4,New Customers,Welcome onboarding campaign to drive 2nd purchase
15059,90,4,141.41,2,3,2,Lost Customers,Low-cost automated re-engagement email
15060,63,5,435.6,3,4,3,Loyal Customers,"Cross-sell complimentary products, points incentive"
15061,190,8,382.1,1,5,3,At Risk,High-value win-back offer with targeted discount
15062,104,9,1005.18,2,5,5,At Risk,High-value win-back offer with targeted discount
15063,87,3,1074.13,2,2,5,Lost Customers,Low-cost automated re-engagement email
15064,182,6,227.35,1,4,2,Lost Customers,Low-cost automated re-engagement email
15065,170,13,612.72,1,5,4,At Risk,High-value win-back offer with targeted discount
15066,195,2,204.13,1,1,2,Lost Customers,Low-cost automated re-engagement email
15067,45,3,1109.44,4,2,5,New Customers,Welcome onboarding campaign to drive 2nd purchase
15068,24,1,61.43,5,1,1,New Customers,Welcome onboarding campaign to drive 2nd purchase
15069,12,3,141.74,5,2,2,New Customers,Welcome onboarding campaign to drive 2nd purchase
15070,138,4,417.3,1,3,3,At Risk,High-value win-back offer with targeted discount
15071,10,1,90.63,5,1,1,New Customers,Welcome onboarding campaign to drive 2nd purchase
15072,81,5,178.92,3,4,2,Lost Customers,Low-cost automated re-engagement email
15073,17,3,187.51,5,2,2,New Customers,Welcome onboarding campaign to drive 2nd purchase
15074,151,4,61.26,1,3,1,Lost Customers,Low-cost automated re-engagement email
15075,99,2,175.17,2,1,2,Lost Customers,Low-cost automated re-engagement email
15076,151,4,117.33,1,3,1,Lost Customers,Low-cost automated re-engagement email
15077,82,13,10796.81,3,5,5,Loyal Customers,"Cross-sell complimentary products, points incentive"
15078,31,3,444.95,5,2,3,New Customers,Welcome onboarding campaign to drive 2nd purchase
15079,48,1,113.11,4,1,1,New Customers,Welcome onboarding campaign to drive 2nd purchase
15080,128,9,1301.77,1,5,5,At Risk,High-value win-back offer with targeted discount
15081,15,6,347.07,5,4,3,Loyal Customers,"Cross-sell complimentary products, points incentive"
15082,45,4,316.82,4,3,3,Loyal Customers,"Cross-sell complimentary products, points incentive"
15083,40,6,851.17,4,4,4,Champions,"VIP rewards, early access to new collections"
15084,64,4,149.6,3,3,2,Lost Customers,Low-cost automated re-engagement email
15085,107,13,2164.06,2,5,5,At Risk,High-value win-back offer with targeted discount
15086,148,7,4197.82,1,4,5,At Risk,High-value win-back offer with targeted discount
15087,20,3,71.29,5,2,1,New Customers,Welcome onboarding campaign to drive 2nd purchase
15088,33,11,1599.42,5,5,5,Champions,"VIP rewards, early access to new collections"
15089,22,15,646.42,5,5,4,Champions,"VIP rewards, early access to new collections"
15090,66,7,1173.52,3,4,5,Loyal Customers,"Cross-sell complimentary products, points incentive"
15091,25,5,610.61,5,4,4,Champions,"VIP rewards, early access to new collections"
15092,89,2,977.3,2,1,5,Lost Customers,Low-cost automated re-engagement email
15093,162,6,2497.75,1,4,5,At Risk,High-value win-back offer with targeted discount
15094,13,5,122.26,5,4,1,Lost Customers,Low-cost automated re-engagement email
15095,34,4,716.31,5,3,4,Loyal Customers,"Cross-sell complimentary products, points incentive"
15096,197,6,1057.99,1,4,5,At Risk,High-value win-back offer with targeted discount
15097,79,4,1049.76,3,3,5,Loyal Customers,"Cross-sell complimentary products, points incentive"
15098,46,6,826.28,4,4,4,Champions,"VIP rewards, early access to new collections"
15099,337,8,1231.9,1,5,5,At Risk,High-value win-back offer with targeted discount
15100,55,2,71.08,4,1,1,New Customers,Welcome onboarding campaign to drive 2nd purchase
15101,104,2,263.2,2,1,3,Lost Customers,Low-cost automated re-engagement email
15102,35,2,148.15,4,1,2,New Customers,Welcome onboarding campaign to drive 2nd purchase
15103,30,16,2664.73,5,5,5,Champions,"VIP rewards, early access to new collections"
15104,108,6,496.06,2,4,4,At Risk,High-value win-back offer with targeted discount
15105,209,6,807.74,1,4,4,At Risk,High-value win-back offer with targeted discount
15106,47,9,1410.56,4,5,5,Champions,"VIP rewards, early access to new collections"
15107,28,2,318.82,5,1,3,New Customers,Welcome onboarding campaign to drive 2nd purchase
15108,136,1,46.09,1,1,1,Lost Customers,Low-cost automated re-engagement email
15109,48,4,3175.39,4,3,5,Loyal Customers,"Cross-sell complimentary products, points incentive"
15110,90,7,791.87,2,4,4,At Risk,High-value win-back offer with targeted discount
15111,46,3,476.84,4,2,4,New Customers,Welcome onboarding campaign to drive 2nd purchase
15112,53,2,189.85,4,1,2,New Customers,Welcome onboarding campaign to drive 2nd purchase
15113,32,2,66.4,5,1,1,New Customers,Welcome onboarding campaign to drive 2nd purchase
15114,110,2,364.21,2,1,3,Lost Customers,Low-cost automated re-engagement email
15115,92,3,343.82,2,2,3,Lost Customers,Low-cost automated re-engagement email
15116,90,2,400.65,2,1,3,Lost Customers,Low-cost automated re-engagement email
15117,38,4,197.93,4,3,2,Lost Customers,Low-cost automated re-engagement email
15118,86,3,200.24,2,2,2,Lost Customers,Low-cost automated re-engagement email
15119,227,6,687.34,1,4,4,At Risk,High-value win-back offer with targeted discount
15120,28,2,188.03,5,1,2,New Customers,Welcome onboarding campaign to drive 2nd purchase
15121,35,5,347.89,4,4,3,Loyal Customers,"Cross-sell complimentary products, points incentive"
15122,37,4,458.64,4,3,3,Loyal Customers,"Cross-sell complimentary products, points incentive"
15123,74,5,1629.88,3,4,5,Loyal Customers,"Cross-sell complimentary products, points incentive"
15124,26,6,815.51,5,4,4,Champions,"VIP rewards, early access to new collections"
15125,99,6,1552.27,2,4,5,At Risk,High-value win-back offer with targeted discount
15126,11,7,541.77,5,4,4,Champions,"VIP rewards, early access to new collections"
15127,120,6,567.27,2,4,4,At Risk,High-value win-back offer with targeted discount
15128,88,5,560.17,2,4,4,At Risk,High-value win-back offer with targeted discount
15129,224,2,120.68,1,1,1,Lost Customers,Low-cost automated re-engagement email
15130,29,7,790.24,5,4,4,Champions,"VIP rewards, early access to new collections"
15131,140,2,738.18,1,1,4,Lost Customers,Low-cost automated re-engagement email
15132,63,3,1297.94,3,2,5,Lost Customers,Low-cost automated re-engagement email
15133,54,2,620.71,4,1,4,New Customers,Welcome onboarding campaign to drive 2nd purchase
15134,28,2,237.05,5,1,2,New Customers,Welcome onboarding campaign to drive 2nd purchase
15135,47,3,141.37,4,2,2,New Customers,Welcome onboarding campaign to drive 2nd purchase
15136,48,3,2442.78,4,2,5,New Customers,Welcome onboarding campaign to drive 2nd purchase
15137,17,2,113.37,5,1,1,New Customers,Welcome onboarding campaign to drive 2nd purchase
15138,88,4,1419.77,2,3,5,At Risk,High-value win-back offer with targeted discount
15139,79,4,500.54,3,3,4,Loyal Customers,"Cross-sell complimentary products, points incentive"
15140,104,3,106.59,2,2,1,Lost Customers,Low-cost automated re-engagement email
15141,42,21,498.14,4,5,4,Champions,"VIP rewards, early access to new collections"
15142,123,5,1573.16,1,4,5,At Risk,High-value win-back offer with targeted discount
15143,168,4,214.75,1,3,2,Lost Customers,Low-cost automated re-engagement email
15144,57,2,57.93,3,1,1,Lost Customers,Low-cost automated re-engagement email
15145,30,4,282.7,5,3,3,Loyal Customers,"Cross-sell complimentary products, points incentive"
15146,71,5,448.03,3,4,3,Loyal Customers,"Cross-sell complimentary products, points incentive"
15147,69,4,502.79,3,3,4,Loyal Customers,"Cross-sell complimentary products, points incentive"
15148,59,11,1319.71,3,5,5,Loyal Customers,"Cross-sell complimentary products, points incentive"
15149,104,1,46.56,2,1,1,Lost Customers,Low-cost automated re-engagement email
15150,51,3,270.44,4,2,3,New Customers,Welcome onboarding campaign to drive 2nd purchase
15151,28,6,2533.92,5,4,5,Champions,"VIP rewards, early access to new collections"
15152,76,2,69.82,3,1,1,Lost Customers,Low-cost automated re-engagement email
15153,107,1,137.53,2,1,2,Lost Customers,Low-cost automated re-engagement email
15154,114,3,104.59,2,2,1,Lost Customers,Low-cost automated re-engagement email
15155,49,8,497.19,4,5,4,Champions,"VIP rewards, early access to new collections"
15156,84,2,498.86,2,1,4,Lost Customers,Low-cost automated re-engagement email
15157,170,3,43.32,1,2,1,Lost Customers,Low-cost automated re-engagement email
15158,143,5,2974.15,1,4,5,At Risk,High-value win-back offer with targeted discount
15159,16,3,84.32,5,2,1,New Customers,Welcome onboarding campaign to drive 2nd purchase
15160,52,3,44.26,4,2,1,New Customers,Welcome onboarding campaign to drive 2nd purchase
15161,163,2,183.21,1,1,2,Lost Customers,Low-cost automated re-engagement email
15162,16,3,183.55,5,2,2,New Customers,Welcome onboarding campaign to drive 2nd purchase
15163,65,2,103.18,3,1,1,Lost Customers,Low-cost automated re-engagement email
15164,41,3,481.05,4,2,4,New Customers,Welcome onboarding campaign to drive 2nd purchase
15165,86,8,313.06,2,5,3,At Risk,High-value win-back offer with targeted discount
15166,7,12,1803.94,5,5,5,Champions,"VIP rewards, early access to new collections"
15167,152,10,1895.27,1,5,5,At Risk,High-value win-back offer with targeted discount
15168,67,4,104.72,3,3,1,Lost Customers,Low-cost automated re-engagement email
15169,26,13,2947.64,5,5,5,Champions,"VIP rewards, early access to new collections"
15170,36,21,3791.17,4,5,5,Champions,"VIP rewards, early access to new collections"
15171,88,4,1456.12,2,3,5,At Risk,High-value win-back offer with targeted discount
15172,34,2,180.91,5,1,2,New Customers,Welcome onboarding campaign to drive 2nd purchase
15173,204,10,424.66,1,5,3,At Risk,High-value win-back offer with targeted discount
15174,61,2,556.57,3,1,4,Lost Customers,Low-cost automated re-engagement email
15175,180,2,188.09,1,1,2,Lost Customers,Low-cost automated re-engagement email
15176,76,1,464.32,3,1,3,Lost Customers,Low-cost automated re-engagement email
15177,110,6,1022.66,2,4,5,At Risk,High-value win-back offer with targeted discount
15178,106,1,87.94,2,1,1,Lost Customers,Low-cost automated re-engagement email
15179,46,8,325.75,4,5,3,Loyal Customers,"Cross-sell complimentary products, points incentive"
15180,111,15,1229.2,2,5,5,At Risk,High-value win-back offer with targeted discount
15181,49,14,2929.61,4,5,5,Champions,"VIP rewards, early access to new collections"
15182,14,2,46.33,5,1,1,New Customers,Welcome onboarding campaign to drive 2nd purchase
15183,57,1,62.52,3,1,1,Lost Customers,Low-cost automated re-engagement email
15184,22,2,42.1,5,1,1,New Customers,Welcome onboarding campaign to drive 2nd purchase
15185,47,7,246.9,4,4,2,Lost Customers,Low-cost automated re-engagement email
15186,65,9,467.35,3,5,4,Loyal Customers,"Cross-sell complimentary products, points incentive"
15187,30,6,423.31,5,4,3,Loyal Customers,"Cross-sell complimentary products, points incentive"
15188,100,6,742.32,2,4,4,At Risk,High-value win-back offer with targeted discount
15189,48,22,3724.29,4,5,5,Champions,"VIP rewards, early access to new collections"
15190,22,3,937.97,5,2,5,New Customers,Welcome onboarding campaign to drive 2nd purchase
15191,31,2,762.07,5,1,4,New Customers,Welcome onboarding campaign to drive 2nd purchase
15192,73,2,523.16,3,1,4,Lost Customers,Low-cost automated re-engagement email
15193,55,5,319.88,4,4,3,Loyal Customers,"Cross-sell complimentary products, points incentive"
15194,83,3,333.3,2,2,3,Lost Customers,Low-cost automated re-engagement email
15195,73,7,379.88,3,4,3,Loyal Customers,"Cross-sell complimentary products, points incentive"
15196,28,3,338.39,5,2,3,New Customers,Welcome onboarding campaign to drive 2nd purchase
15197,40,6,467.38,4,4,4,Champions,"VIP rewards, early access to new collections"
15198,122,3,96.6,1,2,1,Lost Customers,Low-cost automated re-engagement email
15199,33,3,997.62,5,2,5,New Customers,Welcome onboarding campaign to drive 2nd purchase
15200,183,4,1674.99,1,3,5,At Risk,High-value win-back offer with targeted discount
15201,17,1,45.5,5,1,1,New Customers,Welcome onboarding campaign to drive 2nd purchase
15202,120,3,431.51,2,2,3,Lost Customers,Low-cost automated re-engagement email
15203,62,6,283.83,3,4,3,Loyal Customers,"Cross-sell complimentary products, points incentive"
15204,29,2,167.64,5,1,2,New Customers,Welcome onboarding campaign to drive 2nd purchase
15205,71,16,892.57,3,5,4,Loyal Customers,"Cross-sell complimentary products, points incentive"
15206,34,4,204.76,5,3,2,Lost Customers,Low-cost automated re-engagement email
15207,43,3,320.46,4,2,3,New Customers,Welcome onboarding campaign to drive 2nd purchase
15208,49,2,35.14,4,1,1,New Customers,Welcome onboarding campaign to drive 2nd purchase
15209,113,10,562.26,2,5,4,At Risk,High-value win-back offer with targeted discount
15210,40,2,6681.96,4,1,5,New Customers,Welcome onboarding campaign to drive 2nd purchase
15211,80,5,112.44,3,4,1,Lost Customers,Low-cost automated re-engagement email
15212,116,7,447.49,2,4,3,At Risk,High-value win-back offer with targeted discount
15213,70,6,699.98,3,4,4,Loyal Customers,"Cross-sell complimentary products, points incentive"
15214,89,3,229.74,2,2,2,Lost Customers,Low-cost automated re-engagement email
15215,65,7,316.84,3,4,3,Loyal Customers,"Cross-sell complimentary products, points incentive"
15216,99,4,860.5,2,3,4,At Risk,High-value win-back offer with targeted discount
15217,21,1,102.97,5,1,1,New Customers,Welcome onboarding campaign to drive 2nd purchase
15218,172,9,462.26,1,5,3,At Risk,High-value win-back offer with targeted discount
15219,38,3,584.15,4,2,4,New Customers,Welcome onboarding campaign to drive 2nd purchase
15220,62,3,168.01,3,2,2,Lost Customers,Low-cost automated re-engagement email
15221,10,5,204.8,5,4,2,Lost Customers,Low-cost automated re-engagement email
15222,44,3,458.35,4,2,3,New Customers,Welcome onboarding campaign to drive 2nd purchase
15223,82,7,194.33,3,4,2,Lost Customers,Low-cost automated re-engagement email
15224,188,2,875.86,1,1,4,Lost Customers,Low-cost automated re-engagement email
15225,102,3,1056.9,2,2,5,Lost Customers,Low-cost automated re-engagement email
15226,47,9,1325.35,4,5,5,Champions,"VIP rewards, early access to new collections"
15227,16,4,213.22,5,3,2,Lost Customers,Low-cost automated re-engagement email
15228,159,2,68.86,1,1,1,Lost Customers,Low-cost automated re-engagement email
15229,45,4,35.55,4,3,1,Lost Customers,Low-cost automated re-engagement email
15230,82,5,1927.18,3,4,5,Loyal Customers,"Cross-sell complimentary products, points incentive"
15231,47,1,37.62,4,1,1,New Customers,Welcome onboarding campaign to drive 2nd purchase
15232,90,13,1609.44,2,5,5,At Risk,High-value win-back offer with targeted discount
15233,154,14,1507.4,1,5,5,At Risk,High-value win-back offer with targeted discount
15234,112,4,79.92,2,3,1,Lost Customers,Low-cost automated re-engagement email
15235,54,3,156.75,4,2,2,New Customers,Welcome onboarding campaign to drive 2nd purchase
15236,161,4,129.87,1,3,1,Lost Customers,Low-cost automated re-engagement email
15237,215,7,1286.51,1,4,5,At Risk,High-value win-back offer with targeted discount
15238,133,5,956.13,1,4,5,At Risk,High-value win-back offer with targeted discount
15239,48,5,361.33,4,4,3,Loyal Customers,"Cross-sell complimentary products, points incentive"
15240,120,11,463.78,2,5,3,At Risk,High-value win-back offer with targeted discount
15241,132,9,959.48,1,5,5,At Risk,High-value win-back offer with targeted discount
15242,55,2,487.64,4,1,4,New Customers,Welcome onboarding campaign to drive 2nd purchase
15243,215,7,166.09,1,4,2,Lost Customers,Low-cost automated re-engagement email
15244,149,9,5424.21,1,5,5,At Risk,High-value win-back offer with targeted discount
15245,57,5,361.41,3,4,3,Loyal Customers,"Cross-sell complimentary products, points incentive"
15246,48,6,485.32,4,4,4,Champions,"VIP rewards, early access to new collections"
15247,130,3,1142.53,1,2,5,Lost Customers,Low-cost automated re-engagement email
15248,254,2,171.22,1,1,2,Lost Customers,Low-cost automated re-engagement email
15249,23,16,1310.26,5,5,5,Champions,"VIP rewards, early access to new collections"
15250,93,2,79.13,2,1,1,Lost Customers,Low-cost automated re-engagement email
15251,118,13,696.15,2,5,4,At Risk,High-value win-back offer with targeted discount
15252,153,4,190.71,1,3,2,Lost Customers,Low-cost automated re-engagement email
15253,119,10,183.73,2,5,2,Lost Customers,Low-cost automated re-engagement email
15254,46,4,55.37,4,3,1,Lost Customers,Low-cost automated re-engagement email
15255,20,8,584.64,5,5,4,Champions,"VIP rewards, early access to new collections"
15256,53,5,129.86,4,4,1,Lost Customers,Low-cost automated re-engagement email
15257,116,2,323.93,2,1,3,Lost Customers,Low-cost automated re-engagement email
15258,42,4,295.19,4,3,3,Loyal Customers,"Cross-sell complimentary products, points incentive"
15259,170,3,64.23,1,2,1,Lost Customers,Low-cost automated re-engagement email
15260,61,6,2130.35,3,4,5,Loyal Customers,"Cross-sell complimentary products, points incentive"
15261,40,4,245.31,4,3,2,Lost Customers,Low-cost automated re-engagement email
15262,100,5,715.53,2,4,4,At Risk,High-value win-back offer with targeted discount
15263,56,2,790.66,4,1,4,New Customers,Welcome onboarding campaign to drive 2nd purchase
15264,47,2,174.63,4,1,2,New Customers,Welcome onboarding campaign to drive 2nd purchase
15265,234,4,364.63,1,3,3,At Risk,High-value win-back offer with targeted discount
15266,42,4,1313.7,4,3,5,Loyal Customers,"Cross-sell complimentary products, points incentive"
15267,51,2,138.19,4,1,2,New Customers,Welcome onboarding campaign to drive 2nd purchase
15268,101,6,1418.88,2,4,5,At Risk,High-value win-back offer with targeted discount
15269,168,6,505.27,1,4,4,At Risk,High-value win-back offer with targeted discount
15270,95,4,419.71,2,3,3,At Risk,High-value win-back offer with targeted discount
15271,73,4,414.47,3,3,3,Loyal Customers,"Cross-sell complimentary products, points incentive"
15272,252,2,129.07,1,1,1,Lost Customers,Low-cost automated re-engagement email
15273,49,2,111.26,4,1,1,New Customers,Welcome onboarding campaign to drive 2nd purchase
15274,50,5,250.16,4,4,2,Lost Customers,Low-cost automated re-engagement email
15275,42,2,56.1,4,1,1,New Customers,Welcome onboarding campaign to drive 2nd purchase
15276,90,2,120.45,2,1,1,Lost Customers,Low-cost automated re-engagement email
15277,32,5,354.47,5,4,3,Loyal Customers,"Cross-sell complimentary products, points incentive"
15278,25,17,2208.33,5,5,5,Champions,"VIP rewards, early access to new collections"
15279,51,3,248.53,4,2,2,New Customers,Welcome onboarding campaign to drive 2nd purchase
15280,15,18,4272.81,5,5,5,Champions,"VIP rewards, early access to new collections"
15281,82,4,911.84,3,3,5,Loyal Customers,"Cross-sell complimentary products, points incentive"
15282,91,6,1812.52,2,4,5,At Risk,High-value win-back offer with targeted discount
15283,102,8,600.24,2,5,4,At Risk,High-value win-back offer with targeted discount
15284,123,8,454.65,1,5,3,At Risk,High-value win-back offer with targeted discount
15285,52,5,131.46,4,4,1,Lost Customers,Low-cost automated re-engagement email
15286,155,3,876.73,1,2,4,Lost Customers,Low-cost automated re-engagement email
15287,145,7,222.94,1,4,2,Lost Customers,Low-cost automated re-engagement email
15288,28,5,200.03,5,4,2,Lost Customers,Low-cost automated re-engagement email
15289,65,3,330.89,3,2,3,Lost Customers,Low-cost automated re-engagement email
15290,6,11,749.89,5,5,4,Champions,"VIP rewards, early access to new collections"
15291,156,5,1655.76,1,4,5,At Risk,High-value win-back offer with targeted discount
15292,122,2,90.23,1,1,1,Lost Customers,Low-cost automated re-engagement email
15293,181,2,184.81,1,1,2,Lost Customers,Low-cost automated re-engagement email
15294,17,16,271.82,5,5,3,Loyal Customers,"Cross-sell complimentary products, points incentive"
15295,96,3,818.57,2,2,4,Lost Customers,Low-cost automated re-engagement email
15296,45,7,139.45,4,4,2,Lost Customers,Low-cost automated re-engagement email
15297,10,5,4223.34,5,4,5,Champions,"VIP rewards, early access to new collections"
15298,135,6,485.95,1,4,4,At Risk,High-value win-back offer with targeted discount
15299,23,16,1112.03,5,5,5,Champions,"VIP rewards, early access to new collections"
15300,88,8,699.92,2,5,4,At Risk,High-value win-back offer with targeted discount
15301,44,7,239.67,4,4,2,Lost Customers,Low-cost automated re-engagement email
15302,77,3,488.19,3,2,4,Lost Customers,Low-cost automated re-engagement email
15303,125,2,124.64,1,1,1,Lost Customers,Low-cost automated re-engagement email
15304,77,24,1630.55,3,5,5,Loyal Customers,"Cross-sell complimentary products, points incentive"
15305,32,4,1144.7,5,3,5,Loyal Customers,"Cross-sell complimentary products, points incentive"
15306,238,4,76.59,1,3,1,Lost Customers,Low-cost automated re-engagement email
15307,53,5,377.38,4,4,3,Loyal Customers,"Cross-sell complimentary products, points incentive"
15308,37,4,326.31,4,3,3,Loyal Customers,"Cross-sell complimentary products, points incentive"
15309,64,12,1223.12,3,5,5,Loyal Customers,"Cross-sell complimentary products, points incentive"
15310,18,6,327.4,5,4,3,Loyal Customers,"Cross-sell complimentary products, points incentive"
15311,40,2,135.1,4,1,1,New Customers,Welcome onboarding campaign to drive 2nd purchase
15312,55,2,950.94,4,1,5,New Customers,Welcome onboarding campaign to drive 2nd purchase
15313,82,4,564.42,3,3,4,Loyal Customers,"Cross-sell complimentary products, points incentive"
15314,71,8,357.2,3,5,3,Loyal Customers,"Cross-sell complimentary products, points incentive"
15315,97,1,161.9,2,1,2,Lost Customers,Low-cost automated re-engagement email
15316,66,5,468.96,3,4,4,Loyal Customers,"Cross-sell complimentary products, points incentive"
15317,144,6,1053.11,1,4,5,At Risk,High-value win-back offer with targeted discount
15318,109,7,524.43,2,4,4,At Risk,High-value win-back offer with targeted discount
15319,91,4,174.04,2,3,2,Lost Customers,Low-cost automated re-engagement email
15320,160,8,160.42,1,5,2,Lost Customers,Low-cost automated re-engagement email
15321,160,2,507.89,1,1,4,Lost Customers,Low-cost automated re-engagement email
15322,74,8,1332.95,3,5,5,Loyal Customers,"Cross-sell complimentary products, points incentive"
15323,51,4,496.37,4,3,4,Loyal Customers,"Cross-sell complimentary products, points incentive"
15324,80,4,645.67,3,3,4,Loyal Customers,"Cross-sell complimentary products, points incentive"
15325,61,4,1095.89,3,3,5,Loyal Customers,"Cross-sell complimentary products, points incentive"
15326,49,6,118.74,4,4,1,Lost Customers,Low-cost automated re-engagement email
15327,77,2,194.06,3,1,2,Lost Customers,Low-cost automated re-engagement email
15328,89,7,123.5,2,4,1,Lost Customers,Low-cost automated re-engagement email
15329,105,7,441.99,2,4,3,At Risk,High-value win-back offer with targeted discount
15330,177,3,363.41,1,2,3,Lost Customers,Low-cost automated re-engagement email
15331,83,4,262.31,2,3,2,Lost Customers,Low-cost automated re-engagement email
15332,67,2,879.46,3,1,4,Lost Customers,Low-cost automated re-engagement email
15333,132,2,138.54,1,1,2,Lost Customers,Low-cost automated re-engagement email
15334,35,4,180.02,4,3,2,Lost Customers,Low-cost automated re-engagement email
15335,15,4,370.59,5,3,3,Loyal Customers,"Cross-sell complimentary products, points incentive"
15336,95,3,106.3,2,2,1,Lost Customers,Low-cost automated re-engagement email
15337,53,2,81.8,4,1,1,New Customers,Welcome onboarding campaign to drive 2nd purchase
15338,56,5,1045.52,4,4,5,Champions,"VIP rewards, early access to new collections"
15339,34,3,658.43,5,2,4,New Customers,Welcome onboarding campaign to drive 2nd purchase
15340,151,2,207.37,1,1,2,Lost Customers,Low-cost automated re-engagement email
15341,16,10,1559.09,5,5,5,Champions,"VIP rewards, early access to new collections"
15342,102,2,1179.33,2,1,5,Lost Customers,Low-cost automated re-engagement email
15343,68,6,512.46,3,4,4,Loyal Customers,"Cross-sell complimentary products, points incentive"
15344,184,2,82.51,1,1,1,Lost Customers,Low-cost automated re-engagement email
15345,133,2,291.58,1,1,3,Lost Customers,Low-cost automated re-engagement email
15346,26,5,954.47,5,4,5,Champions,"VIP rewards, early access to new collections"
15347,109,3,625.74,2,2,4,Lost Customers,Low-cost automated re-engagement email
15348,94,2,504.17,2,1,4,Lost Customers,Low-cost automated re-engagement email
15349,64,8,1763.17,3,5,5,Loyal Customers,"Cross-sell complimentary products, points incentive"
15350,103,5,718.72,2,4,4,At Risk,High-value win-back offer with targeted discount
15351,40,1,159.54,4,1,2,New Customers,Welcome onboarding campaign to drive 2nd purchase
15352,73,8,1042.23,3,5,5,Loyal Customers,"Cross-sell complimentary products, points incentive"
15353,68,2,43.07,3,1,1,Lost Customers,Low-cost automated re-engagement email
15354,35,1,19.17,4,1,1,New Customers,Welcome onboarding campaign to drive 2nd purchase
15355,53,2,69.77,4,1,1,New Customers,Welcome onboarding campaign to drive 2nd purchase
15356,46,4,753.04,4,3,4,Loyal Customers,"Cross-sell complimentary products, points incentive"
15357,89,4,242.84,2,3,2,Lost Customers,Low-cost automated re-engagement email
15358,157,1,101.76,1,1,1,Lost Customers,Low-cost automated re-engagement email
15359,21,2,735.18,5,1,4,New Customers,Welcome onboarding campaign to drive 2nd purchase
15360,91,2,477.45,2,1,4,Lost Customers,Low-cost automated re-engagement email
15361,45,2,25.47,4,1,1,New Customers,Welcome onboarding campaign to drive 2nd purchase
15362,127,7,1215.7,1,4,5,At Risk,High-value win-back offer with targeted discount
15363,90,3,284.05,2,2,3,Lost Customers,Low-cost automated re-engagement email
15364,17,7,349.21,5,4,3,Loyal Customers,"Cross-sell complimentary products, points incentive"
15365,77,8,536.3,3,5,4,Loyal Customers,"Cross-sell complimentary products, points incentive"
15366,61,6,407.3,3,4,3,Loyal Customers,"Cross-sell complimentary products, points incentive"
15367,23,1,27.65,5,1,1,New Customers,Welcome onboarding campaign to drive 2nd purchase
15368,45,3,336.53,4,2,3,New Customers,Welcome onboarding campaign to drive 2nd purchase
15369,75,3,1915.12,3,2,5,Lost Customers,Low-cost automated re-engagement email
15370,46,4,898.42,4,3,4,Loyal Customers,"Cross-sell complimentary products, points incentive"
15371,137,1,14.53,1,1,1,Lost Customers,Low-cost automated re-engagement email
15372,61,2,234.01,3,1,2,Lost Customers,Low-cost automated re-engagement email
15373,43,2,233.98,4,1,2,New Customers,Welcome onboarding campaign to drive 2nd purchase
15374,78,2,73.53,3,1,1,Lost Customers,Low-cost automated re-engagement email
15375,85,3,90.81,2,2,1,Lost Customers,Low-cost automated re-engagement email
15376,128,2,403.86,1,1,3,Lost Customers,Low-cost automated re-engagement email
15377,71,2,197.86,3,1,2,Lost Customers,Low-cost automated re-engagement email
15378,83,3,175.75,2,2,2,Lost Customers,Low-cost automated re-engagement email
15379,107,3,464.47,2,2,3,Lost Customers,Low-cost automated re-engagement email
15380,35,4,2420.88,4,3,5,Loyal Customers,"Cross-sell complimentary products, points incentive"
15381,123,3,340.63,1,2,3,Lost Customers,Low-cost automated re-engagement email
15382,24,1,117.01,5,1,1,New Customers,Welcome onboarding campaign to drive 2nd purchase
15383,74,2,176.57,3,1,2,Lost Customers,Low-cost automated re-engagement email
15384,75,3,189.73,3,2,2,Lost Customers,Low-cost automated re-engagement email
15385,74,3,564.43,3,2,4,Lost Customers,Low-cost automated re-engagement email
15386,22,2,151.38,5,1,2,New Customers,Welcome onboarding campaign to drive 2nd purchase
15387,4,6,846.99,5,4,4,Champions,"VIP rewards, early access to new collections"
15388,54,5,1737.14,4,4,5,Champions,"VIP rewards, early access to new collections"
15389,87,3,527.89,2,2,4,Lost Customers,Low-cost automated re-engagement email
15390,171,3,85.82,1,2,1,Lost Customers,Low-cost automated re-engagement email
15391,88,2,54.28,2,1,1,Lost Customers,Low-cost automated re-engagement email
15392,24,7,1946.64,5,4,5,Champions,"VIP rewards, early access to new collections"
15393,57,18,1464.71,3,5,5,Loyal Customers,"Cross-sell complimentary products, points incentive"
15394,59,2,227.67,3,1,2,Lost Customers,Low-cost automated re-engagement email
15395,155,9,397.25,1,5,3,At Risk,High-value win-back offer with targeted discount
15396,90,2,313.44,2,1,3,Lost Customers,Low-cost automated re-engagement email
15397,27,3,1476.9,5,2,5,New Customers,Welcome onboarding campaign to drive 2nd purchase
15398,43,11,1134.95,4,5,5,Champions,"VIP rewards, early access to new collections"
15399,114,4,645.08,2,3,4,At Risk,High-value win-back offer with targeted discount
15400,79,6,1656.85,3,4,5,Loyal Customers,"Cross-sell complimentary products, points incentive"
15401,67,3,1225.04,3,2,5,Lost Customers,Low-cost automated re-engagement email
15402,56,1,48.85,4,1,1,New Customers,Welcome onboarding campaign to drive 2nd purchase
15403,112,22,2873.6,2,5,5,At Risk,High-value win-back offer with targeted discount
15404,50,3,850.85,4,2,4,New Customers,Welcome onboarding campaign to drive 2nd purchase
15405,42,4,1458.22,4,3,5,Loyal Customers,"Cross-sell complimentary products, points incentive"
15406,126,2,122.96,1,1,1,Lost Customers,Low-cost automated re-engagement email
15407,4,7,344.73,5,4,3,Loyal Customers,"Cross-sell complimentary products, points incentive"
15408,27,6,469.79,5,4,4,Champions,"VIP rewards, early access to new collections"
15409,36,1,67.45,4,1,1,New Customers,Welcome onboarding campaign to drive 2nd purchase
15410,132,4,280.2,1,3,3,At Risk,High-value win-back offer with targeted discount
15411,76,7,912.94,3,4,5,Loyal Customers,"Cross-sell complimentary products, points incentive"
15412,25,9,497.94,5,5,4,Champions,"VIP rewards, early access to new collections"
15413,23,6,2197.34,5,4,5,Champions,"VIP rewards, early access to new collections"
15414,134,6,375.24,1,4,3,At Risk,High-value win-back offer with targeted discount
15415,23,3,157.21,5,2,2,New Customers,Welcome onboarding campaign to drive 2nd purchase
15416,40,2,62.82,4,1,1,New Customers,Welcome onboarding campaign to drive 2nd purchase
15417,49,3,837.26,4,2,4,New Customers,Welcome onboarding campaign to drive 2nd purchase
15418,97,2,56.21,2,1,1,Lost Customers,Low-cost automated re-engagement email
15419,45,2,271.72,4,1,3,New Customers,Welcome onboarding campaign to drive 2nd purchase
15420,20,2,336.39,5,1,3,New Customers,Welcome onboarding campaign to drive 2nd purchase
15421,103,2,13.04,2,1,1,Lost Customers,Low-cost automated re-engagement email
15422,101,6,166.32,2,4,2,Lost Customers,Low-cost automated re-engagement email
15423,184,2,128.14,1,1,1,Lost Customers,Low-cost automated re-engagement email
15424,81,15,7428.86,3,5,5,Loyal Customers,"Cross-sell complimentary products, points incentive"
15425,22,8,512.66,5,5,4,Champions,"VIP rewards, early access to new collections"
15426,178,9,514.97,1,5,4,At Risk,High-value win-back offer with targeted discount
15427,48,2,91.68,4,1,1,New Customers,Welcome onboarding campaign to drive 2nd purchase
15428,119,4,180.8,2,3,2,Lost Customers,Low-cost automated re-engagement email
15429,174,2,101.65,1,1,1,Lost Customers,Low-cost automated re-engagement email
15430,71,4,196.64,3,3,2,Lost Customers,Low-cost automated re-engagement email
15431,65,1,47.31,3,1,1,Lost Customers,Low-cost automated re-engagement email
15432,81,8,378.05,3,5,3,Loyal Customers,"Cross-sell complimentary products, points incentive"
15433,92,2,127.75,2,1,1,Lost Customers,Low-cost automated re-engagement email
15434,133,5,1059.09,1,4,5,At Risk,High-value win-back offer with targeted discount
15435,58,5,164.09,3,4,2,Lost Customers,Low-cost automated re-engagement email
15436,69,3,150.86,3,2,2,Lost Customers,Low-cost automated re-engagement email
15437,44,2,112.78,4,1,1,New Customers,Welcome onboarding campaign to drive 2nd purchase
15438,44,4,360.05,4,3,3,Loyal Customers,"Cross-sell complimentary products, points incentive"
15439,32,7,317.15,5,4,3,Loyal Customers,"Cross-sell complimentary products, points incentive"
15440,46,3,1748.42,4,2,5,New Customers,Welcome onboarding campaign to drive 2nd purchase
15441,29,6,912.92,5,4,5,Champions,"VIP rewards, early access to new collections"
15442,123,7,1514.56,1,4,5,At Risk,High-value win-back offer with targeted discount
15443,105,3,334.74,2,2,3,Lost Customers,Low-cost automated re-engagement email
15444,62,4,1274.38,3,3,5,Loyal Customers,"Cross-sell complimentary products, points incentive"
15445,79,4,128.7,3,3,1,Lost Customers,Low-cost automated re-engagement email
15446,32,9,490.54,5,5,4,Champions,"VIP rewards, early access to new collections"
15447,65,3,129.5,3,2,1,Lost Customers,Low-cost automated re-engagement email
15448,145,9,694.35,1,5,4,At Risk,High-value win-back offer with targeted discount
15449,142,5,1872.03,1,4,5,At Risk,High-value win-back offer with targeted discount
15450,187,2,1303.21,1,1,5,Lost Customers,Low-cost automated re-engagement email
15451,122,4,850.19,1,3,4,At Risk,High-value win-back offer with targeted discount
15452,85,2,164.84,2,1,2,Lost Customers,Low-cost automated re-engagement email
15453,118,2,493.33,2,1,4,Lost Customers,Low-cost automated re-engagement email
15454,24,6,2052.03,5,4,5,Champions,"VIP rewards, early access to new collections"
15455,112,7,1816.69,2,4,5,At Risk,High-value win-back offer with targeted discount
15456,125,4,319.27,1,3,3,At Risk,High-value win-back offer with targeted discount
15457,64,4,327.0,3,3,3,Loyal Customers,"Cross-sell complimentary products, points incentive"
15458,70,3,149.33,3,2,2,Lost Customers,Low-cost automated re-engagement email
15459,54,4,288.76,4,3,3,Loyal Customers,"Cross-sell complimentary products, points incentive"
15460,63,17,745.35,3,5,4,Loyal Customers,"Cross-sell complimentary products, points incentive"
15461,76,8,679.58,3,5,4,Loyal Customers,"Cross-sell complimentary products, points incentive"
15462,82,4,352.65,3,3,3,Loyal Customers,"Cross-sell complimentary products, points incentive"
15463,33,3,124.14,5,2,1,New Customers,Welcome onboarding campaign to drive 2nd purchase
15464,38,3,3027.42,4,2,5,New Customers,Welcome onboarding campaign to drive 2nd purchase
15465,105,2,235.01,2,1,2,Lost Customers,Low-cost automated re-engagement email
15466,87,3,864.21,2,2,4,Lost Customers,Low-cost automated re-engagement email
15467,35,6,1591.31,4,4,5,Champions,"VIP rewards, early access to new collections"
15468,61,2,1034.67,3,1,5,Lost Customers,Low-cost automated re-engagement email
15469,204,3,119.38,1,2,1,Lost Customers,Low-cost automated re-engagement email
15470,7,2,110.21,5,1,1,New Customers,Welcome onboarding campaign to drive 2nd purchase
15471,4,7,123.13,5,4,1,Lost Customers,Low-cost automated re-engagement email
15472,8,2,41.98,5,1,1,New Customers,Welcome onboarding campaign to drive 2nd purchase
15473,257,6,217.67,1,4,2,Lost Customers,Low-cost automated re-engagement email
15474,27,8,628.16,5,5,4,Champions,"VIP rewards, early access to new collections"
15475,52,3,248.11,4,2,2,New Customers,Welcome onboarding campaign to drive 2nd purchase
15476,99,2,3135.91,2,1,5,Lost Customers,Low-cost automated re-engagement email
15477,95,5,707.95,2,4,4,At Risk,High-value win-back offer with targeted discount
15478,55,12,2586.69,4,5,5,Champions,"VIP rewards, early access to new collections"
15479,167,10,1022.95,1,5,5,At Risk,High-value win-back offer with targeted discount
15480,115,4,110.48,2,3,1,Lost Customers,Low-cost automated re-engagement email
15481,40,2,235.14,4,1,2,New Customers,Welcome onboarding campaign to drive 2nd purchase
15482,28,3,63.17,5,2,1,New Customers,Welcome onboarding campaign to drive 2nd purchase
15483,75,1,76.52,3,1,1,Lost Customers,Low-cost automated re-engagement email
15484,119,3,483.86,2,2,4,Lost Customers,Low-cost automated re-engagement email
15485,207,5,265.32,1,4,3,At Risk,High-value win-back offer with targeted discount
15486,84,3,321.25,2,2,3,Lost Customers,Low-cost automated re-engagement email
15487,50,3,157.09,4,2,2,New Customers,Welcome onboarding campaign to drive 2nd purchase
15488,157,4,133.14,1,3,1,Lost Customers,Low-cost automated re-engagement email
15489,143,3,418.92,1,2,3,Lost Customers,Low-cost automated re-engagement email
15490,114,7,1613.27,2,4,5,At Risk,High-value win-back offer with targeted discount
15491,23,2,459.89,5,1,3,New Customers,Welcome onboarding campaign to drive 2nd purchase
15492,52,6,434.71,4,4,3,Loyal Customers,"Cross-sell complimentary products, points incentive"
15493,58,4,50.81,3,3,1,Lost Customers,Low-cost automated re-engagement email
15494,114,5,487.32,2,4,4,At Risk,High-value win-back offer with targeted discount
15495,11,2,564.29,5,1,4,New Customers,Welcome onboarding campaign to drive 2nd purchase
15496,49,7,192.99,4,4,2,Lost Customers,Low-cost automated re-engagement email
15497,68,6,2682.71,3,4,5,Loyal Customers,"Cross-sell complimentary products, points incentive"
15498,56,13,183.44,4,5,2,Lost Customers,Low-cost automated re-engagement email
15499,193,2,257.35,1,1,2,Lost Customers,Low-cost automated re-engagement email
15500,134,3,569.86,1,2,4,Lost Customers,Low-cost automated re-engagement email
15501,133,1,337.44,1,1,3,Lost Customers,Low-cost automated re-engagement email
15502,46,2,272.12,4,1,3,New Customers,Welcome onboarding campaign to drive 2nd purchase
15503,77,11,738.9,3,5,4,Loyal Customers,"Cross-sell complimentary products, points incentive"
15504,32,5,523.59,5,4,4,Champions,"VIP rewards, early access to new collections"
15505,33,2,97.42,5,1,1,New Customers,Welcome onboarding campaign to drive 2nd purchase
15506,134,4,60.07,1,3,1,Lost Customers,Low-cost automated re-engagement email
15507,119,4,289.6,2,3,3,At Risk,High-value win-back offer with targeted discount
15508,30,1,140.05,5,1,2,New Customers,Welcome onboarding campaign to drive 2nd purchase
15509,73,1,226.59,3,1,2,Lost Customers,Low-cost automated re-engagement email
15510,16,9,523.22,5,5,4,Champions,"VIP rewards, early access to new collections"
15511,98,6,2041.03,2,4,5,At Risk,High-value win-back offer with targeted discount
15512,30,2,154.78,5,1,2,New Customers,Welcome onboarding campaign to drive 2nd purchase
15513,73,3,415.43,3,2,3,Lost Customers,Low-cost automated re-engagement email
15514,203,2,352.3,1,1,3,Lost Customers,Low-cost automated re-engagement email
15515,26,8,755.59,5,5,4,Champions,"VIP rewards, early access to new collections"
15516,87,5,414.84,2,4,3,At Risk,High-value win-back offer with targeted discount
15517,65,2,731.11,3,1,4,Lost Customers,Low-cost automated re-engagement email
15518,24,4,78.04,5,3,1,Lost Customers,Low-cost automated re-engagement email
15519,37,4,374.08,4,3,3,Loyal Customers,"Cross-sell complimentary products, points incentive"
15520,92,4,69.08,2,3,1,Lost Customers,Low-cost automated re-engagement email
15521,57,3,53.56,3,2,1,Lost Customers,Low-cost automated re-engagement email
15522,170,4,343.27,1,3,3,At Risk,High-value win-back offer with targeted discount
15523,95,2,112.15,2,1,1,Lost Customers,Low-cost automated re-engagement email
15524,28,2,1169.34,5,1,5,New Customers,Welcome onboarding campaign to drive 2nd purchase
15525,123,2,143.32,1,1,2,Lost Customers,Low-cost automated re-engagement email
15526,133,2,500.09,1,1,4,Lost Customers,Low-cost automated re-engagement email
15527,82,5,471.5,3,4,4,Loyal Customers,"Cross-sell complimentary products, points incentive"
15528,101,5,152.63,2,4,2,Lost Customers,Low-cost automated re-engagement email
15529,82,11,202.66,3,5,2,Lost Customers,Low-cost automated re-engagement email
15530,153,3,79.14,1,2,1,Lost Customers,Low-cost automated re-engagement email
15531,141,6,725.52,1,4,4,At Risk,High-value win-back offer with targeted discount
15532,16,4,1515.81,5,3,5,Loyal Customers,"Cross-sell complimentary products, points incentive"
15533,15,5,197.78,5,4,2,Lost Customers,Low-cost automated re-engagement email
15534,58,7,1339.4,3,4,5,Loyal Customers,"Cross-sell complimentary products, points incentive"
15535,118,6,458.61,2,4,3,At Risk,High-value win-back offer with targeted discount
15536,150,4,138.09,1,3,2,Lost Customers,Low-cost automated re-engagement email
15537,51,3,371.58,4,2,3,New Customers,Welcome onboarding campaign to drive 2nd purchase
15538,57,5,1885.09,3,4,5,Loyal Customers,"Cross-sell complimentary products, points incentive"
15539,53,10,841.06,4,5,4,Champions,"VIP rewards, early access to new collections"
15540,63,4,759.67,3,3,4,Loyal Customers,"Cross-sell complimentary products, points incentive"
15541,76,3,356.52,3,2,3,Lost Customers,Low-cost automated re-engagement email
15542,47,7,833.17,4,4,4,Champions,"VIP rewards, early access to new collections"
15543,53,2,87.39,4,1,1,New Customers,Welcome onboarding campaign to drive 2nd purchase
15544,89,3,420.04,2,2,3,Lost Customers,Low-cost automated re-engagement email
15545,22,2,48.31,5,1,1,New Customers,Welcome onboarding campaign to drive 2nd purchase
15546,216,4,498.45,1,3,4,At Risk,High-value win-back offer with targeted discount
15547,115,9,2786.39,2,5,5,At Risk,High-value win-back offer with targeted discount
15548,165,6,2738.87,1,4,5,At Risk,High-value win-back offer with targeted discount
15549,31,1,35.23,5,1,1,New Customers,Welcome onboarding campaign to drive 2nd purchase
15550,41,3,401.89,4,2,3,New Customers,Welcome onboarding campaign to drive 2nd purchase
15551,5,2,95.43,5,1,1,New Customers,Welcome onboarding campaign to drive 2nd purchase
15552,70,8,817.22,3,5,4,Loyal Customers,"Cross-sell complimentary products, points incentive"
15553,71,3,1523.18,3,2,5,Lost Customers,Low-cost automated re-engagement email
15554,83,4,793.35,2,3,4,At Risk,High-value win-back offer with targeted discount
15555,14,4,200.15,5,3,2,Lost Customers,Low-cost automated re-engagement email
15556,66,4,190.25,3,3,2,Lost Customers,Low-cost automated re-engagement email
15557,86,1,91.4,2,1,1,Lost Customers,Low-cost automated re-engagement email
15558,96,5,485.87,2,4,4,At Risk,High-value win-back offer with targeted discount
15559,43,3,304.36,4,2,3,New Customers,Welcome onboarding campaign to drive 2nd purchase
15560,237,7,164.95,1,4,2,Lost Customers,Low-cost automated re-engagement email
15561,56,4,2176.53,4,3,5,Loyal Customers,"Cross-sell complimentary products, points incentive"
15562,75,6,3568.34,3,4,5,Loyal Customers,"Cross-sell complimentary products, points incentive"
15563,51,2,277.15,4,1,3,New Customers,Welcome onboarding campaign to drive 2nd purchase
15564,43,2,82.27,4,1,1,New Customers,Welcome onboarding campaign to drive 2nd purchase
15565,107,7,358.39,2,4,3,At Risk,High-value win-back offer with targeted discount
15566,14,6,231.37,5,4,2,Lost Customers,Low-cost automated re-engagement email
15567,112,4,142.22,2,3,2,Lost Customers,Low-cost automated re-engagement email
15568,74,4,203.5,3,3,2,Lost Customers,Low-cost automated re-engagement email
15569,59,5,658.21,3,4,4,Loyal Customers,"Cross-sell complimentary products, points incentive"
15570,23,2,202.1,5,1,2,New Customers,Welcome onboarding campaign to drive 2nd purchase
15571,69,8,2839.08,3,5,5,Loyal Customers,"Cross-sell complimentary products, points incentive"
15572,106,3,68.56,2,2,1,Lost Customers,Low-cost automated re-engagement email
15573,76,4,162.96,3,3,2,Lost Customers,Low-cost automated re-engagement email
15574,64,3,44.63,3,2,1,Lost Customers,Low-cost automated re-engagement email
15575,56,1,102.54,4,1,1,New Customers,Welcome onboarding campaign to drive 2nd purchase
15576,47,6,2280.93,4,4,5,Champions,"VIP rewards, early access to new collections"
15577,25,2,117.68,5,1,1,New Customers,Welcome onboarding campaign to drive 2nd purchase
15578,105,4,1230.5,2,3,5,At Risk,High-value win-back offer with targeted discount
15579,80,2,336.14,3,1,3,Lost Customers,Low-cost automated re-engagement email
15580,110,3,589.17,2,2,4,Lost Customers,Low-cost automated re-engagement email
15581,47,3,457.57,4,2,3,New Customers,Welcome onboarding campaign to drive 2nd purchase
15582,59,2,912.37,3,1,5,Lost Customers,Low-cost automated re-engagement email
15583,23,3,225.52,5,2,2,New Customers,Welcome onboarding campaign to drive 2nd purchase
15584,15,3,501.06,5,2,4,New Customers,Welcome onboarding campaign to drive 2nd purchase
15585,72,2,947.74,3,1,5,Lost Customers,Low-cost automated re-engagement email
15586,7,9,322.55,5,5,3,Loyal Customers,"Cross-sell complimentary products, points incentive"
15587,86,2,148.34,2,1,2,Lost Customers,Low-cost automated re-engagement email
15588,42,6,906.02,4,4,5,Champions,"VIP rewards, early access to new collections"
15589,265,6,249.37,1,4,2,Lost Customers,Low-cost automated re-engagement email
15590,68,7,280.13,3,4,3,Loyal Customers,"Cross-sell complimentary products, points incentive"
15591,101,3,1678.38,2,2,5,Lost Customers,Low-cost automated re-engagement email
15592,39,3,130.03,4,2,1,New Customers,Welcome onboarding campaign to drive 2nd purchase
15593,146,3,194.19,1,2,2,Lost Customers,Low-cost automated re-engagement email
15594,154,6,655.95,1,4,4,At Risk,High-value win-back offer with targeted discount
15595,130,3,397.2,1,2,3,Lost Customers,Low-cost automated re-engagement email
15596,233,5,275.54,1,4,3,At Risk,High-value win-back offer with targeted discount
15597,26,3,223.97,5,2,2,New Customers,Welcome onboarding campaign to drive 2nd purchase
15598,107,9,328.84,2,5,3,At Risk,High-value win-back offer with targeted discount
15599,35,4,218.75,4,3,2,Lost Customers,Low-cost automated re-engagement email
15600,27,3,504.93,5,2,4,New Customers,Welcome onboarding campaign to drive 2nd purchase
15601,66,5,1017.64,3,4,5,Loyal Customers,"Cross-sell complimentary products, points incentive"
15602,80,13,2925.73,3,5,5,Loyal Customers,"Cross-sell complimentary products, points incentive"
15603,62,3,268.87,3,2,3,Lost Customers,Low-cost automated re-engagement email
15604,21,8,603.29,5,5,4,Champions,"VIP rewards, early access to new collections"
15605,71,2,55.49,3,1,1,Lost Customers,Low-cost automated re-engagement email
15606,66,4,261.38,3,3,2,Lost Customers,Low-cost automated re-engagement email
15607,28,2,210.45,5,1,2,New Customers,Welcome onboarding campaign to drive 2nd purchase
15608,174,3,719.03,1,2,4,Lost Customers,Low-cost automated re-engagement email
15609,219,2,31.6,1,1,1,Lost Customers,Low-cost automated re-engagement email
15610,74,6,398.86,3,4,3,Loyal Customers,"Cross-sell complimentary products, points incentive"
15611,4,3,35.14,5,2,1,New Customers,Welcome onboarding campaign to drive 2nd purchase
15612,67,6,127.54,3,4,1,Lost Customers,Low-cost automated re-engagement email
15613,141,3,883.89,1,2,4,Lost Customers,Low-cost automated re-engagement email
15614,68,4,111.58,3,3,1,Lost Customers,Low-cost automated re-engagement email
15615,62,11,1091.34,3,5,5,Loyal Customers,"Cross-sell complimentary products, points incentive"
15616,108,2,453.37,2,1,3,Lost Customers,Low-cost automated re-engagement email
15617,267,2,118.14,1,1,1,Lost Customers,Low-cost automated re-engagement email
15618,86,3,89.74,2,2,1,Lost Customers,Low-cost automated re-engagement email
15619,75,4,400.83,3,3,3,Loyal Customers,"Cross-sell complimentary products, points incentive"
15620,162,6,2198.67,1,4,5,At Risk,High-value win-back offer with targeted discount
15621,94,4,879.87,2,3,4,At Risk,High-value win-back offer with targeted discount
15622,202,5,359.93,1,4,3,At Risk,High-value win-back offer with targeted discount
15623,28,2,109.05,5,1,1,New Customers,Welcome onboarding campaign to drive 2nd purchase
15624,28,5,1274.36,5,4,5,Champions,"VIP rewards, early access to new collections"
15625,33,5,120.8,5,4,1,Lost Customers,Low-cost automated re-engagement email
15626,125,6,1255.18,1,4,5,At Risk,High-value win-back offer with targeted discount
15627,86,3,167.53,2,2,2,Lost Customers,Low-cost automated re-engagement email
15628,55,4,94.43,4,3,1,Lost Customers,Low-cost automated re-engagement email
15629,87,6,110.16,2,4,1,Lost Customers,Low-cost automated re-engagement email
15630,137,2,784.26,1,1,4,Lost Customers,Low-cost automated re-engagement email
15631,53,1,75.11,4,1,1,New Customers,Welcome onboarding campaign to drive 2nd purchase
15632,114,2,80.51,2,1,1,Lost Customers,Low-cost automated re-engagement email
15633,48,2,173.09,4,1,2,New Customers,Welcome onboarding campaign to drive 2nd purchase
15634,16,8,430.26,5,5,3,Loyal Customers,"Cross-sell complimentary products, points incentive"
15635,68,17,942.66,3,5,5,Loyal Customers,"Cross-sell complimentary products, points incentive"
15636,14,2,115.18,5,1,1,New Customers,Welcome onboarding campaign to drive 2nd purchase
15637,52,4,362.77,4,3,3,Loyal Customers,"Cross-sell complimentary products, points incentive"
15638,75,3,533.94,3,2,4,Lost Customers,Low-cost automated re-engagement email
15639,33,5,113.68,5,4,1,Lost Customers,Low-cost automated re-engagement email
15640,102,5,1517.53,2,4,5,At Risk,High-value win-back offer with targeted discount
15641,56,2,76.91,4,1,1,New Customers,Welcome onboarding campaign to drive 2nd purchase
15642,104,3,340.08,2,2,3,Lost Customers,Low-cost automated re-engagement email
15643,66,3,256.28,3,2,2,Lost Customers,Low-cost automated re-engagement email
15644,58,9,391.9,3,5,3,Loyal Customers,"Cross-sell complimentary products, points incentive"
15645,34,2,500.16,5,1,4,New Customers,Welcome onboarding campaign to drive 2nd purchase
15646,69,1,44.05,3,1,1,Lost Customers,Low-cost automated re-engagement email
15647,76,10,3227.65,3,5,5,Loyal Customers,"Cross-sell complimentary products, points incentive"
15648,88,5,821.11,2,4,4,At Risk,High-value win-back offer with targeted discount
15649,82,2,91.7,3,1,1,Lost Customers,Low-cost automated re-engagement email
15650,20,5,153.06,5,4,2,Lost Customers,Low-cost automated re-engagement email
15651,133,7,1643.5,1,4,5,At Risk,High-value win-back offer with targeted discount
15652,90,4,128.94,2,3,1,Lost Customers,Low-cost automated re-engagement email
15653,70,10,798.53,3,5,4,Loyal Customers,"Cross-sell complimentary products, points incentive"
15654,87,6,1011.19,2,4,5,At Risk,High-value win-back offer with targeted discount
15655,99,5,683.11,2,4,4,At Risk,High-value win-back offer with targeted discount
15656,225,4,299.99,1,3,3,At Risk,High-value win-back offer with targeted discount
15657,43,4,186.72,4,3,2,Lost Customers,Low-cost automated re-engagement email
15658,44,7,1206.88,4,4,5,Champions,"VIP rewards, early access to new collections"
15659,26,3,49.69,5,2,1,New Customers,Welcome onboarding campaign to drive 2nd purchase
15660,10,8,909.63,5,5,5,Champions,"VIP rewards, early access to new collections"
15661,92,5,140.11,2,4,2,Lost Customers,Low-cost automated re-engagement email
15662,232,4,163.5,1,3,2,Lost Customers,Low-cost automated re-engagement email
15663,54,3,376.19,4,2,3,New Customers,Welcome onboarding campaign to drive 2nd purchase
15664,153,3,137.54,1,2,2,Lost Customers,Low-cost automated re-engagement email
15665,55,5,1275.39,4,4,5,Champions,"VIP rewards, early access to new collections"
15666,148,8,1359.99,1,5,5,At Risk,High-value win-back offer with targeted discount
15667,87,5,240.25,2,4,2,Lost Customers,Low-cost automated re-engagement email
15668,69,2,147.0,3,1,2,Lost Customers,Low-cost automated re-engagement email
15669,43,1,33.34,4,1,1,New Customers,Welcome onboarding campaign to drive 2nd purchase
15670,72,7,964.48,3,4,5,Loyal Customers,"Cross-sell complimentary products, points incentive"
15671,123,29,10706.58,1,5,5,At Risk,High-value win-back offer with targeted discount
15672,39,3,92.11,4,2,1,New Customers,Welcome onboarding campaign to drive 2nd purchase
15673,64,3,319.95,3,2,3,Lost Customers,Low-cost automated re-engagement email
15674,79,7,843.04,3,4,4,Loyal Customers,"Cross-sell complimentary products, points incentive"
15675,120,2,58.45,2,1,1,Lost Customers,Low-cost automated re-engagement email
15676,74,11,399.55,3,5,3,Loyal Customers,"Cross-sell complimentary products, points incentive"
15677,55,5,88.41,4,4,1,Lost Customers,Low-cost automated re-engagement email
15678,83,4,596.49,2,3,4,At Risk,High-value win-back offer with targeted discount
15679,146,2,130.25,1,1,1,Lost Customers,Low-cost automated re-engagement email
15680,94,7,327.94,2,4,3,At Risk,High-value win-back offer with targeted discount
15681,65,3,1731.08,3,2,5,Lost Customers,Low-cost automated re-engagement email
15682,71,6,106.69,3,4,1,Lost Customers,Low-cost automated re-engagement email
15683,28,5,1430.76,5,4,5,Champions,"VIP rewards, early access to new collections"
15684,113,10,129.53,2,5,1,Lost Customers,Low-cost automated re-engagement email
15685,21,4,225.34,5,3,2,Lost Customers,Low-cost automated re-engagement email
15686,48,41,800.22,4,5,4,Champions,"VIP rewards, early access to new collections"
15687,59,6,258.2,3,4,2,Lost Customers,Low-cost automated re-engagement email
15688,48,4,221.29,4,3,2,Lost Customers,Low-cost automated re-engagement email
15689,29,3,142.57,5,2,2,New Customers,Welcome onboarding campaign to drive 2nd purchase
15690,39,7,789.16,4,5,4,Champions,"VIP rewards, early access to new collections"
15691,20,3,595.0,5,2,4,New Customers,Welcome onboarding campaign to drive 2nd purchase
15692,185,2,162.6,1,1,2,Lost Customers,Low-cost automated re-engagement email
15693,44,3,361.28,4,2,3,New Customers,Welcome onboarding campaign to drive 2nd purchase
15694,41,3,1100.48,4,2,5,New Customers,Welcome onboarding campaign to drive 2nd purchase
15695,231,21,1008.61,1,5,5,At Risk,High-value win-back offer with targeted discount
15696,15,5,1015.28,5,4,5,Champions,"VIP rewards, early access to new collections"
15697,101,2,1747.91,2,1,5,Lost Customers,Low-cost automated re-engagement email
15698,70,8,3685.52,3,5,5,Loyal Customers,"Cross-sell complimentary products, points incentive"
15699,29,4,1560.38,5,3,5,Loyal Customers,"Cross-sell complimentary products, points incentive"
15700,74,10,1733.48,3,5,5,Loyal Customers,"Cross-sell complimentary products, points incentive"
15701,205,16,4058.76,1,5,5,At Risk,High-value win-back offer with targeted discount
15702,101,2,116.48,2,1,1,Lost Customers,Low-cost automated re-engagement email
15703,91,1,83.66,2,1,1,Lost Customers,Low-cost automated re-engagement email
15704,23,17,1280.97,5,5,5,Champions,"VIP rewards, early access to new collections"
15705,34,2,99.1,5,1,1,New Customers,Welcome onboarding campaign to drive 2nd purchase
15706,16,1,102.71,5,1,1,New Customers,Welcome onboarding campaign to drive 2nd purchase
15707,72,3,168.41,3,2,2,Lost Customers,Low-cost automated re-engagement email
15708,69,2,190.41,3,1,2,Lost Customers,Low-cost automated re-engagement email
15709,34,2,51.96,5,1,1,New Customers,Welcome onboarding campaign to drive 2nd purchase
15710,123,7,389.87,1,5,3,At Risk,High-value win-back offer with targeted discount
15711,21,3,882.43,5,2,4,New Customers,Welcome onboarding campaign to drive 2nd purchase
15712,37,1,107.28,4,1,1,New Customers,Welcome onboarding campaign to drive 2nd purchase
15713,73,4,1196.95,3,3,5,Loyal Customers,"Cross-sell complimentary products, points incentive"
15714,24,2,104.39,5,1,1,New Customers,Welcome onboarding campaign to drive 2nd purchase
15715,53,3,215.97,4,2,2,New Customers,Welcome onboarding campaign to drive 2nd purchase
15716,39,3,327.68,4,2,3,New Customers,Welcome onboarding campaign to drive 2nd purchase
15717,82,7,528.84,3,5,4,Loyal Customers,"Cross-sell complimentary products, points incentive"
15718,20,3,77.0,5,2,1,New Customers,Welcome onboarding campaign to drive 2nd purchase
15719,8,6,899.58,5,4,4,Champions,"VIP rewards, early access to new collections"
15720,23,1,37.08,5,1,1,New Customers,Welcome onboarding campaign to drive 2nd purchase
15721,125,7,624.24,1,5,4,At Risk,High-value win-back offer with targeted discount
15722,118,10,132.31,2,5,1,Lost Customers,Low-cost automated re-engagement email
15723,31,3,150.64,5,2,2,New Customers,Welcome onboarding campaign to drive 2nd purchase
15724,64,2,160.7,3,1,2,Lost Customers,Low-cost automated re-engagement email
15725,68,2,298.37,3,1,3,Lost Customers,Low-cost automated re-engagement email
15726,19,4,118.44,5,3,1,Lost Customers,Low-cost automated re-engagement email
15727,40,9,363.27,4,5,3,Loyal Customers,"Cross-sell complimentary products, points incentive"
15728,57,3,1321.44,3,2,5,Lost Customers,Low-cost automated re-engagement email
15729,6,9,4750.12,5,5,5,Champions,"VIP rewards, early access to new collections"
15730,73,2,286.11,3,1,3,Lost Customers,Low-cost automated re-engagement email
15731,95,3,854.31,2,2,4,Lost Customers,Low-cost automated re-engagement email
15732,79,4,252.37,3,3,2,Lost Customers,Low-cost automated re-engagement email
15733,111,4,648.25,2,3,4,At Risk,High-value win-back offer with targeted discount
15734,92,3,464.69,2,2,4,Lost Customers,Low-cost automated re-engagement email
15735,123,10,385.73,1,5,3,At Risk,High-value win-back offer with targeted discount
15736,9,10,1074.32,5,5,5,Champions,"VIP rewards, early access to new collections"
15737,49,3,207.02,4,2,2,New Customers,Welcome onboarding campaign to drive 2nd purchase
15738,28,3,376.03,5,2,3,New Customers,Welcome onboarding campaign to drive 2nd purchase
15739,9,3,166.84,5,2,2,New Customers,Welcome onboarding campaign to drive 2nd purchase
15740,60,8,194.43,3,5,2,Lost Customers,Low-cost automated re-engagement email
15741,127,2,182.85,1,1,2,Lost Customers,Low-cost automated re-engagement email
15742,41,2,380.2,4,1,3,New Customers,Welcome onboarding campaign to drive 2nd purchase
15743,85,2,380.25,2,1,3,Lost Customers,Low-cost automated re-engagement email
15744,154,6,109.2,1,4,1,Lost Customers,Low-cost automated re-engagement email
15745,55,2,212.16,4,1,2,New Customers,Welcome onboarding campaign to drive 2nd purchase
15746,138,3,501.86,1,2,4,Lost Customers,Low-cost automated re-engagement email
15747,129,4,407.33,1,3,3,At Risk,High-value win-back offer with targeted discount
15748,84,1,196.01,2,1,2,Lost Customers,Low-cost automated re-engagement email
15749,22,4,101.17,5,3,1,Lost Customers,Low-cost automated re-engagement email
15750,9,3,96.36,5,2,1,New Customers,Welcome onboarding campaign to drive 2nd purchase
15751,37,1,153.0,4,1,2,New Customers,Welcome onboarding campaign to drive 2nd purchase
15752,47,4,263.18,4,3,3,Loyal Customers,"Cross-sell complimentary products, points incentive"
15753,55,5,1293.52,4,4,5,Champions,"VIP rewards, early access to new collections"
15754,102,4,474.57,2,3,4,At Risk,High-value win-back offer with targeted discount
15755,36,5,201.06,4,4,2,Lost Customers,Low-cost automated re-engagement email
15756,104,5,192.14,2,4,2,Lost Customers,Low-cost automated re-engagement email
15757,193,6,99.75,1,4,1,Lost Customers,Low-cost automated re-engagement email
15758,58,2,334.25,3,1,3,Lost Customers,Low-cost automated re-engagement email
15759,78,2,162.08,3,1,2,Lost Customers,Low-cost automated re-engagement email
15760,185,2,410.69,1,1,3,Lost Customers,Low-cost automated re-engagement email
15761,114,2,227.04,2,1,2,Lost Customers,Low-cost automated re-engagement email
15762,37,17,1696.41,4,5,5,Champions,"VIP rewards, early access to new collections"
15763,203,2,375.03,1,1,3,Lost Customers,Low-cost automated re-engagement email
15764,76,3,247.27,3,2,2,Lost Customers,Low-cost automated re-engagement email
15765,40,3,200.23,4,2,2,New Customers,Welcome onboarding campaign to drive 2nd purchase
15766,14,3,270.02,5,2,3,New Customers,Welcome onboarding campaign to drive 2nd purchase
15767,36,15,2880.23,4,5,5,Champions,"VIP rewards, early access to new collections"
15768,74,1,38.57,3,1,1,Lost Customers,Low-cost automated re-engagement email
15769,28,20,4138.05,5,5,5,Champions,"VIP rewards, early access to new collections"
15770,32,4,381.2,5,3,3,Loyal Customers,"Cross-sell complimentary products, points incentive"
15771,159,8,509.68,1,5,4,At Risk,High-value win-back offer with targeted discount
15772,77,4,424.63,3,3,3,Loyal Customers,"Cross-sell complimentary products, points incentive"
15773,16,7,1816.5,5,5,5,Champions,"VIP rewards, early access to new collections"
15774,108,2,515.54,2,1,4,Lost Customers,Low-cost automated re-engagement email
15775,9,2,256.22,5,1,2,New Customers,Welcome onboarding campaign to drive 2nd purchase
15776,74,27,4269.37,3,5,5,Loyal Customers,"Cross-sell complimentary products, points incentive"
15777,67,16,1497.42,3,5,5,Loyal Customers,"Cross-sell complimentary products, points incentive"
15778,268,2,106.36,1,1,1,Lost Customers,Low-cost automated re-engagement email
15779,134,6,806.07,1,4,4,At Risk,High-value win-back offer with targeted discount
15780,64,9,540.93,3,5,4,Loyal Customers,"Cross-sell complimentary products, points incentive"
15781,120,6,214.41,2,4,2,Lost Customers,Low-cost automated re-engagement email
15782,10,3,184.66,5,2,2,New Customers,Welcome onboarding campaign to drive 2nd purchase
15783,67,17,349.09,3,5,3,Loyal Customers,"Cross-sell complimentary products, points incentive"
15784,39,6,177.17,4,4,2,Lost Customers,Low-cost automated re-engagement email
15785,73,2,1118.05,3,1,5,Lost Customers,Low-cost automated re-engagement email
15786,8,3,743.95,5,2,4,New Customers,Welcome onboarding campaign to drive 2nd purchase
15787,105,2,145.04,2,1,2,Lost Customers,Low-cost automated re-engagement email
15788,92,4,576.06,2,3,4,At Risk,High-value win-back offer with targeted discount
15789,137,3,114.79,1,2,1,Lost Customers,Low-cost automated re-engagement email
15790,47,7,1142.92,4,5,5,Champions,"VIP rewards, early access to new collections"
15791,108,7,797.12,2,5,4,At Risk,High-value win-back offer with targeted discount
15792,215,5,238.65,1,4,2,Lost Customers,Low-cost automated re-engagement email
15793,52,5,336.46,4,4,3,Loyal Customers,"Cross-sell complimentary products, points incentive"
15794,19,8,505.74,5,5,4,Champions,"VIP rewards, early access to new collections"
15795,104,3,580.34,2,2,4,Lost Customers,Low-cost automated re-engagement email
15796,49,1,83.66,4,1,1,New Customers,Welcome onboarding campaign to drive 2nd purchase
15797,27,18,391.52,5,5,3,Loyal Customers,"Cross-sell complimentary products, points incentive"
15798,32,2,120.2,5,1,1,New Customers,Welcome onboarding campaign to drive 2nd purchase
15799,16,6,267.1,5,4,3,Loyal Customers,"Cross-sell complimentary products, points incentive"
15800,27,3,71.41,5,2,1,New Customers,Welcome onboarding campaign to drive 2nd purchase
15801,87,11,499.11,2,5,4,At Risk,High-value win-back offer with targeted discount
15802,90,2,25.8,2,1,1,Lost Customers,Low-cost automated re-engagement email
15803,34,2,77.9,5,1,1,New Customers,Welcome onboarding campaign to drive 2nd purchase
15804,259,3,322.18,1,2,3,Lost Customers,Low-cost automated re-engagement email
15805,72,6,812.5,3,4,4,Loyal Customers,"Cross-sell complimentary products, points incentive"
15806,83,4,566.46,2,3,4,At Risk,High-value win-back offer with targeted discount
15807,96,6,1278.42,2,4,5,At Risk,High-value win-back offer with targeted discount
15808,36,4,1048.53,4,3,5,Loyal Customers,"Cross-sell complimentary products, points incentive"
15809,124,7,250.59,1,5,2,Lost Customers,Low-cost automated re-engagement email
15810,14,8,208.61,5,5,2,Lost Customers,Low-cost automated re-engagement email
15811,24,12,1122.41,5,5,5,Champions,"VIP rewards, early access to new collections"
15812,37,5,736.11,4,4,4,Champions,"VIP rewards, early access to new collections"
15813,78,5,212.22,3,4,2,Lost Customers,Low-cost automated re-engagement email
15814,20,14,1599.17,5,5,5,Champions,"VIP rewards, early access to new collections"
15815,22,9,4177.66,5,5,5,Champions,"VIP rewards, early access to new collections"
15816,171,6,162.25,1,4,2,Lost Customers,Low-cost automated re-engagement email
15817,157,2,180.99,1,1,2,Lost Customers,Low-cost automated re-engagement email
15818,19,1,229.26,5,1,2,New Customers,Welcome onboarding campaign to drive 2nd purchase
15819,34,6,452.03,5,4,3,Loyal Customers,"Cross-sell complimentary products, points incentive"
15820,63,6,783.16,3,4,4,Loyal Customers,"Cross-sell complimentary products, points incentive"
15821,101,2,408.4,2,1,3,Lost Customers,Low-cost automated re-engagement email
15822,46,5,343.06,4,4,3,Loyal Customers,"Cross-sell complimentary products, points incentive"
15823,41,2,69.28,4,1,1,New Customers,Welcome onboarding campaign to drive 2nd purchase
15824,144,6,493.24,1,4,4,At Risk,High-value win-back offer with targeted discount
15825,36,6,201.65,4,4,2,Lost Customers,Low-cost automated re-engagement email
15826,52,6,329.11,4,4,3,Loyal Customers,"Cross-sell complimentary products, points incentive"
15827,94,5,669.94,2,4,4,At Risk,High-value win-back offer with targeted discount
15828,97,3,317.87,2,2,3,Lost Customers,Low-cost automated re-engagement email
15829,90,3,662.92,2,2,4,Lost Customers,Low-cost automated re-engagement email
15830,86,9,998.28,2,5,5,At Risk,High-value win-back offer with targeted discount
15831,78,5,223.12,3,4,2,Lost Customers,Low-cost automated re-engagement email
15832,55,5,183.53,4,4,2,Lost Customers,Low-cost automated re-engagement email
15833,124,4,633.53,1,3,4,At Risk,High-value win-back offer with targeted discount
15834,100,6,670.45,2,4,4,At Risk,High-value win-back offer with targeted discount
15835,40,8,605.8,4,5,4,Champions,"VIP rewards, early access to new collections"
15836,53,3,366.33,4,2,3,New Customers,Welcome onboarding campaign to drive 2nd purchase
15837,22,6,286.55,5,4,3,Loyal Customers,"Cross-sell complimentary products, points incentive"
15838,45,3,29.89,4,2,1,New Customers,Welcome onboarding campaign to drive 2nd purchase
15839,25,5,1150.48,5,4,5,Champions,"VIP rewards, early access to new collections"
15840,127,7,1129.97,1,5,5,At Risk,High-value win-back offer with targeted discount
15841,296,2,166.48,1,1,2,Lost Customers,Low-cost automated re-engagement email
15842,23,2,80.19,5,1,1,New Customers,Welcome onboarding campaign to drive 2nd purchase
15843,57,2,148.56,3,1,2,Lost Customers,Low-cost automated re-engagement email
15844,50,2,37.96,4,1,1,New Customers,Welcome onboarding campaign to drive 2nd purchase
15845,7,3,299.37,5,2,3,New Customers,Welcome onboarding campaign to drive 2nd purchase
15846,38,13,204.93,4,5,2,Lost Customers,Low-cost automated re-engagement email
15847,209,9,891.74,1,5,4,At Risk,High-value win-back offer with targeted discount
15848,74,3,143.13,3,2,2,Lost Customers,Low-cost automated re-engagement email
15849,58,7,551.74,3,5,4,Loyal Customers,"Cross-sell complimentary products, points incentive"
15850,25,4,129.16,5,3,1,Lost Customers,Low-cost automated re-engagement email
15851,115,5,1749.0,2,4,5,At Risk,High-value win-back offer with targeted discount
15852,44,2,249.04,4,1,2,New Customers,Welcome onboarding campaign to drive 2nd purchase
15853,36,2,96.88,4,1,1,New Customers,Welcome onboarding campaign to drive 2nd purchase
15854,107,6,459.54,2,4,3,At Risk,High-value win-back offer with targeted discount
15855,58,4,1528.08,3,3,5,Loyal Customers,"Cross-sell complimentary products, points incentive"
15856,29,6,229.74,5,4,2,Lost Customers,Low-cost automated re-engagement email
15857,113,12,396.96,2,5,3,At Risk,High-value win-back offer with targeted discount
15858,72,3,95.49,3,2,1,Lost Customers,Low-cost automated re-engagement email
15859,114,3,146.27,2,2,2,Lost Customers,Low-cost automated re-engagement email
15860,60,14,4839.71,3,5,5,Loyal Customers,"Cross-sell complimentary products, points incentive"
15861,311,4,217.55,1,3,2,Lost Customers,Low-cost automated re-engagement email
15862,14,2,123.7,5,1,1,New Customers,Welcome onboarding campaign to drive 2nd purchase
15863,288,6,647.58,1,4,4,At Risk,High-value win-back offer with targeted discount
15864,41,3,262.58,4,2,2,New Customers,Welcome onboarding campaign to drive 2nd purchase
15865,15,2,430.81,5,1,3,New Customers,Welcome onboarding campaign to drive 2nd purchase
15866,77,4,754.05,3,3,4,Loyal Customers,"Cross-sell complimentary products, points incentive"
15867,143,7,845.95,1,5,4,At Risk,High-value win-back offer with targeted discount
15868,89,2,146.4,2,1,2,Lost Customers,Low-cost automated re-engagement email
15869,11,2,427.09,5,1,3,New Customers,Welcome onboarding campaign to drive 2nd purchase
15870,13,4,177.29,5,3,2,Lost Customers,Low-cost automated re-engagement email
15871,16,2,83.68,5,1,1,New Customers,Welcome onboarding campaign to drive 2nd purchase
15872,38,2,124.71,4,1,1,New Customers,Welcome onboarding campaign to drive 2nd purchase
15873,19,4,1024.41,5,3,5,Loyal Customers,"Cross-sell complimentary products, points incentive"
15874,53,9,381.46,4,5,3,Loyal Customers,"Cross-sell complimentary products, points incentive"
15875,9,7,367.08,5,5,3,Loyal Customers,"Cross-sell complimentary products, points incentive"
15876,56,4,421.1,4,3,3,Loyal Customers,"Cross-sell complimentary products, points incentive"
15877,86,10,855.43,2,5,4,At Risk,High-value win-back offer with targeted discount
15878,143,14,895.66,1,5,4,At Risk,High-value win-back offer with targeted discount
15879,76,5,685.24,3,4,4,Loyal Customers,"Cross-sell complimentary products, points incentive"
15880,165,3,176.41,1,2,2,Lost Customers,Low-cost automated re-engagement email
15881,76,12,2794.29,3,5,5,Loyal Customers,"Cross-sell complimentary products, points incentive"
15882,21,12,1337.53,5,5,5,Champions,"VIP rewards, early access to new collections"
15883,49,5,1123.58,4,4,5,Champions,"VIP rewards, early access to new collections"
15884,36,9,397.68,4,5,3,Loyal Customers,"Cross-sell complimentary products, points incentive"
15885,68,2,157.55,3,1,2,Lost Customers,Low-cost automated re-engagement email
15886,7,1,16.32,5,1,1,New Customers,Welcome onboarding campaign to drive 2nd purchase
15887,154,2,599.77,1,1,4,Lost Customers,Low-cost automated re-engagement email
15888,104,4,2837.83,2,3,5,At Risk,High-value win-back offer with targeted discount
15889,64,4,277.82,3,3,3,Loyal Customers,"Cross-sell complimentary products, points incentive"
15890,300,8,1007.17,1,5,5,At Risk,High-value win-back offer with targeted discount
15891,208,2,199.35,1,1,2,Lost Customers,Low-cost automated re-engagement email
15892,97,2,56.28,2,1,1,Lost Customers,Low-cost automated re-engagement email
15893,66,7,1936.48,3,5,5,Loyal Customers,"Cross-sell complimentary products, points incentive"
15894,53,2,140.61,4,1,2,New Customers,Welcome onboarding campaign to drive 2nd purchase
15895,49,3,42.74,4,2,1,New Customers,Welcome onboarding campaign to drive 2nd purchase
15896,35,4,189.05,4,3,2,Lost Customers,Low-cost automated re-engagement email
15897,35,2,51.33,4,1,1,New Customers,Welcome onboarding campaign to drive 2nd purchase
15898,61,6,602.9,3,4,4,Loyal Customers,"Cross-sell complimentary products, points incentive"
15899,136,1,99.94,1,1,1,Lost Customers,Low-cost automated re-engagement email
15900,61,15,3926.87,3,5,5,Loyal Customers,"Cross-sell complimentary products, points incentive"
15901,18,3,1401.7,5,2,5,New Customers,Welcome onboarding campaign to drive 2nd purchase
15902,50,3,1508.57,4,2,5,New Customers,Welcome onboarding campaign to drive 2nd purchase
15903,27,29,1037.4,5,5,5,Champions,"VIP rewards, early access to new collections"
15904,182,2,314.34,1,1,3,Lost Customers,Low-cost automated re-engagement email
15905,7,2,368.82,5,1,3,New Customers,Welcome onboarding campaign to drive 2nd purchase
15906,65,11,618.17,3,5,4,Loyal Customers,"Cross-sell complimentary products, points incentive"
15907,25,1,116.56,5,1,1,New Customers,Welcome onboarding campaign to drive 2nd purchase
15908,53,5,644.73,4,4,4,Champions,"VIP rewards, early access to new collections"
15909,65,3,174.52,3,2,2,Lost Customers,Low-cost automated re-engagement email
15910,119,1,285.36,2,1,3,Lost Customers,Low-cost automated re-engagement email
15911,45,6,667.39,4,4,4,Champions,"VIP rewards, early access to new collections"
15912,63,6,462.78,3,4,3,Loyal Customers,"Cross-sell complimentary products, points incentive"
15913,155,4,119.71,1,3,1,Lost Customers,Low-cost automated re-engagement email
15914,155,18,4566.8,1,5,5,At Risk,High-value win-back offer with targeted discount
15915,252,2,192.6,1,1,2,Lost Customers,Low-cost automated re-engagement email
15916,29,7,676.12,5,5,4,Champions,"VIP rewards, early access to new collections"
15917,255,5,210.17,1,4,2,Lost Customers,Low-cost automated re-engagement email
15918,50,8,1609.79,4,5,5,Champions,"VIP rewards, early access to new collections"
15919,178,3,97.25,1,2,1,Lost Customers,Low-cost automated re-engagement email
15920,115,2,24.68,2,1,1,Lost Customers,Low-cost automated re-engagement email
15921,43,2,95.13,4,1,1,New Customers,Welcome onboarding campaign to drive 2nd purchase
15922,222,4,492.07,1,3,4,At Risk,High-value win-back offer with targeted discount
15923,165,6,732.39,1,4,4,At Risk,High-value win-back offer with targeted discount
15924,21,4,408.6,5,3,3,Loyal Customers,"Cross-sell complimentary products, points incentive"
15925,46,4,308.4,4,3,3,Loyal Customers,"Cross-sell complimentary products, points incentive"
15926,105,14,1453.62,2,5,5,At Risk,High-value win-back offer with targeted discount
15927,17,4,4724.71,5,3,5,Loyal Customers,"Cross-sell complimentary products, points incentive"
15928,60,3,338.13,3,2,3,Lost Customers,Low-cost automated re-engagement email
15929,136,5,307.75,1,4,3,At Risk,High-value win-back offer with targeted discount
15930,59,1,81.92,3,1,1,Lost Customers,Low-cost automated re-engagement email
15931,76,1,74.69,3,1,1,Lost Customers,Low-cost automated re-engagement email
15932,129,3,287.44,1,2,3,Lost Customers,Low-cost automated re-engagement email
15933,89,2,79.27,2,1,1,Lost Customers,Low-cost automated re-engagement email
15934,59,3,554.27,3,2,4,Lost Customers,Low-cost automated re-engagement email
15935,176,8,940.69,1,5,5,At Risk,High-value win-back offer with targeted discount
15936,70,6,265.49,3,4,3,Loyal Customers,"Cross-sell complimentary products, points incentive"
15937,65,4,901.52,3,3,4,Loyal Customers,"Cross-sell complimentary products, points incentive"
15938,174,4,64.97,1,3,1,Lost Customers,Low-cost automated re-engagement email
15939,92,3,1874.18,2,2,5,Lost Customers,Low-cost automated re-engagement email
15940,25,7,3437.82,5,5,5,Champions,"VIP rewards, early access to new collections"
15941,28,7,2976.6,5,5,5,Champions,"VIP rewards, early access to new collections"
15942,36,8,460.62,4,5,3,Loyal Customers,"Cross-sell complimentary products, points incentive"
15943,133,8,894.3,1,5,4,At Risk,High-value win-back offer with targeted discount
15944,123,4,205.75,1,3,2,Lost Customers,Low-cost automated re-engagement email
15945,75,2,265.27,3,1,3,Lost Customers,Low-cost automated re-engagement email
15946,29,3,274.55,5,2,3,New Customers,Welcome onboarding campaign to drive 2nd purchase
15947,49,4,237.95,4,3,2,Lost Customers,Low-cost automated re-engagement email
15948,162,2,117.84,1,1,1,Lost Customers,Low-cost automated re-engagement email
15949,58,13,1260.4,3,5,5,Loyal Customers,"Cross-sell complimentary products, points incentive"
15950,56,13,16440.85,4,5,5,Champions,"VIP rewards, early access to new collections"
15951,38,4,1165.93,4,3,5,Loyal Customers,"Cross-sell complimentary products, points incentive"
15952,136,8,777.86,1,5,4,At Risk,High-value win-back offer with targeted discount
15953,34,6,458.84,5,4,3,Loyal Customers,"Cross-sell complimentary products, points incentive"
15954,112,3,473.1,2,2,4,Lost Customers,Low-cost automated re-engagement email
15955,44,5,259.25,4,4,2,Lost Customers,Low-cost automated re-engagement email
15956,97,2,146.63,2,1,2,Lost Customers,Low-cost automated re-engagement email
15957,81,2,31.09,3,1,1,Lost Customers,Low-cost automated re-engagement email
15958,62,5,488.43,3,4,4,Loyal Customers,"Cross-sell complimentary products, points incentive"
15959,50,5,499.74,4,4,4,Champions,"VIP rewards, early access to new collections"
15960,87,29,1600.19,2,5,5,At Risk,High-value win-back offer with targeted discount
15961,80,3,405.4,3,2,3,Lost Customers,Low-cost automated re-engagement email
15962,40,3,302.06,4,2,3,New Customers,Welcome onboarding campaign to drive 2nd purchase
15963,147,7,390.45,1,5,3,At Risk,High-value win-back offer with targeted discount
15964,125,4,755.24,1,3,4,At Risk,High-value win-back offer with targeted discount
15965,29,2,153.15,5,1,2,New Customers,Welcome onboarding campaign to drive 2nd purchase
15966,33,3,105.2,5,2,1,New Customers,Welcome onboarding campaign to drive 2nd purchase
15967,10,3,55.34,5,2,1,New Customers,Welcome onboarding campaign to drive 2nd purchase
15968,117,8,2621.0,2,5,5,At Risk,High-value win-back offer with targeted discount
15969,52,5,504.09,4,4,4,Champions,"VIP rewards, early access to new collections"
15970,66,2,194.09,3,1,2,Lost Customers,Low-cost automated re-engagement email
15971,32,15,1298.07,5,5,5,Champions,"VIP rewards, early access to new collections"
15972,66,2,538.82,3,1,4,Lost Customers,Low-cost automated re-engagement email
15973,83,2,204.69,2,1,2,Lost Customers,Low-cost automated re-engagement email
15974,20,9,3263.16,5,5,5,Champions,"VIP rewards, early access to new collections"
15975,82,12,1231.68,3,5,5,Loyal Customers,"Cross-sell complimentary products, points incentive"
15976,79,5,40.54,3,4,1,Lost Customers,Low-cost automated re-engagement email
15977,168,2,563.03,1,1,4,Lost Customers,Low-cost automated re-engagement email
15978,86,4,478.2,2,3,4,At Risk,High-value win-back offer with targeted discount
15979,29,2,114.08,5,1,1,New Customers,Welcome onboarding campaign to drive 2nd purchase
15980,31,25,1786.17,5,5,5,Champions,"VIP rewards, early access to new collections"
15981,78,5,341.2,3,4,3,Loyal Customers,"Cross-sell complimentary products, points incentive"
15982,51,7,206.14,4,5,2,Lost Customers,Low-cost automated re-engagement email
15983,111,3,594.73,2,2,4,Lost Customers,Low-cost automated re-engagement email
15984,19,15,903.95,5,5,5,Champions,"VIP rewards, early access to new collections"
15985,120,3,123.63,2,2,1,Lost Customers,Low-cost automated re-engagement email
15986,76,2,8622.4,3,1,5,Lost Customers,Low-cost automated re-engagement email
15987,171,5,159.45,1,4,2,Lost Customers,Low-cost automated re-engagement email
15988,61,7,582.25,3,5,4,Loyal Customers,"Cross-sell complimentary products, points incentive"
15989,30,19,215.72,5,5,2,Lost Customers,Low-cost automated re-engagement email
15990,27,13,3618.52,5,5,5,Champions,"VIP rewards, early access to new collections"
15991,86,9,628.3,2,5,4,At Risk,High-value win-back offer with targeted discount
15992,22,2,375.54,5,1,3,New Customers,Welcome onboarding campaign to drive 2nd purchase
15993,254,2,77.03,1,1,1,Lost Customers,Low-cost automated re-engagement email
15994,59,2,42.06,3,1,1,Lost Customers,Low-cost automated re-engagement email
15995,184,3,138.0,1,2,2,Lost Customers,Low-cost automated re-engagement email
15996,14,1,302.15,5,1,3,New Customers,Welcome onboarding campaign to drive 2nd purchase
15997,4,10,1513.31,5,5,5,Champions,"VIP rewards, early access to new collections"
15998,36,2,42.03,4,1,1,New Customers,Welcome onboarding campaign to drive 2nd purchase
15999,90,2,20.4,2,1,1,Lost Customers,Low-cost automated re-engagement email
16000,73,3,202.25,3,2,2,Lost Customers,Low-cost automated re-engagement email
16001,41,2,481.2,4,1,4,New Customers,Welcome onboarding campaign to drive 2nd purchase
16002,89,6,272.9,2,4,3,At Risk,High-value win-back offer with targeted discount
16003,55,2,474.29,4,1,4,New Customers,Welcome onboarding campaign to drive 2nd purchase
16004,23,5,504.57,5,4,4,Champions,"VIP rewards, early access to new collections"
16005,203,7,3051.54,1,5,5,At Risk,High-value win-back offer with targeted discount
16006,4,3,146.61,5,2,2,New Customers,Welcome onboarding campaign to drive 2nd purchase
16007,81,2,170.56,3,1,2,Lost Customers,Low-cost automated re-engagement email
16008,69,2,99.83,3,1,1,Lost Customers,Low-cost automated re-engagement email
16009,71,2,437.01,3,1,3,Lost Customers,Low-cost automated re-engagement email
16010,138,3,459.6,1,2,3,Lost Customers,Low-cost automated re-engagement email
16011,26,4,78.08,5,3,1,Lost Customers,Low-cost automated re-engagement email
16012,25,2,335.66,5,1,3,New Customers,Welcome onboarding campaign to drive 2nd purchase
16013,139,2,47.14,1,1,1,Lost Customers,Low-cost automated re-engagement email
16014,104,4,158.57,2,3,2,Lost Customers,Low-cost automated re-engagement email
16015,177,4,704.45,1,3,4,At Risk,High-value win-back offer with targeted discount
16016,57,1,29.11,3,1,1,Lost Customers,Low-cost automated re-engagement email
16017,55,6,386.64,4,4,3,Loyal Customers,"Cross-sell complimentary products, points incentive"
16018,129,9,1604.67,1,5,5,At Risk,High-value win-back offer with targeted discount
16019,160,3,392.41,1,2,3,Lost Customers,Low-cost automated re-engagement email
16020,23,1,124.1,5,1,1,New Customers,Welcome onboarding campaign to drive 2nd purchase
16021,245,2,367.15,1,1,3,Lost Customers,Low-cost automated re-engagement email
16022,46,2,583.75,4,1,4,New Customers,Welcome onboarding campaign to drive 2nd purchase
16023,80,9,265.27,3,5,3,Loyal Customers,"Cross-sell complimentary products, points incentive"
16024,102,2,243.0,2,1,2,Lost Customers,Low-cost automated re-engagement email
16025,141,3,643.34,1,2,4,Lost Customers,Low-cost automated re-engagement email
16026,114,13,2335.58,2,5,5,At Risk,High-value win-back offer with targeted discount
16027,72,4,311.97,3,3,3,Loyal Customers,"Cross-sell complimentary products, points incentive"
16028,114,4,296.16,2,3,3,At Risk,High-value win-back offer with targeted discount
16029,50,4,756.11,4,3,4,Loyal Customers,"Cross-sell complimentary products, points incentive"
16030,43,8,873.11,4,5,4,Champions,"VIP rewards, early access to new collections"
16031,70,5,1204.9,3,4,5,Loyal Customers,"Cross-sell complimentary products, points incentive"
16032,155,15,1490.6,1,5,5,At Risk,High-value win-back offer with targeted discount
16033,101,16,1029.05,2,5,5,At Risk,High-value win-back offer with targeted discount
16034,47,5,92.05,4,4,1,Lost Customers,Low-cost automated re-engagement email
16035,64,4,292.63,3,3,3,Loyal Customers,"Cross-sell complimentary products, points incentive"
16036,133,4,118.92,1,3,1,Lost Customers,Low-cost automated re-engagement email
16037,83,3,52.04,2,2,1,Lost Customers,Low-cost automated re-engagement email
16038,76,4,165.22,3,3,2,Lost Customers,Low-cost automated re-engagement email
16039,77,2,338.98,3,1,3,Lost Customers,Low-cost automated re-engagement email
16040,24,2,144.82,5,1,2,New Customers,Welcome onboarding campaign to drive 2nd purchase
16041,11,7,739.72,5,5,4,Champions,"VIP rewards, early access to new collections"
16042,144,6,990.29,1,4,5,At Risk,High-value win-back offer with targeted discount
16043,70,3,261.49,3,2,2,Lost Customers,Low-cost automated re-engagement email
16044,79,5,242.31,3,4,2,Lost Customers,Low-cost automated re-engagement email
16045,48,12,723.0,4,5,4,Champions,"VIP rewards, early access to new collections"
16046,179,3,541.21,1,2,4,Lost Customers,Low-cost automated re-engagement email
16047,45,2,175.84,4,1,2,New Customers,Welcome onboarding campaign to drive 2nd purchase
16048,54,6,54.71,4,4,1,Lost Customers,Low-cost automated re-engagement email
16049,142,6,393.05,1,4,3,At Risk,High-value win-back offer with targeted discount
16050,46,7,1016.8,4,5,5,Champions,"VIP rewards, early access to new collections"
16051,79,2,212.24,3,1,2,Lost Customers,Low-cost automated re-engagement email
16052,20,1,35.93,5,1,1,New Customers,Welcome onboarding campaign to drive 2nd purchase
16053,32,5,229.97,5,4,2,Lost Customers,Low-cost automated re-engagement email
16054,17,4,62.33,5,3,1,Lost Customers,Low-cost automated re-engagement email
16055,72,3,442.77,3,2,3,Lost Customers,Low-cost automated re-engagement email
16056,76,11,1732.84,3,5,5,Loyal Customers,"Cross-sell complimentary products, points incentive"
16057,79,4,319.33,3,3,3,Loyal Customers,"Cross-sell complimentary products, points incentive"
16058,56,9,591.07,4,5,4,Champions,"VIP rewards, early access to new collections"
16059,58,7,238.08,3,5,2,Lost Customers,Low-cost automated re-engagement email
16060,39,2,242.81,4,1,2,New Customers,Welcome onboarding campaign to drive 2nd purchase
16061,50,2,41.07,4,1,1,New Customers,Welcome onboarding campaign to drive 2nd purchase
16062,21,2,362.23,5,1,3,New Customers,Welcome onboarding campaign to drive 2nd purchase
16063,89,5,758.01,2,4,4,At Risk,High-value win-back offer with targeted discount
16064,118,4,1030.36,2,3,5,At Risk,High-value win-back offer with targeted discount
16065,60,10,941.9,3,5,5,Loyal Customers,"Cross-sell complimentary products, points incentive"
16066,59,6,338.24,3,4,3,Loyal Customers,"Cross-sell complimentary products, points incentive"
16067,73,2,265.63,3,1,3,Lost Customers,Low-cost automated re-engagement email
16068,176,3,545.36,1,2,4,Lost Customers,Low-cost automated re-engagement email
16069,64,1,31.76,3,1,1,Lost Customers,Low-cost automated re-engagement email
16070,68,5,422.9,3,4,3,Loyal Customers,"Cross-sell complimentary products, points incentive"
16071,307,31,3543.3,1,5,5,At Risk,High-value win-back offer with targeted discount
16072,57,4,555.28,3,3,4,Loyal Customers,"Cross-sell complimentary products, points incentive"
16073,87,4,262.23,2,3,2,Lost Customers,Low-cost automated re-engagement email
16074,84,4,635.37,2,3,4,At Risk,High-value win-back offer with targeted discount
16075,51,5,189.67,4,4,2,Lost Customers,Low-cost automated re-engagement email
16076,91,3,1660.46,2,2,5,Lost Customers,Low-cost automated re-engagement email
16077,18,6,307.91,5,4,3,Loyal Customers,"Cross-sell complimentary products, points incentive"
16078,58,2,259.86,3,1,2,Lost Customers,Low-cost automated re-engagement email
16079,31,2,109.49,5,1,1,New Customers,Welcome onboarding campaign to drive 2nd purchase
16080,93,2,196.63,2,1,2,Lost Customers,Low-cost automated re-engagement email
16081,15,4,136.32,5,3,1,Lost Customers,Low-cost automated re-engagement email
16082,107,2,473.98,2,1,4,Lost Customers,Low-cost automated re-engagement email
16083,3,11,474.49,5,5,4,Champions,"VIP rewards, early access to new collections"
16084,89,3,290.63,2,2,3,Lost Customers,Low-cost automated re-engagement email
16085,27,1,84.99,5,1,1,New Customers,Welcome onboarding campaign to drive 2nd purchase
16086,41,2,95.74,4,1,1,New Customers,Welcome onboarding campaign to drive 2nd purchase
16087,56,4,36.44,4,3,1,Lost Customers,Low-cost automated re-engagement email
16088,184,6,1401.39,1,4,5,At Risk,High-value win-back offer with targeted discount
16089,27,5,512.54,5,4,4,Champions,"VIP rewards, early access to new collections"
16090,66,2,37.6,3,1,1,Lost Customers,Low-cost automated re-engagement email
16091,151,3,48.26,1,2,1,Lost Customers,Low-cost automated re-engagement email
16092,68,2,134.73,3,1,1,Lost Customers,Low-cost automated re-engagement email
16093,98,6,501.47,2,4,4,At Risk,High-value win-back offer with targeted discount
16094,137,4,296.73,1,3,3,At Risk,High-value win-back offer with targeted discount
16095,40,3,990.45,4,2,5,New Customers,Welcome onboarding campaign to drive 2nd purchase
16096,44,2,40.07,4,1,1,New Customers,Welcome onboarding campaign to drive 2nd purchase
16097,26,3,326.91,5,2,3,New Customers,Welcome onboarding campaign to drive 2nd purchase
16098,152,4,643.78,1,3,4,At Risk,High-value win-back offer with targeted discount
16099,203,10,1579.09,1,5,5,At Risk,High-value win-back offer with targeted discount
16100,20,4,804.93,5,3,4,Loyal Customers,"Cross-sell complimentary products, points incentive"
16101,82,3,300.01,3,2,3,Lost Customers,Low-cost automated re-engagement email
16102,41,3,337.02,4,2,3,New Customers,Welcome onboarding campaign to drive 2nd purchase
16103,43,13,869.65,4,5,4,Champions,"VIP rewards, early access to new collections"
16104,102,7,161.94,2,5,2,Lost Customers,Low-cost automated re-engagement email
16105,70,8,968.12,3,5,5,Loyal Customers,"Cross-sell complimentary products, points incentive"
16106,96,7,438.58,2,5,3,At Risk,High-value win-back offer with targeted discount
16107,200,4,184.32,1,3,2,Lost Customers,Low-cost automated re-engagement email
16108,85,9,1132.82,2,5,5,At Risk,High-value win-back offer with targeted discount
16109,105,2,272.72,2,1,3,Lost Customers,Low-cost automated re-engagement email
16110,133,12,572.36,1,5,4,At Risk,High-value win-back offer with targeted discount
16111,37,7,789.12,4,5,4,Champions,"VIP rewards, early access to new collections"
16112,112,5,418.36,2,4,3,At Risk,High-value win-back offer with targeted discount
16113,42,2,213.59,4,1,2,New Customers,Welcome onboarding campaign to drive 2nd purchase
16114,22,7,1947.15,5,5,5,Champions,"VIP rewards, early access to new collections"
16115,90,9,1206.53,2,5,5,At Risk,High-value win-back offer with targeted discount
16116,24,2,250.49,5,1,2,New Customers,Welcome onboarding campaign to drive 2nd purchase
16117,70,2,81.16,3,1,1,Lost Customers,Low-cost automated re-engagement email
16118,59,2,92.13,3,1,1,Lost Customers,Low-cost automated re-engagement email
16119,166,6,833.1,1,4,4,At Risk,High-value win-back offer with targeted discount
16120,24,4,86.26,5,3,1,Lost Customers,Low-cost automated re-engagement email
16121,85,19,1241.02,2,5,5,At Risk,High-value win-back offer with targeted discount
16122,34,1,45.29,5,1,1,New Customers,Welcome onboarding campaign to drive 2nd purchase
16123,15,2,158.41,5,1,2,New Customers,Welcome onboarding campaign to drive 2nd purchase
16124,9,4,296.55,5,3,3,Loyal Customers,"Cross-sell complimentary products, points incentive"
16125,25,6,607.46,5,4,4,Champions,"VIP rewards, early access to new collections"
16126,24,6,820.89,5,4,4,Champions,"VIP rewards, early access to new collections"
16127,9,4,859.41,5,3,4,Loyal Customers,"Cross-sell complimentary products, points incentive"
16128,123,5,1149.47,1,4,5,At Risk,High-value win-back offer with targeted discount
16129,145,4,290.87,1,3,3,At Risk,High-value win-back offer with targeted discount
16130,36,8,423.11,4,5,3,Loyal Customers,"Cross-sell complimentary products, points incentive"
16131,47,3,132.9,4,2,1,New Customers,Welcome onboarding campaign to drive 2nd purchase
16132,55,3,202.04,4,2,2,New Customers,Welcome onboarding campaign to drive 2nd purchase
16133,133,6,222.01,1,4,2,Lost Customers,Low-cost automated re-engagement email
16134,135,12,1648.45,1,5,5,At Risk,High-value win-back offer with targeted discount
16135,84,2,452.26,2,1,3,Lost Customers,Low-cost automated re-engagement email
16136,82,5,114.12,3,4,1,Lost Customers,Low-cost automated re-engagement email
16137,44,3,272.37,4,2,3,New Customers,Welcome onboarding campaign to drive 2nd purchase
16138,9,6,2191.01,5,4,5,Champions,"VIP rewards, early access to new collections"
16139,54,1,23.73,4,1,1,New Customers,Welcome onboarding campaign to drive 2nd purchase
16140,151,3,1020.58,1,2,5,Lost Customers,Low-cost automated re-engagement email
16141,39,3,124.56,4,2,1,New Customers,Welcome onboarding campaign to drive 2nd purchase
16142,50,3,156.36,4,2,2,New Customers,Welcome onboarding campaign to drive 2nd purchase
16143,115,1,156.93,2,1,2,Lost Customers,Low-cost automated re-engagement email
16144,48,17,2416.4,4,5,5,Champions,"VIP rewards, early access to new collections"
16145,55,1,81.87,4,1,1,New Customers,Welcome onboarding campaign to drive 2nd purchase
16146,117,5,226.41,2,4,2,Lost Customers,Low-cost automated re-engagement email
16147,9,2,58.77,5,1,1,New Customers,Welcome onboarding campaign to drive 2nd purchase
16148,23,2,168.03,5,1,2,New Customers,Welcome onboarding campaign to drive 2nd purchase
16149,216,4,297.44,1,3,3,At Risk,High-value win-back offer with targeted discount
16150,116,6,264.73,2,4,3,At Risk,High-value win-back offer with targeted discount
16151,127,2,143.05,1,1,2,Lost Customers,Low-cost automated re-engagement email
16152,82,2,225.64,3,1,2,Lost Customers,Low-cost automated re-engagement email
16153,90,2,471.55,2,1,4,Lost Customers,Low-cost automated re-engagement email
16154,40,4,429.17,4,3,3,Loyal Customers,"Cross-sell complimentary products, points incentive"
16155,53,2,153.71,4,1,2,New Customers,Welcome onboarding campaign to drive 2nd purchase
16156,130,10,429.01,1,5,3,At Risk,High-value win-back offer with targeted discount
16157,46,2,92.12,4,1,1,New Customers,Welcome onboarding campaign to drive 2nd purchase
16158,39,6,656.26,4,4,4,Champions,"VIP rewards, early access to new collections"
16159,65,12,1378.26,3,5,5,Loyal Customers,"Cross-sell complimentary products, points incentive"
16160,83,4,294.79,2,3,3,At Risk,High-value win-back offer with targeted discount
16161,158,1,203.28,1,1,2,Lost Customers,Low-cost automated re-engagement email
16162,350,5,474.56,1,4,4,At Risk,High-value win-back offer with targeted discount
16163,29,3,174.31,5,2,2,New Customers,Welcome onboarding campaign to drive 2nd purchase
16164,107,4,199.69,2,3,2,Lost Customers,Low-cost automated re-engagement email
16165,71,12,563.96,3,5,4,Loyal Customers,"Cross-sell complimentary products, points incentive"
16166,11,4,554.64,5,3,4,Loyal Customers,"Cross-sell complimentary products, points incentive"
16167,182,6,308.76,1,4,3,At Risk,High-value win-back offer with targeted discount
16168,49,2,198.34,4,1,2,New Customers,Welcome onboarding campaign to drive 2nd purchase
16169,46,3,125.83,4,2,1,New Customers,Welcome onboarding campaign to drive 2nd purchase
16170,182,9,697.08,1,5,4,At Risk,High-value win-back offer with targeted discount
16171,64,4,342.82,3,3,3,Loyal Customers,"Cross-sell complimentary products, points incentive"
16172,147,5,3778.81,1,4,5,At Risk,High-value win-back offer with targeted discount
16173,55,8,222.08,4,5,2,Lost Customers,Low-cost automated re-engagement email
16174,97,13,2422.97,2,5,5,At Risk,High-value win-back offer with targeted discount
16175,61,2,90.15,3,1,1,Lost Customers,Low-cost automated re-engagement email
16176,34,3,909.94,5,2,5,New Customers,Welcome onboarding campaign to drive 2nd purchase
16177,99,11,528.3,2,5,4,At Risk,High-value win-back offer with targeted discount
16178,115,17,3888.69,2,5,5,At Risk,High-value win-back offer with targeted discount
16179,67,3,329.7,3,2,3,Lost Customers,Low-cost automated re-engagement email
16180,9,5,135.8,5,4,1,Lost Customers,Low-cost automated re-engagement email
16181,24,5,538.23,5,4,4,Champions,"VIP rewards, early access to new collections"
16182,44,5,715.85,4,4,4,Champions,"VIP rewards, early access to new collections"
16183,172,5,763.81,1,4,4,At Risk,High-value win-back offer with targeted discount
16184,64,10,727.3,3,5,4,Loyal Customers,"Cross-sell complimentary products, points incentive"
16185,170,1,929.98,1,1,5,Lost Customers,Low-cost automated re-engagement email
16186,135,2,1037.56,1,1,5,Lost Customers,Low-cost automated re-engagement email
16187,46,6,732.22,4,4,4,Champions,"VIP rewards, early access to new collections"
16188,78,3,82.61,3,2,1,Lost Customers,Low-cost automated re-engagement email
16189,117,5,182.94,2,4,2,Lost Customers,Low-cost automated re-engagement email
16190,35,8,565.31,4,5,4,Champions,"VIP rewards, early access to new collections"
16191,111,12,990.78,2,5,5,At Risk,High-value win-back offer with targeted discount
16192,102,5,213.99,2,4,2,Lost Customers,Low-cost automated re-engagement email
16193,34,11,607.0,5,5,4,Champions,"VIP rewards, early access to new collections"
16194,95,4,60.12,2,3,1,Lost Customers,Low-cost automated re-engagement email
16195,62,3,38.61,3,2,1,Lost Customers,Low-cost automated re-engagement email
16196,19,1,91.14,5,1,1,New Customers,Welcome onboarding campaign to drive 2nd purchase
16197,44,2,754.68,4,1,4,New Customers,Welcome onboarding campaign to drive 2nd purchase
16198,42,4,89.15,4,3,1,Lost Customers,Low-cost automated re-engagement email
16199,193,4,297.16,1,3,3,At Risk,High-value win-back offer with targeted discount
16200,24,4,354.13,5,3,3,Loyal Customers,"Cross-sell complimentary products, points incentive"
16201,39,15,1888.48,4,5,5,Champions,"VIP rewards, early access to new collections"
16202,89,7,398.05,2,5,3,At Risk,High-value win-back offer with targeted discount
16203,70,7,234.1,3,5,2,Lost Customers,Low-cost automated re-engagement email
16204,57,15,2414.51,3,5,5,Loyal Customers,"Cross-sell complimentary products, points incentive"
16205,57,3,46.52,3,2,1,Lost Customers,Low-cost automated re-engagement email
16206,128,3,380.78,1,2,3,Lost Customers,Low-cost automated re-engagement email
16207,34,9,392.96,5,5,3,Loyal Customers,"Cross-sell complimentary products, points incentive"
16208,26,5,560.54,5,4,4,Champions,"VIP rewards, early access to new collections"
16209,9,4,1023.26,5,3,5,Loyal Customers,"Cross-sell complimentary products, points incentive"
16210,46,4,194.14,4,3,2,Lost Customers,Low-cost automated re-engagement email
16211,20,3,193.88,5,2,2,New Customers,Welcome onboarding campaign to drive 2nd purchase
16212,52,4,246.6,4,3,2,Lost Customers,Low-cost automated re-engagement email
16213,12,4,2798.73,5,3,5,Loyal Customers,"Cross-sell complimentary products, points incentive"
16214,52,3,240.67,4,2,2,New Customers,Welcome onboarding campaign to drive 2nd purchase
16215,84,6,461.87,2,4,3,At Risk,High-value win-back offer with targeted discount
16216,65,7,582.93,3,5,4,Loyal Customers,"Cross-sell complimentary products, points incentive"
16217,105,3,912.52,2,2,5,Lost Customers,Low-cost automated re-engagement email
16218,144,7,354.87,1,5,3,At Risk,High-value win-back offer with targeted discount
16219,82,2,367.66,3,1,3,Lost Customers,Low-cost automated re-engagement email
16220,66,5,227.31,3,4,2,Lost Customers,Low-cost automated re-engagement email
16221,91,6,256.27,2,4,2,Lost Customers,Low-cost automated re-engagement email
16222,84,4,502.72,2,3,4,At Risk,High-value win-back offer with targeted discount
16223,118,4,1073.95,2,3,5,At Risk,High-value win-back offer with targeted discount
16224,69,3,191.26,3,2,2,Lost Customers,Low-cost automated re-engagement email
16225,22,3,190.05,5,2,2,New Customers,Welcome onboarding campaign to drive 2nd purchase
16226,139,4,637.79,1,3,4,At Risk,High-value win-back offer with targeted discount
16227,13,3,267.48,5,2,3,New Customers,Welcome onboarding campaign to drive 2nd purchase
16228,111,9,1494.02,2,5,5,At Risk,High-value win-back offer with targeted discount
16229,89,1,20.85,2,1,1,Lost Customers,Low-cost automated re-engagement email
16230,91,3,105.98,2,2,1,Lost Customers,Low-cost automated re-engagement email
16231,71,1,85.16,3,1,1,Lost Customers,Low-cost automated re-engagement email
16232,38,2,270.37,4,1,3,New Customers,Welcome onboarding campaign to drive 2nd purchase
16233,62,3,240.26,3,2,2,Lost Customers,Low-cost automated re-engagement email
16234,153,10,967.24,1,5,5,At Risk,High-value win-back offer with targeted discount
16235,93,9,1398.46,2,5,5,At Risk,High-value win-back offer with targeted discount
16236,94,4,117.25,2,3,1,Lost Customers,Low-cost automated re-engagement email
16237,155,4,621.43,1,3,4,At Risk,High-value win-back offer with targeted discount
16238,168,8,1853.81,1,5,5,At Risk,High-value win-back offer with targeted discount
16239,115,9,595.06,2,5,4,At Risk,High-value win-back offer with targeted discount
16240,232,3,124.41,1,2,1,Lost Customers,Low-cost automated re-engagement email
16241,93,6,1201.9,2,4,5,At Risk,High-value win-back offer with targeted discount
16242,114,2,846.17,2,1,4,Lost Customers,Low-cost automated re-engagement email
16243,132,3,308.47,1,2,3,Lost Customers,Low-cost automated re-engagement email
16244,162,6,243.99,1,4,2,Lost Customers,Low-cost automated re-engagement email
16245,31,2,179.09,5,1,2,New Customers,Welcome onboarding campaign to drive 2nd purchase
16246,21,3,127.52,5,2,1,New Customers,Welcome onboarding campaign to drive 2nd purchase
16247,24,1,171.48,5,1,2,New Customers,Welcome onboarding campaign to drive 2nd purchase
16248,46,5,430.04,4,4,3,Loyal Customers,"Cross-sell complimentary products, points incentive"
16249,135,2,78.1,1,1,1,Lost Customers,Low-cost automated re-engagement email
16250,56,2,215.43,4,1,2,New Customers,Welcome onboarding campaign to drive 2nd purchase
16251,62,10,499.07,3,5,4,Loyal Customers,"Cross-sell complimentary products, points incentive"
16252,21,2,55.12,5,1,1,New Customers,Welcome onboarding campaign to drive 2nd purchase
16253,23,7,1247.95,5,5,5,Champions,"VIP rewards, early access to new collections"
16254,45,8,942.19,4,5,5,Champions,"VIP rewards, early access to new collections"
16255,36,7,413.09,4,5,3,Loyal Customers,"Cross-sell complimentary products, points incentive"
16256,116,3,848.51,2,2,4,Lost Customers,Low-cost automated re-engagement email
16257,20,3,137.9,5,2,2,New Customers,Welcome onboarding campaign to drive 2nd purchase
16258,25,2,121.75,5,1,1,New Customers,Welcome onboarding campaign to drive 2nd purchase
16259,84,1,126.16,2,1,1,Lost Customers,Low-cost automated re-engagement email
16260,56,7,1386.52,4,5,5,Champions,"VIP rewards, early access to new collections"
16261,53,6,767.88,4,4,4,Champions,"VIP rewards, early access to new collections"
16262,134,5,270.93,1,4,3,At Risk,High-value win-back offer with targeted discount
16263,54,1,72.7,4,1,1,New Customers,Welcome onboarding campaign to drive 2nd purchase
16264,69,3,151.08,3,2,2,Lost Customers,Low-cost automated re-engagement email
16265,45,6,400.48,4,4,3,Loyal Customers,"Cross-sell complimentary products, points incentive"
16266,62,10,714.53,3,5,4,Loyal Customers,"Cross-sell complimentary products, points incentive"
16267,119,5,654.65,2,4,4,At Risk,High-value win-back offer with targeted discount
16268,49,4,193.5,4,3,2,Lost Customers,Low-cost automated re-engagement email
16269,77,2,425.17,3,1,3,Lost Customers,Low-cost automated re-engagement email
16270,50,5,440.08,4,4,3,Loyal Customers,"Cross-sell complimentary products, points incentive"
16271,8,3,125.22,5,2,1,New Customers,Welcome onboarding campaign to drive 2nd purchase
16272,37,2,255.42,4,1,2,New Customers,Welcome onboarding campaign to drive 2nd purchase
16273,44,2,161.58,4,1,2,New Customers,Welcome onboarding campaign to drive 2nd purchase
16274,69,2,118.99,3,1,1,Lost Customers,Low-cost automated re-engagement email
16275,103,5,1610.5,2,4,5,At Risk,High-value win-back offer with targeted discount
16276,58,2,135.88,3,1,1,Lost Customers,Low-cost automated re-engagement email
16277,49,3,179.46,4,2,2,New Customers,Welcome onboarding campaign to drive 2nd purchase
16278,81,10,2137.12,3,5,5,Loyal Customers,"Cross-sell complimentary products, points incentive"
16279,66,2,283.33,3,1,3,Lost Customers,Low-cost automated re-engagement email
16280,20,5,887.51,5,4,4,Champions,"VIP rewards, early access to new collections"
16281,171,6,325.38,1,4,3,At Risk,High-value win-back offer with targeted discount
16282,52,3,329.16,4,2,3,New Customers,Welcome onboarding campaign to drive 2nd purchase
16283,66,6,155.09,3,4,2,Lost Customers,Low-cost automated re-engagement email
16284,16,3,47.95,5,2,1,New Customers,Welcome onboarding campaign to drive 2nd purchase
16285,140,7,370.22,1,5,3,At Risk,High-value win-back offer with targeted discount
16286,46,2,187.84,4,1,2,New Customers,Welcome onboarding campaign to drive 2nd purchase
16287,183,16,12491.09,1,5,5,At Risk,High-value win-back offer with targeted discount
16288,64,11,3049.37,3,5,5,Loyal Customers,"Cross-sell complimentary products, points incentive"
16289,98,1,33.64,2,1,1,Lost Customers,Low-cost automated re-engagement email
16290,50,9,1781.59,4,5,5,Champions,"VIP rewards, early access to new collections"
16291,22,3,80.45,5,2,1,New Customers,Welcome onboarding campaign to drive 2nd purchase
16292,89,11,3934.85,2,5,5,At Risk,High-value win-back offer with targeted discount
16293,88,8,456.99,2,5,3,At Risk,High-value win-back offer with targeted discount
16294,6,2,107.34,5,1,1,New Customers,Welcome onboarding campaign to drive 2nd purchase
16295,20,6,1352.83,5,4,5,Champions,"VIP rewards, early access to new collections"
16296,138,2,108.85,1,1,1,Lost Customers,Low-cost automated re-engagement email
16297,46,6,2605.03,4,4,5,Champions,"VIP rewards, early access to new collections"
16298,107,4,215.55,2,3,2,Lost Customers,Low-cost automated re-engagement email
16299,242,2,400.17,1,1,3,Lost Customers,Low-cost automated re-engagement email
16300,92,2,199.84,2,1,2,Lost Customers,Low-cost automated re-engagement email
16301,65,4,663.29,3,3,4,Loyal Customers,"Cross-sell complimentary products, points incentive"
16302,37,5,181.72,4,4,2,Lost Customers,Low-cost automated re-engagement email
16303,82,3,51.86,3,2,1,Lost Customers,Low-cost automated re-engagement email
16304,88,2,77.35,2,1,1,Lost Customers,Low-cost automated re-engagement email
16305,70,3,187.75,3,2,2,Lost Customers,Low-cost automated re-engagement email
16306,110,2,150.39,2,1,2,Lost Customers,Low-cost automated re-engagement email
16307,24,6,349.36,5,4,3,Loyal Customers,"Cross-sell complimentary products, points incentive"
16308,71,1,13.16,3,1,1,Lost Customers,Low-cost automated re-engagement email
16309,65,8,405.28,3,5,3,Loyal Customers,"Cross-sell complimentary products, points incentive"
16310,41,4,373.12,4,3,3,Loyal Customers,"Cross-sell complimentary products, points incentive"
16311,87,6,433.87,2,4,3,At Risk,High-value win-back offer with targeted discount
16312,22,6,385.62,5,4,3,Loyal Customers,"Cross-sell complimentary products, points incentive"
16313,35,4,237.99,4,3,2,Lost Customers,Low-cost automated re-engagement email
16314,51,3,284.12,4,2,3,New Customers,Welcome onboarding campaign to drive 2nd purchase
16315,57,9,315.68,3,5,3,Loyal Customers,"Cross-sell complimentary products, points incentive"
16316,90,1,72.19,2,1,1,Lost Customers,Low-cost automated re-engagement email
16317,97,10,623.77,2,5,4,At Risk,High-value win-back offer with targeted discount
16318,34,2,58.51,5,1,1,New Customers,Welcome onboarding campaign to drive 2nd purchase
16319,182,3,229.35,1,2,2,Lost Customers,Low-cost automated re-engagement email
16320,86,11,165.73,2,5,2,Lost Customers,Low-cost automated re-engagement email
16321,219,20,977.2,1,5,5,At Risk,High-value win-back offer with targeted discount
16322,160,4,487.59,1,3,4,At Risk,High-value win-back offer with targeted discount
16323,42,2,260.83,4,1,2,New Customers,Welcome onboarding campaign to drive 2nd purchase
16324,22,7,637.64,5,5,4,Champions,"VIP rewards, early access to new collections"
16325,17,4,440.81,5,3,3,Loyal Customers,"Cross-sell complimentary products, points incentive"
16326,7,2,314.51,5,1,3,New Customers,Welcome onboarding campaign to drive 2nd purchase
16327,78,4,395.63,3,3,3,Loyal Customers,"Cross-sell complimentary products, points incentive"
16328,39,2,519.06,4,1,4,New Customers,Welcome onboarding campaign to drive 2nd purchase
16329,101,4,53.35,2,3,1,Lost Customers,Low-cost automated re-engagement email
16330,41,2,378.22,4,1,3,New Customers,Welcome onboarding campaign to drive 2nd purchase
16331,33,1,12.72,5,1,1,New Customers,Welcome onboarding campaign to drive 2nd purchase
16332,97,1,51.21,2,1,1,Lost Customers,Low-cost automated re-engagement email
16333,255,3,521.14,1,2,4,Lost Customers,Low-cost automated re-engagement email
16334,157,5,786.46,1,4,4,At Risk,High-value win-back offer with targeted discount
16335,98,10,376.02,2,5,3,At Risk,High-value win-back offer with targeted discount
16336,147,11,948.32,1,5,5,At Risk,High-value win-back offer with targeted discount
16337,91,1,52.68,2,1,1,Lost Customers,Low-cost automated re-engagement email
16338,6,3,578.99,5,2,4,New Customers,Welcome onboarding campaign to drive 2nd purchase
16339,111,3,251.89,2,2,2,Lost Customers,Low-cost automated re-engagement email
16340,96,4,200.92,2,3,2,Lost Customers,Low-cost automated re-engagement email
16341,127,11,1396.16,1,5,5,At Risk,High-value win-back offer with targeted discount
16342,39,4,606.36,4,3,4,Loyal Customers,"Cross-sell complimentary products, points incentive"
16343,141,7,528.61,1,5,4,At Risk,High-value win-back offer with targeted discount
16344,23,20,3241.34,5,5,5,Champions,"VIP rewards, early access to new collections"
16345,74,1,367.03,3,1,3,Lost Customers,Low-cost automated re-engagement email
16346,65,3,41.52,3,2,1,Lost Customers,Low-cost automated re-engagement email
16347,4,6,1599.11,5,4,5,Champions,"VIP rewards, early access to new collections"
16348,43,5,1633.19,4,4,5,Champions,"VIP rewards, early access to new collections"
16349,95,8,1078.86,2,5,5,At Risk,High-value win-back offer with targeted discount
16350,44,3,203.84,4,2,2,New Customers,Welcome onboarding campaign to drive 2nd purchase
16351,171,4,88.54,1,3,1,Lost Customers,Low-cost automated re-engagement email
16352,78,2,187.05,3,1,2,Lost Customers,Low-cost automated re-engagement email
16353,54,8,501.27,4,5,4,Champions,"VIP rewards, early access to new collections"
16354,141,4,102.96,1,3,1,Lost Customers,Low-cost automated re-engagement email
16355,47,11,548.33,4,5,4,Champions,"VIP rewards, early access to new collections"
16356,25,11,955.28,5,5,5,Champions,"VIP rewards, early access to new collections"
16357,100,2,229.44,2,1,2,Lost Customers,Low-cost automated re-engagement email
16358,21,12,429.54,5,5,3,Loyal Customers,"Cross-sell complimentary products, points incentive"
16359,45,7,73.98,4,5,1,Lost Customers,Low-cost automated re-engagement email
16360,68,3,214.54,3,2,2,Lost Customers,Low-cost automated re-engagement email
16361,53,7,275.81,4,5,3,Loyal Customers,"Cross-sell complimentary products, points incentive"
16362,373,3,182.34,1,2,2,Lost Customers,Low-cost automated re-engagement email
16363,92,10,142.66,2,5,2,Lost Customers,Low-cost automated re-engagement email
16364,61,4,269.78,3,3,3,Loyal Customers,"Cross-sell complimentary products, points incentive"
16365,40,7,880.97,4,5,4,Champions,"VIP rewards, early access to new collections"
16366,86,3,181.19,2,2,2,Lost Customers,Low-cost automated re-engagement email
16367,145,5,493.95,1,4,4,At Risk,High-value win-back offer with targeted discount
16368,14,7,483.55,5,5,4,Champions,"VIP rewards, early access to new collections"
16369,84,5,76.36,2,4,1,Lost Customers,Low-cost automated re-engagement email
16370,58,6,580.96,3,4,4,Loyal Customers,"Cross-sell complimentary products, points incentive"
16371,115,2,88.86,2,1,1,Lost Customers,Low-cost automated re-engagement email
16372,69,5,136.61,3,4,1,Lost Customers,Low-cost automated re-engagement email
16373,94,2,331.47,2,1,3,Lost Customers,Low-cost automated re-engagement email
16374,228,4,458.86,1,3,3,At Risk,High-value win-back offer with targeted discount
16375,118,3,155.65,2,2,2,Lost Customers,Low-cost automated re-engagement email
16376,53,3,234.86,4,2,2,New Customers,Welcome onboarding campaign to drive 2nd purchase
16377,29,1,104.0,5,1,1,New Customers,Welcome onboarding campaign to drive 2nd purchase
16378,58,4,78.06,3,3,1,Lost Customers,Low-cost automated re-engagement email
16379,29,4,129.01,5,3,1,Lost Customers,Low-cost automated re-engagement email
16380,74,1,33.67,3,1,1,Lost Customers,Low-cost automated re-engagement email
16381,74,5,704.4,3,4,4,Loyal Customers,"Cross-sell complimentary products, points incentive"
16382,18,7,2578.17,5,5,5,Champions,"VIP rewards, early access to new collections"
16383,72,5,766.26,3,4,4,Loyal Customers,"Cross-sell complimentary products, points incentive"
16384,184,7,700.53,1,5,4,At Risk,High-value win-back offer with targeted discount
16385,70,3,107.14,3,2,1,Lost Customers,Low-cost automated re-engagement email
16386,49,3,525.93,4,2,4,New Customers,Welcome onboarding campaign to drive 2nd purchase
16387,112,4,259.84,2,3,2,Lost Customers,Low-cost automated re-engagement email
16388,59,4,144.89,3,3,2,Lost Customers,Low-cost automated re-engagement email
16389,63,1,172.49,3,1,2,Lost Customers,Low-cost automated re-engagement email
16390,141,2,595.86,1,1,4,Lost Customers,Low-cost automated re-engagement email
16391,31,8,1400.06,5,5,5,Champions,"VIP rewards, early access to new collections"
16392,125,2,1531.16,1,1,5,Lost Customers,Low-cost automated re-engagement email
16393,17,3,136.45,5,2,1,New Customers,Welcome onboarding campaign to drive 2nd purchase
16394,245,4,236.11,1,3,2,Lost Customers,Low-cost automated re-engagement email
16395,32,2,81.49,5,1,1,New Customers,Welcome onboarding campaign to drive 2nd purchase
16396,71,12,486.3,3,5,4,Loyal Customers,"Cross-sell complimentary products, points incentive"
16397,165,4,1266.21,1,3,5,At Risk,High-value win-back offer with targeted discount
16398,17,2,66.42,5,1,1,New Customers,Welcome onboarding campaign to drive 2nd purchase
16399,44,6,330.0,4,4,3,Loyal Customers,"Cross-sell complimentary products, points incentive"
16400,119,3,839.92,2,2,4,Lost Customers,Low-cost automated re-engagement email
16401,11,4,509.74,5,3,4,Loyal Customers,"Cross-sell complimentary products, points incentive"
16402,95,11,396.88,2,5,3,At Risk,High-value win-back offer with targeted discount
16403,86,3,251.13,2,2,2,Lost Customers,Low-cost automated re-engagement email
16404,10,9,175.63,5,5,2,Lost Customers,Low-cost automated re-engagement email
16405,8,3,225.36,5,2,2,New Customers,Welcome onboarding campaign to drive 2nd purchase
16406,7,4,385.82,5,3,3,Loyal Customers,"Cross-sell complimentary products, points incentive"
16407,83,5,510.97,2,4,4,At Risk,High-value win-back offer with targeted discount
16408,36,3,1463.12,4,2,5,New Customers,Welcome onboarding campaign to drive 2nd purchase
16409,15,2,351.44,5,1,3,New Customers,Welcome onboarding campaign to drive 2nd purchase
16410,132,5,156.94,1,4,2,Lost Customers,Low-cost automated re-engagement email
16411,174,9,893.43,1,5,4,At Risk,High-value win-back offer with targeted discount
16412,166,6,509.25,1,4,4,At Risk,High-value win-back offer with targeted discount
16413,72,6,2895.18,3,4,5,Loyal Customers,"Cross-sell complimentary products, points incentive"
16414,9,3,181.52,5,2,2,New Customers,Welcome onboarding campaign to drive 2nd purchase
16415,15,6,607.33,5,4,4,Champions,"VIP rewards, early access to new collections"
16416,24,5,572.39,5,4,4,Champions,"VIP rewards, early access to new collections"
16417,38,7,240.59,4,5,2,Lost Customers,Low-cost automated re-engagement email
16418,163,4,91.32,1,3,1,Lost Customers,Low-cost automated re-engagement email
16419,87,6,440.52,2,4,3,At Risk,High-value win-back offer with targeted discount
16420,69,3,492.13,3,2,4,Lost Customers,Low-cost automated re-engagement email
16421,74,6,165.69,3,4,2,Lost Customers,Low-cost automated re-engagement email
16422,127,2,164.57,1,1,2,Lost Customers,Low-cost automated re-engagement email
16423,121,3,147.85,2,2,2,Lost Customers,Low-cost automated re-engagement email
16424,68,2,31.52,3,1,1,Lost Customers,Low-cost automated re-engagement email
16425,145,55,6106.8,1,5,5,At Risk,High-value win-back offer with targeted discount
16426,45,6,780.59,4,4,4,Champions,"VIP rewards, early access to new collections"
16427,116,2,329.16,2,1,3,Lost Customers,Low-cost automated re-engagement email
16428,142,2,364.33,1,1,3,Lost Customers,Low-cost automated re-engagement email
16429,126,1,82.33,1,1,1,Lost Customers,Low-cost automated re-engagement email
16430,28,2,258.15,5,1,2,New Customers,Welcome onboarding campaign to drive 2nd purchase
16431,56,2,213.2,4,1,2,New Customers,Welcome onboarding campaign to drive 2nd purchase
16432,11,2,17.77,5,1,1,New Customers,Welcome onboarding campaign to drive 2nd purchase
16433,20,3,70.02,5,2,1,New Customers,Welcome onboarding campaign to drive 2nd purchase
16434,53,7,323.6,4,5,3,Loyal Customers,"Cross-sell complimentary products, points incentive"
16435,71,3,283.09,3,2,3,Lost Customers,Low-cost automated re-engagement email
16436,87,6,687.27,2,4,4,At Risk,High-value win-back offer with targeted discount
16437,19,2,323.78,5,1,3,New Customers,Welcome onboarding campaign to drive 2nd purchase
16438,60,3,495.62,3,2,4,Lost Customers,Low-cost automated re-engagement email
16439,130,2,212.85,1,1,2,Lost Customers,Low-cost automated re-engagement email
16440,80,5,700.94,3,4,4,Loyal Customers,"Cross-sell complimentary products, points incentive"
16441,99,3,1073.13,2,2,5,Lost Customers,Low-cost automated re-engagement email
16442,71,14,1824.1,3,5,5,Loyal Customers,"Cross-sell complimentary products, points incentive"
16443,35,2,174.68,4,1,2,New Customers,Welcome onboarding campaign to drive 2nd purchase
16444,26,2,271.92,5,1,3,New Customers,Welcome onboarding campaign to drive 2nd purchase
16445,56,5,937.79,4,4,5,Champions,"VIP rewards, early access to new collections"
16446,107,3,1089.13,2,2,5,Lost Customers,Low-cost automated re-engagement email
16447,31,5,168.02,5,4,2,Lost Customers,Low-cost automated re-engagement email
16448,44,4,82.33,4,3,1,Lost Customers,Low-cost automated re-engagement email
16449,68,3,325.45,3,2,3,Lost Customers,Low-cost automated re-engagement email
16450,196,2,49.03,1,1,1,Lost Customers,Low-cost automated re-engagement email
16451,84,3,215.8,2,2,2,Lost Customers,Low-cost automated re-engagement email
16452,82,1,459.37,3,1,3,Lost Customers,Low-cost automated re-engagement email
16453,50,9,812.68,4,5,4,Champions,"VIP rewards, early access to new collections"
16454,201,10,911.93,1,5,5,At Risk,High-value win-back offer with targeted discount
16455,72,8,502.17,3,5,4,Loyal Customers,"Cross-sell complimentary products, points incentive"
16456,134,3,1046.45,1,2,5,Lost Customers,Low-cost automated re-engagement email
16457,26,3,395.28,5,2,3,New Customers,Welcome onboarding campaign to drive 2nd purchase
16458,61,5,295.37,3,4,3,Loyal Customers,"Cross-sell complimentary products, points incentive"
16459,356,2,682.05,1,1,4,Lost Customers,Low-cost automated re-engagement email
16460,74,9,957.08,3,5,5,Loyal Customers,"Cross-sell complimentary products, points incentive"
16461,48,1,61.96,4,1,1,New Customers,Welcome onboarding campaign to drive 2nd purchase
16462,137,3,41.23,1,2,1,Lost Customers,Low-cost automated re-engagement email
16463,52,2,203.74,4,1,2,New Customers,Welcome onboarding campaign to drive 2nd purchase
16464,55,10,599.65,4,5,4,Champions,"VIP rewards, early access to new collections"
16465,12,8,542.5,5,5,4,Champions,"VIP rewards, early access to new collections"
16466,7,6,386.8,5,4,3,Loyal Customers,"Cross-sell complimentary products, points incentive"
16467,90,16,277.29,2,5,3,At Risk,High-value win-back offer with targeted discount
16468,45,4,3618.06,4,3,5,Loyal Customers,"Cross-sell complimentary products, points incentive"
16469,103,6,289.26,2,4,3,At Risk,High-value win-back offer with targeted discount
16470,86,1,164.27,2,1,2,Lost Customers,Low-cost automated re-engagement email
16471,71,3,221.76,3,2,2,Lost Customers,Low-cost automated re-engagement email
16472,55,4,30.65,4,3,1,Lost Customers,Low-cost automated re-engagement email
16473,32,2,157.55,5,1,2,New Customers,Welcome onboarding campaign to drive 2nd purchase
16474,30,5,501.17,5,4,4,Champions,"VIP rewards, early access to new collections"
16475,16,1,55.12,5,1,1,New Customers,Welcome onboarding campaign to drive 2nd purchase
16476,65,5,1661.13,3,4,5,Loyal Customers,"Cross-sell complimentary products, points incentive"
16477,196,3,1354.78,1,2,5,Lost Customers,Low-cost automated re-engagement email
16478,258,2,233.12,1,1,2,Lost Customers,Low-cost automated re-engagement email
16479,31,7,922.3,5,5,5,Champions,"VIP rewards, early access to new collections"
16480,123,11,350.94,1,5,3,At Risk,High-value win-back offer with targeted discount
16481,162,7,222.58,1,5,2,Lost Customers,Low-cost automated re-engagement email
16482,39,2,99.9,4,1,1,New Customers,Welcome onboarding campaign to drive 2nd purchase
16483,111,6,3267.86,2,4,5,At Risk,High-value win-back offer with targeted discount
16484,146,3,164.83,1,2,2,Lost Customers,Low-cost automated re-engagement email
16485,16,9,2650.72,5,5,5,Champions,"VIP rewards, early access to new collections"
16486,93,4,187.92,2,3,2,Lost Customers,Low-cost automated re-engagement email
16487,26,2,75.73,5,1,1,New Customers,Welcome onboarding campaign to drive 2nd purchase
16488,96,3,172.14,2,2,2,Lost Customers,Low-cost automated re-engagement email
16489,67,2,112.15,3,1,1,Lost Customers,Low-cost automated re-engagement email
16490,13,2,93.71,5,1,1,New Customers,Welcome onboarding campaign to drive 2nd purchase
16491,37,3,1101.03,4,2,5,New Customers,Welcome onboarding campaign to drive 2nd purchase
16492,33,5,428.66,5,4,3,Loyal Customers,"Cross-sell complimentary products, points incentive"
16493,142,7,526.81,1,5,4,At Risk,High-value win-back offer with targeted discount
16494,62,3,276.29,3,2,3,Lost Customers,Low-cost automated re-engagement email
16495,30,9,1845.76,5,5,5,Champions,"VIP rewards, early access to new collections"
16496,104,1,92.07,2,1,1,Lost Customers,Low-cost automated re-engagement email
16497,53,2,237.02,4,1,2,New Customers,Welcome onboarding campaign to drive 2nd purchase
16498,78,18,4049.23,3,5,5,Loyal Customers,"Cross-sell complimentary products, points incentive"
16499,59,2,68.79,3,1,1,Lost Customers,Low-cost automated re-engagement email
16500,252,10,423.53,1,5,3,At Risk,High-value win-back offer with targeted discount
16501,78,4,396.99,3,3,3,Loyal Customers,"Cross-sell complimentary products, points incentive"
16502,113,4,190.43,2,3,2,Lost Customers,Low-cost automated re-engagement email
16503,141,8,584.38,1,5,4,At Risk,High-value win-back offer with targeted discount
16504,63,7,233.55,3,5,2,Lost Customers,Low-cost automated re-engagement email
16505,165,10,414.07,1,5,3,At Risk,High-value win-back offer with targeted discount
16506,124,3,733.6,1,2,4,Lost Customers,Low-cost automated re-engagement email
16507,8,4,258.81,5,3,2,Lost Customers,Low-cost automated re-engagement email
16508,35,3,178.7,4,2,2,New Customers,Welcome onboarding campaign to drive 2nd purchase
16509,64,2,85.52,3,1,1,Lost Customers,Low-cost automated re-engagement email
16510,70,4,162.3,3,3,2,Lost Customers,Low-cost automated re-engagement email
16511,40,3,106.15,4,2,1,New Customers,Welcome onboarding campaign to drive 2nd purchase
16512,91,1,28.16,2,1,1,Lost Customers,Low-cost automated re-engagement email
16513,52,9,430.01,4,5,3,Loyal Customers,"Cross-sell complimentary products, points incentive"
16514,65,4,324.47,3,3,3,Loyal Customers,"Cross-sell complimentary products, points incentive"
16515,50,2,320.45,4,1,3,New Customers,Welcome onboarding campaign to drive 2nd purchase
16516,56,5,417.15,4,4,3,Loyal Customers,"Cross-sell complimentary products, points incentive"
16517,28,3,109.05,5,2,1,New Customers,Welcome onboarding campaign to drive 2nd purchase
16518,86,4,221.21,2,3,2,Lost Customers,Low-cost automated re-engagement email
16519,100,11,576.11,2,5,4,At Risk,High-value win-back offer with targeted discount
16520,19,5,248.24,5,4,2,Lost Customers,Low-cost automated re-engagement email
16521,41,3,192.05,4,2,2,New Customers,Welcome onboarding campaign to drive 2nd purchase
16522,69,2,400.93,3,1,3,Lost Customers,Low-cost automated re-engagement email
16523,190,2,330.15,1,1,3,Lost Customers,Low-cost automated re-engagement email
16524,27,7,2651.66,5,5,5,Champions,"VIP rewards, early access to new collections"
16525,52,4,161.17,4,3,2,Lost Customers,Low-cost automated re-engagement email
16526,45,6,197.68,4,4,2,Lost Customers,Low-cost automated re-engagement email
16527,82,3,193.71,3,2,2,Lost Customers,Low-cost automated re-engagement email
16528,27,2,514.35,5,1,4,New Customers,Welcome onboarding campaign to drive 2nd purchase
16529,39,6,81.25,4,4,1,Lost Customers,Low-cost automated re-engagement email
16530,248,2,199.47,1,1,2,Lost Customers,Low-cost automated re-engagement email
16531,9,3,199.13,5,2,2,New Customers,Welcome onboarding campaign to drive 2nd purchase
16532,63,2,315.55,3,1,3,Lost Customers,Low-cost automated re-engagement email
16533,65,2,262.79,3,1,2,Lost Customers,Low-cost automated re-engagement email
16534,46,7,1100.06,4,5,5,Champions,"VIP rewards, early access to new collections"
16535,140,8,1119.42,1,5,5,At Risk,High-value win-back offer with targeted discount
16536,77,8,8968.1,3,5,5,Loyal Customers,"Cross-sell complimentary products, points incentive"
16537,203,8,3587.85,1,5,5,At Risk,High-value win-back offer with targeted discount
16538,12,3,567.63,5,2,4,New Customers,Welcome onboarding campaign to drive 2nd purchase
16539,91,6,348.99,2,4,3,At Risk,High-value win-back offer with targeted discount
16540,81,8,513.51,3,5,4,Loyal Customers,"Cross-sell complimentary products, points incentive"
16541,97,2,506.42,2,1,4,Lost Customers,Low-cost automated re-engagement email
16542,131,4,1048.77,1,3,5,At Risk,High-value win-back offer with targeted discount
16543,168,3,125.57,1,2,1,Lost Customers,Low-cost automated re-engagement email
16544,227,1,14.89,1,1,1,Lost Customers,Low-cost automated re-engagement email
16545,22,5,86.55,5,4,1,Lost Customers,Low-cost automated re-engagement email
16546,92,2,517.26,2,1,4,Lost Customers,Low-cost automated re-engagement email
16547,145,8,2449.79,1,5,5,At Risk,High-value win-back offer with targeted discount
16548,62,2,182.86,3,1,2,Lost Customers,Low-cost automated re-engagement email
16549,29,5,602.39,5,4,4,Champions,"VIP rewards, early access to new collections"
16550,30,4,1790.77,5,3,5,Loyal Customers,"Cross-sell complimentary products, points incentive"
16551,37,1,551.52,4,1,4,New Customers,Welcome onboarding campaign to drive 2nd purchase
16552,86,3,497.86,2,2,4,Lost Customers,Low-cost automated re-engagement email
16553,39,5,441.38,4,4,3,Loyal Customers,"Cross-sell complimentary products, points incentive"
16554,68,8,488.0,3,5,4,Loyal Customers,"Cross-sell complimentary products, points incentive"
16555,16,4,279.49,5,3,3,Loyal Customers,"Cross-sell complimentary products, points incentive"
16556,16,7,313.81,5,5,3,Loyal Customers,"Cross-sell complimentary products, points incentive"
16557,104,6,970.98,2,4,5,At Risk,High-value win-back offer with targeted discount
16558,3,6,479.87,5,4,4,Champions,"VIP rewards, early access to new collections"
16559,175,6,258.29,1,4,2,Lost Customers,Low-cost automated re-engagement email
16560,87,3,746.13,2,2,4,Lost Customers,Low-cost automated re-engagement email
16561,20,2,296.13,5,1,3,New Customers,Welcome onboarding campaign to drive 2nd purchase
16562,83,12,1362.16,2,5,5,At Risk,High-value win-back offer with targeted discount
16563,46,7,545.28,4,5,4,Champions,"VIP rewards, early access to new collections"
16564,29,4,543.33,5,3,4,Loyal Customers,"Cross-sell complimentary products, points incentive"
16565,150,6,394.75,1,4,3,At Risk,High-value win-back offer with targeted discount
16566,98,5,5440.58,2,4,5,At Risk,High-value win-back offer with targeted discount
16567,40,2,1404.57,4,1,5,New Customers,Welcome onboarding campaign to drive 2nd purchase
16568,34,3,129.42,5,2,1,New Customers,Welcome onboarding campaign to drive 2nd purchase
16569,210,10,712.55,1,5,4,At Risk,High-value win-back offer with targeted discount
16570,89,4,160.37,2,3,2,Lost Customers,Low-cost automated re-engagement email
16571,69,5,83.21,3,4,1,Lost Customers,Low-cost automated re-engagement email
16572,34,10,4182.73,5,5,5,Champions,"VIP rewards, early access to new collections"
16573,33,4,314.67,5,3,3,Loyal Customers,"Cross-sell complimentary products, points incentive"
16574,249,2,67.25,1,1,1,Lost Customers,Low-cost automated re-engagement email
16575,108,4,75.69,2,3,1,Lost Customers,Low-cost automated re-engagement email
16576,64,3,330.03,3,2,3,Lost Customers,Low-cost automated re-engagement email
16577,18,2,248.55,5,1,2,New Customers,Welcome onboarding campaign to drive 2nd purchase
16578,44,7,912.57,4,5,5,Champions,"VIP rewards, early access to new collections"
16579,88,3,707.57,2,2,4,Lost Customers,Low-cost automated re-engagement email
16580,145,1,201.68,1,1,2,Lost Customers,Low-cost automated re-engagement email
16581,73,5,141.29,3,4,2,Lost Customers,Low-cost automated re-engagement email
16582,144,5,168.98,1,4,2,Lost Customers,Low-cost automated re-engagement email
16583,74,16,3462.63,3,5,5,Loyal Customers,"Cross-sell complimentary products, points incentive"
16584,135,4,206.5,1,3,2,Lost Customers,Low-cost automated re-engagement email
16585,55,8,192.42,4,5,2,Lost Customers,Low-cost automated re-engagement email
16586,136,6,156.88,1,4,2,Lost Customers,Low-cost automated re-engagement email
16587,46,3,627.57,4,2,4,New Customers,Welcome onboarding campaign to drive 2nd purchase
16588,112,5,1029.56,2,4,5,At Risk,High-value win-back offer with targeted discount
16589,78,3,303.08,3,2,3,Lost Customers,Low-cost automated re-engagement email
16590,6,2,77.07,5,1,1,New Customers,Welcome onboarding campaign to drive 2nd purchase
16591,36,3,255.17,4,2,2,New Customers,Welcome onboarding campaign to drive 2nd purchase
16592,310,2,155.93,1,1,2,Lost Customers,Low-cost automated re-engagement email
16593,97,4,242.23,2,3,2,Lost Customers,Low-cost automated re-engagement email
16594,44,4,666.35,4,3,4,Loyal Customers,"Cross-sell complimentary products, points incentive"
16595,18,3,175.32,5,2,2,New Customers,Welcome onboarding campaign to drive 2nd purchase
16596,71,3,439.13,3,2,3,Lost Customers,Low-cost automated re-engagement email
16597,96,1,121.57,2,1,1,Lost Customers,Low-cost automated re-engagement email
16598,43,2,49.2,4,1,1,New Customers,Welcome onboarding campaign to drive 2nd purchase
16599,82,3,1623.96,3,2,5,Lost Customers,Low-cost automated re-engagement email
16600,151,13,1966.83,1,5,5,At Risk,High-value win-back offer with targeted discount
16601,31,6,128.81,5,4,1,Lost Customers,Low-cost automated re-engagement email
16602,42,2,49.4,4,1,1,New Customers,Welcome onboarding campaign to drive 2nd purchase
16603,14,13,4869.24,5,5,5,Champions,"VIP rewards, early access to new collections"
16604,156,4,423.3,1,3,3,At Risk,High-value win-back offer with targeted discount
16605,49,2,298.22,4,1,3,New Customers,Welcome onboarding campaign to drive 2nd purchase
16606,197,4,510.51,1,3,4,At Risk,High-value win-back offer with targeted discount
16607,5,8,1916.14,5,5,5,Champions,"VIP rewards, early access to new collections"
16608,85,2,498.59,2,1,4,Lost Customers,Low-cost automated re-engagement email
16609,102,2,81.72,2,1,1,Lost Customers,Low-cost automated re-engagement email
16610,98,15,2123.71,2,5,5,At Risk,High-value win-back offer with targeted discount
16611,123,5,127.1,1,4,1,Lost Customers,Low-cost automated re-engagement email
16612,79,3,101.44,3,2,1,Lost Customers,Low-cost automated re-engagement email
16613,75,4,274.03,3,3,3,Loyal Customers,"Cross-sell complimentary products, points incentive"
16614,15,5,97.42,5,4,1,Lost Customers,Low-cost automated re-engagement email
16615,61,3,134.12,3,2,1,Lost Customers,Low-cost automated re-engagement email
16616,77,10,127.41,3,5,1,Lost Customers,Low-cost automated re-engagement email
16617,37,4,353.63,4,3,3,Loyal Customers,"Cross-sell complimentary products, points incentive"
16618,32,6,2368.71,5,4,5,Champions,"VIP rewards, early access to new collections"
16619,97,4,370.6,2,3,3,At Risk,High-value win-back offer with targeted discount
16620,115,4,371.55,2,3,3,At Risk,High-value win-back offer with targeted discount
16621,34,7,456.0,5,5,3,Loyal Customers,"Cross-sell complimentary products, points incentive"
16622,55,7,1517.85,4,5,5,Champions,"VIP rewards, early access to new collections"
16623,87,1,85.92,2,1,1,Lost Customers,Low-cost automated re-engagement email
16624,37,4,133.87,4,3,1,Lost Customers,Low-cost automated re-engagement email
16625,66,18,1887.61,3,5,5,Loyal Customers,"Cross-sell complimentary products, points incentive"
16626,80,3,1092.06,3,2,5,Lost Customers,Low-cost automated re-engagement email
16627,221,5,124.56,1,4,1,Lost Customers,Low-cost automated re-engagement email
16628,56,10,385.94,4,5,3,Loyal Customers,"Cross-sell complimentary products, points incentive"
16629,12,2,163.88,5,1,2,New Customers,Welcome onboarding campaign to drive 2nd purchase
16630,16,3,196.99,5,2,2,New Customers,Welcome onboarding campaign to drive 2nd purchase
16631,37,1,131.37,4,1,1,New Customers,Welcome onboarding campaign to drive 2nd purchase
16632,50,4,148.65,4,3,2,Lost Customers,Low-cost automated re-engagement email
16633,145,5,279.41,1,4,3,At Risk,High-value win-back offer with targeted discount
16634,59,6,566.21,3,4,4,Loyal Customers,"Cross-sell complimentary products, points incentive"
16635,98,12,1167.89,2,5,5,At Risk,High-value win-back offer with targeted discount
16636,170,4,3749.33,1,3,5,At Risk,High-value win-back offer with targeted discount
16637,112,2,364.35,2,1,3,Lost Customers,Low-cost automated re-engagement email
16638,51,2,45.0,4,1,1,New Customers,Welcome onboarding campaign to drive 2nd purchase
16639,61,2,72.19,3,1,1,Lost Customers,Low-cost automated re-engagement email
16640,67,4,105.73,3,3,1,Lost Customers,Low-cost automated re-engagement email
16641,178,22,8464.35,1,5,5,At Risk,High-value win-back offer with targeted discount
16642,136,4,137.56,1,3,2,Lost Customers,Low-cost automated re-engagement email
16643,131,10,1527.23,1,5,5,At Risk,High-value win-back offer with targeted discount
16644,93,4,558.19,2,3,4,At Risk,High-value win-back offer with targeted discount
16645,79,2,48.13,3,1,1,Lost Customers,Low-cost automated re-engagement email
16646,59,2,123.49,3,1,1,Lost Customers,Low-cost automated re-engagement email
16647,23,2,141.91,5,1,2,New Customers,Welcome onboarding campaign to drive 2nd purchase
16648,110,4,86.78,2,3,1,Lost Customers,Low-cost automated re-engagement email
16649,43,5,2243.82,4,4,5,Champions,"VIP rewards, early access to new collections"
16650,122,2,209.87,1,1,2,Lost Customers,Low-cost automated re-engagement email
16651,9,7,2643.16,5,5,5,Champions,"VIP rewards, early access to new collections"
16652,27,8,5253.74,5,5,5,Champions,"VIP rewards, early access to new collections"
16653,133,3,311.77,1,2,3,Lost Customers,Low-cost automated re-engagement email
16654,179,7,881.96,1,5,4,At Risk,High-value win-back offer with targeted discount
16655,121,1,44.3,2,1,1,Lost Customers,Low-cost automated re-engagement email
16656,31,1,298.94,5,1,3,New Customers,Welcome onboarding campaign to drive 2nd purchase
16657,141,7,603.58,1,5,4,At Risk,High-value win-back offer with targeted discount
16658,33,3,184.49,5,2,2,New Customers,Welcome onboarding campaign to drive 2nd purchase
16659,142,20,902.19,1,5,5,At Risk,High-value win-back offer with targeted discount
16660,25,4,384.61,5,3,3,Loyal Customers,"Cross-sell complimentary products, points incentive"
16661,47,2,314.98,4,1,3,New Customers,Welcome onboarding campaign to drive 2nd purchase
16662,4,13,1405.62,5,5,5,Champions,"VIP rewards, early access to new collections"
16663,27,6,818.93,5,4,4,Champions,"VIP rewards, early access to new collections"
16664,109,12,889.63,2,5,4,At Risk,High-value win-back offer with targeted discount
16665,234,3,425.37,1,2,3,Lost Customers,Low-cost automated re-engagement email
16666,148,5,689.62,1,4,4,At Risk,High-value win-back offer with targeted discount
16667,118,2,537.27,2,1,4,Lost Customers,Low-cost automated re-engagement email
16668,16,1,185.98,5,1,2,New Customers,Welcome onboarding campaign to drive 2nd purchase
16669,48,7,724.2,4,5,4,Champions,"VIP rewards, early access to new collections"
16670,200,3,392.25,1,2,3,Lost Customers,Low-cost automated re-engagement email
16671,70,2,63.88,3,1,1,Lost Customers,Low-cost automated re-engagement email
16672,22,2,568.63,5,1,4,New Customers,Welcome onboarding campaign to drive 2nd purchase
16673,48,4,287.64,4,3,3,Loyal Customers,"Cross-sell complimentary products, points incentive"
16674,7,4,321.84,5,3,3,Loyal Customers,"Cross-sell complimentary products, points incentive"
16675,127,3,175.57,1,2,2,Lost Customers,Low-cost automated re-engagement email
16676,18,2,81.05,5,1,1,New Customers,Welcome onboarding campaign to drive 2nd purchase
16677,67,7,301.91,3,5,3,Loyal Customers,"Cross-sell complimentary products, points incentive"
16678,21,1,34.13,5,1,1,New Customers,Welcome onboarding campaign to drive 2nd purchase
16679,77,6,435.4,3,4,3,Loyal Customers,"Cross-sell complimentary products, points incentive"
16680,122,5,952.85,1,4,5,At Risk,High-value win-back offer with targeted discount
16681,43,2,176.4,4,1,2,New Customers,Welcome onboarding campaign to drive 2nd purchase
16682,166,1,163.54,1,1,2,Lost Customers,Low-cost automated re-engagement email
16683,113,6,832.84,2,4,4,At Risk,High-value win-back offer with targeted discount
16684,100,2,120.24,2,1,1,Lost Customers,Low-cost automated re-engagement email
16685,162,12,3292.05,1,5,5,At Risk,High-value win-back offer with targeted discount
16686,78,19,4203.86,3,5,5,Loyal Customers,"Cross-sell complimentary products, points incentive"
16687,50,5,942.51,4,4,5,Champions,"VIP rewards, early access to new collections"
16688,90,4,523.51,2,3,4,At Risk,High-value win-back offer with targeted discount
16689,22,3,198.9,5,2,2,New Customers,Welcome onboarding campaign to drive 2nd purchase
16690,130,1,66.17,1,1,1,Lost Customers,Low-cost automated re-engagement email
16691,130,3,262.89,1,2,2,Lost Customers,Low-cost automated re-engagement email
16692,56,3,933.32,4,2,5,New Customers,Welcome onboarding campaign to drive 2nd purchase
16693,41,2,492.31,4,1,4,New Customers,Welcome onboarding campaign to drive 2nd purchase
16694,80,5,122.86,3,4,1,Lost Customers,Low-cost automated re-engagement email
16695,19,4,454.86,5,3,3,Loyal Customers,"Cross-sell complimentary products, points incentive"
16696,50,7,67.18,4,5,1,Lost Customers,Low-cost automated re-engagement email
16697,156,3,181.53,1,2,2,Lost Customers,Low-cost automated re-engagement email
16698,27,6,293.63,5,4,3,Loyal Customers,"Cross-sell complimentary products, points incentive"
16699,171,4,593.93,1,3,4,At Risk,High-value win-back offer with targeted discount
16700,94,6,202.85,2,4,2,Lost Customers,Low-cost automated re-engagement email
16701,103,4,90.99,2,3,1,Lost Customers,Low-cost automated re-engagement email
16702,41,14,804.39,4,5,4,Champions,"VIP rewards, early access to new collections"
16703,31,1,89.39,5,1,1,New Customers,Welcome onboarding campaign to drive 2nd purchase
16704,54,6,112.93,4,4,1,Lost Customers,Low-cost automated re-engagement email
16705,205,7,1754.5,1,5,5,At Risk,High-value win-back offer with targeted discount
16706,39,2,150.2,4,1,2,New Customers,Welcome onboarding campaign to drive 2nd purchase
16707,6,15,1381.34,5,5,5,Champions,"VIP rewards, early access to new collections"
16708,74,4,971.32,3,3,5,Loyal Customers,"Cross-sell complimentary products, points incentive"
16709,149,4,186.18,1,3,2,Lost Customers,Low-cost automated re-engagement email
16710,80,5,1707.18,3,4,5,Loyal Customers,"Cross-sell complimentary products, points incentive"
16711,214,7,633.27,1,5,4,At Risk,High-value win-back offer with targeted discount
16712,108,4,734.41,2,3,4,At Risk,High-value win-back offer with targeted discount
16713,81,4,536.93,3,3,4,Loyal Customers,"Cross-sell complimentary products, points incentive"
16714,53,7,1169.36,4,5,5,Champions,"VIP rewards, early access to new collections"
16715,99,8,771.13,2,5,4,At Risk,High-value win-back offer with targeted discount
16716,15,5,295.34,5,4,3,Loyal Customers,"Cross-sell complimentary products, points incentive"
16717,205,1,515.37,1,1,4,Lost Customers,Low-cost automated re-engagement email
16718,122,2,176.8,1,1,2,Lost Customers,Low-cost automated re-engagement email
16719,122,8,268.15,1,5,3,At Risk,High-value win-back offer with targeted discount
16720,65,3,1012.87,3,2,5,Lost Customers,Low-cost automated re-engagement email
16721,168,3,204.16,1,2,2,Lost Customers,Low-cost automated re-engagement email
16722,58,5,95.44,3,4,1,Lost Customers,Low-cost automated re-engagement email
16723,44,5,214.35,4,4,2,Lost Customers,Low-cost automated re-engagement email
16724,70,3,46.36,3,2,1,Lost Customers,Low-cost automated re-engagement email
16725,125,7,312.78,1,5,3,At Risk,High-value win-back offer with targeted discount
16726,37,2,876.07,4,1,4,New Customers,Welcome onboarding campaign to drive 2nd purchase
16727,32,1,136.06,5,1,1,New Customers,Welcome onboarding campaign to drive 2nd purchase
16728,31,12,1075.6,5,5,5,Champions,"VIP rewards, early access to new collections"
16729,46,2,107.07,4,1,1,New Customers,Welcome onboarding campaign to drive 2nd purchase
16730,134,2,159.0,1,1,2,Lost Customers,Low-cost automated re-engagement email
16731,77,3,736.48,3,2,4,Lost Customers,Low-cost automated re-engagement email
16732,23,4,69.5,5,3,1,Lost Customers,Low-cost automated re-engagement email
16733,284,3,3805.1,1,2,5,Lost Customers,Low-cost automated re-engagement email
16734,20,3,122.02,5,2,1,New Customers,Welcome onboarding campaign to drive 2nd purchase
16735,46,2,143.83,4,1,2,New Customers,Welcome onboarding campaign to drive 2nd purchase
16736,30,6,467.76,5,4,4,Champions,"VIP rewards, early access to new collections"
16737,38,1,76.14,4,1,1,New Customers,Welcome onboarding campaign to drive 2nd purchase
16738,71,4,196.7,3,3,2,Lost Customers,Low-cost automated re-engagement email
16739,57,5,989.07,3,4,5,Loyal Customers,"Cross-sell complimentary products, points incentive"
16740,34,6,1508.03,5,4,5,Champions,"VIP rewards, early access to new collections"
16741,85,4,850.7,2,3,4,At Risk,High-value win-back offer with targeted discount
16742,95,2,195.07,2,1,2,Lost Customers,Low-cost automated re-engagement email
16743,108,3,158.89,2,2,2,Lost Customers,Low-cost automated re-engagement email
16744,72,2,152.34,3,1,2,Lost Customers,Low-cost automated re-engagement email
16745,92,1,83.28,2,1,1,Lost Customers,Low-cost automated re-engagement email
16746,106,5,186.24,2,4,2,Lost Customers,Low-cost automated re-engagement email
16747,39,2,211.34,4,1,2,New Customers,Welcome onboarding campaign to drive 2nd purchase
16748,241,4,1818.69,1,3,5,At Risk,High-value win-back offer with targeted discount
16749,200,4,309.05,1,3,3,At Risk,High-value win-back offer with targeted discount
16750,124,2,282.33,1,1,3,Lost Customers,Low-cost automated re-engagement email
16751,51,2,99.68,4,1,1,New Customers,Welcome onboarding campaign to drive 2nd purchase
16752,9,3,599.32,5,2,4,New Customers,Welcome onboarding campaign to drive 2nd purchase
16753,12,2,99.6,5,1,1,New Customers,Welcome onboarding campaign to drive 2nd purchase
16754,54,8,496.48,4,5,4,Champions,"VIP rewards, early access to new collections"
16755,201,10,1434.06,1,5,5,At Risk,High-value win-back offer with targeted discount
16756,59,7,258.33,3,5,2,Lost Customers,Low-cost automated re-engagement email
16757,29,5,664.28,5,4,4,Champions,"VIP rewards, early access to new collections"
16758,31,4,927.32,5,3,5,Loyal Customers,"Cross-sell complimentary products, points incentive"
16759,199,2,208.47,1,1,2,Lost Customers,Low-cost automated re-engagement email
16760,55,7,1377.12,4,5,5,Champions,"VIP rewards, early access to new collections"
16761,191,10,281.49,1,5,3,At Risk,High-value win-back offer with targeted discount
16762,28,3,404.23,5,2,3,New Customers,Welcome onboarding campaign to drive 2nd purchase
16763,33,4,238.83,5,3,2,Lost Customers,Low-cost automated re-engagement email
16764,45,2,254.66,4,1,2,New Customers,Welcome onboarding campaign to drive 2nd purchase
16765,97,3,1121.24,2,2,5,Lost Customers,Low-cost automated re-engagement email
16766,114,2,12.26,2,1,1,Lost Customers,Low-cost automated re-engagement email
16767,36,3,154.47,4,2,2,New Customers,Welcome onboarding campaign to drive 2nd purchase
16768,40,5,57.26,4,4,1,Lost Customers,Low-cost automated re-engagement email
16769,17,5,148.64,5,4,2,Lost Customers,Low-cost automated re-engagement email
16770,16,5,293.45,5,4,3,Loyal Customers,"Cross-sell complimentary products, points incentive"
16771,30,1,195.18,5,1,2,New Customers,Welcome onboarding campaign to drive 2nd purchase
16772,178,4,744.96,1,3,4,At Risk,High-value win-back offer with targeted discount
16773,30,6,1088.72,5,4,5,Champions,"VIP rewards, early access to new collections"
16774,72,4,596.13,3,3,4,Loyal Customers,"Cross-sell complimentary products, points incentive"
16775,50,9,242.32,4,5,2,Lost Customers,Low-cost automated re-engagement email
16776,28,4,741.1,5,3,4,Loyal Customers,"Cross-sell complimentary products, points incentive"
16777,104,5,244.55,2,4,2,Lost Customers,Low-cost automated re-engagement email
16778,41,2,269.42,4,1,3,New Customers,Welcome onboarding campaign to drive 2nd purchase
16779,128,6,236.4,1,4,2,Lost Customers,Low-cost automated re-engagement email
16780,131,7,535.66,1,5,4,At Risk,High-value win-back offer with targeted discount
16781,43,2,169.39,4,2,2,New Customers,Welcome onboarding campaign to drive 2nd purchase
16782,116,2,245.7,2,2,2,Lost Customers,Low-cost automated re-engagement email
16783,116,3,126.88,2,2,1,Lost Customers,Low-cost automated re-engagement email
16784,53,2,326.54,4,2,3,New Customers,Welcome onboarding campaign to drive 2nd purchase
16785,47,6,165.66,4,4,2,Lost Customers,Low-cost automated re-engagement email
16786,86,3,1247.74,2,2,5,Lost Customers,Low-cost automated re-engagement email
16787,229,6,274.6,1,4,3,At Risk,High-value win-back offer with targeted discount
16788,148,1,15.46,1,1,1,Lost Customers,Low-cost automated re-engagement email
16789,71,2,168.72,3,2,2,Lost Customers,Low-cost automated re-engagement email
16790,9,2,124.27,5,2,1,New Customers,Welcome onboarding campaign to drive 2nd purchase
16791,65,5,197.0,3,4,2,Lost Customers,Low-cost automated re-engagement email
16792,9,1,302.22,5,1,3,New Customers,Welcome onboarding campaign to drive 2nd purchase
16793,14,3,532.73,5,2,4,New Customers,Welcome onboarding campaign to drive 2nd purchase
16794,34,3,409.31,5,2,3,New Customers,Welcome onboarding campaign to drive 2nd purchase
16795,72,5,190.49,3,4,2,Lost Customers,Low-cost automated re-engagement email
16796,37,4,223.47,4,3,2,Lost Customers,Low-cost automated re-engagement email
16797,158,2,103.88,1,2,1,Lost Customers,Low-cost automated re-engagement email
16798,66,1,17.39,3,1,1,Lost Customers,Low-cost automated re-engagement email
16799,39,2,229.85,4,2,2,New Customers,Welcome onboarding campaign to drive 2nd purchase
16800,110,2,245.48,2,2,2,Lost Customers,Low-cost automated re-engagement email
16801,35,2,200.95,4,2,2,New Customers,Welcome onboarding campaign to drive 2nd purchase
16802,74,2,220.94,3,2,2,Lost Customers,Low-cost automated re-engagement email
16803,4,7,227.33,5,5,2,Lost Customers,Low-cost automated re-engagement email
16804,35,2,80.49,4,2,1,New Customers,Welcome onboarding campaign to drive 2nd purchase
16805,151,1,67.71,1,1,1,Lost Customers,Low-cost automated re-engagement email
16806,93,3,938.78,2,2,5,Lost Customers,Low-cost automated re-engagement email
16807,80,3,768.86,3,2,4,Lost Customers,Low-cost automated re-engagement email
16808,104,3,430.05,2,2,3,Lost Customers,Low-cost automated re-engagement email
16809,152,2,1103.82,1,2,5,Lost Customers,Low-cost automated re-engagement email
16810,65,3,427.26,3,2,3,Lost Customers,Low-cost automated re-engagement email
16811,43,4,638.2,4,3,4,Loyal Customers,"Cross-sell complimentary products, points incentive"
16812,116,2,681.95,2,2,4,Lost Customers,Low-cost automated re-engagement email
16813,57,8,1346.87,3,5,5,Loyal Customers,"Cross-sell complimentary products, points incentive"
16814,42,3,1190.77,4,2,5,New Customers,Welcome onboarding campaign to drive 2nd purchase
16815,51,8,738.86,4,5,4,Champions,"VIP rewards, early access to new collections"
16816,93,5,252.94,2,4,2,Lost Customers,Low-cost automated re-engagement email
16817,11,2,165.22,5,2,2,New Customers,Welcome onboarding campaign to drive 2nd purchase
16818,94,1,111.49,2,1,1,Lost Customers,Low-cost automated re-engagement email
16819,24,8,318.99,5,5,3,Loyal Customers,"Cross-sell complimentary products, points incentive"
16820,37,2,94.82,4,2,1,New Customers,Welcome onboarding campaign to drive 2nd purchase
16821,19,4,246.09,5,3,2,Lost Customers,Low-cost automated re-engagement email
16822,107,3,100.49,2,2,1,Lost Customers,Low-cost automated re-engagement email
16823,80,10,530.22,3,5,4,Loyal Customers,"Cross-sell complimentary products, points incentive"
16824,24,4,697.65,5,3,4,Loyal Customers,"Cross-sell complimentary products, points incentive"
16825,120,2,367.89,2,2,3,Lost Customers,Low-cost automated re-engagement email
16826,14,3,76.42,5,2,1,New Customers,Welcome onboarding campaign to drive 2nd purchase
16827,48,9,1069.93,4,5,5,Champions,"VIP rewards, early access to new collections"
16828,18,2,169.15,5,2,2,New Customers,Welcome onboarding campaign to drive 2nd purchase
16829,58,1,231.82,3,1,2,Lost Customers,Low-cost automated re-engagement email
16830,42,6,423.89,4,4,3,Loyal Customers,"Cross-sell complimentary products, points incentive"
16831,22,2,59.0,5,2,1,New Customers,Welcome onboarding campaign to drive 2nd purchase
16832,66,1,58.09,3,1,1,Lost Customers,Low-cost automated re-engagement email
16833,26,2,61.29,5,2,1,New Customers,Welcome onboarding campaign to drive 2nd purchase
16834,6,4,47.31,5,3,1,Lost Customers,Low-cost automated re-engagement email
16835,14,5,429.0,5,4,3,Loyal Customers,"Cross-sell complimentary products, points incentive"
16836,48,5,718.18,4,4,4,Champions,"VIP rewards, early access to new collections"
16837,53,2,213.04,4,2,2,New Customers,Welcome onboarding campaign to drive 2nd purchase
16838,32,7,198.24,5,5,2,Lost Customers,Low-cost automated re-engagement email
16839,172,6,159.89,1,4,2,Lost Customers,Low-cost automated re-engagement email
16840,84,5,547.65,2,4,4,At Risk,High-value win-back offer with targeted discount
16841,89,2,830.12,2,2,4,Lost Customers,Low-cost automated re-engagement email
16842,29,2,577.42,5,2,4,New Customers,Welcome onboarding campaign to drive 2nd purchase
16843,26,5,345.56,5,4,3,Loyal Customers,"Cross-sell complimentary products, points incentive"
16844,76,6,653.38,3,4,4,Loyal Customers,"Cross-sell complimentary products, points incentive"
16845,53,2,409.54,4,2,3,New Customers,Welcome onboarding campaign to drive 2nd purchase
16846,81,14,1107.17,3,5,5,Loyal Customers,"Cross-sell complimentary products, points incentive"
16847,52,3,80.57,4,2,1,New Customers,Welcome onboarding campaign to drive 2nd purchase
16848,111,7,49.8,2,5,1,Lost Customers,Low-cost automated re-engagement email
16849,67,2,212.04,3,2,2,Lost Customers,Low-cost automated re-engagement email
16850,58,4,301.09,3,3,3,Loyal Customers,"Cross-sell complimentary products, points incentive"
16851,95,2,38.78,2,2,1,Lost Customers,Low-cost automated re-engagement email
16852,188,4,99.68,1,3,1,Lost Customers,Low-cost automated re-engagement email
16853,106,5,355.36,2,4,3,At Risk,High-value win-back offer with targeted discount
16854,21,5,275.24,5,4,3,Loyal Customers,"Cross-sell complimentary products, points incentive"
16855,56,2,653.36,4,2,4,New Customers,Welcome onboarding campaign to drive 2nd purchase
16856,58,1,322.79,3,1,3,Lost Customers,Low-cost automated re-engagement email
16857,83,5,209.46,2,4,2,Lost Customers,Low-cost automated re-engagement email
16858,48,3,1045.94,4,2,5,New Customers,Welcome onboarding campaign to drive 2nd purchase
16859,65,3,1157.37,3,2,5,Lost Customers,Low-cost automated re-engagement email
16860,69,2,234.34,3,2,2,Lost Customers,Low-cost automated re-engagement email
16861,80,4,155.78,3,3,2,Lost Customers,Low-cost automated re-engagement email
16862,20,4,400.81,5,3,3,Loyal Customers,"Cross-sell complimentary products, points incentive"
16863,23,8,106.35,5,5,1,Lost Customers,Low-cost automated re-engagement email
16864,227,1,53.04,1,1,1,Lost Customers,Low-cost automated re-engagement email
16865,8,2,228.82,5,2,2,New Customers,Welcome onboarding campaign to drive 2nd purchase
16866,69,5,636.76,3,4,4,Loyal Customers,"Cross-sell complimentary products, points incentive"
16867,106,1,60.32,2,1,1,Lost Customers,Low-cost automated re-engagement email
16868,27,2,191.77,5,2,2,New Customers,Welcome onboarding campaign to drive 2nd purchase
16869,148,22,791.45,1,5,4,At Risk,High-value win-back offer with targeted discount
16870,67,3,958.63,3,2,5,Lost Customers,Low-cost automated re-engagement email
16871,192,6,1987.95,1,4,5,At Risk,High-value win-back offer with targeted discount
16872,30,1,170.62,5,1,2,New Customers,Welcome onboarding campaign to drive 2nd purchase
16873,57,6,424.47,3,4,3,Loyal Customers,"Cross-sell complimentary products, points incentive"
16874,44,3,128.69,4,2,1,New Customers,Welcome onboarding campaign to drive 2nd purchase
16875,39,5,963.59,4,4,5,Champions,"VIP rewards, early access to new collections"
16876,41,6,637.71,4,4,4,Champions,"VIP rewards, early access to new collections"
16877,50,3,109.61,4,2,1,New Customers,Welcome onboarding campaign to drive 2nd purchase
16878,47,5,1166.82,4,4,5,Champions,"VIP rewards, early access to new collections"
16879,115,2,120.35,2,2,1,Lost Customers,Low-cost automated re-engagement email
16880,108,4,165.49,2,3,2,Lost Customers,Low-cost automated re-engagement email
16881,15,5,1055.14,5,4,5,Champions,"VIP rewards, early access to new collections"
16882,41,3,132.8,4,2,1,New Customers,Welcome onboarding campaign to drive 2nd purchase
16883,86,2,201.6,2,2,2,Lost Customers,Low-cost automated re-engagement email
16884,80,3,856.99,3,2,4,Lost Customers,Low-cost automated re-engagement email
16885,55,8,2088.01,4,5,5,Champions,"VIP rewards, early access to new collections"
16886,65,7,856.95,3,5,4,Loyal Customers,"Cross-sell complimentary products, points incentive"
16887,48,6,187.99,4,4,2,Lost Customers,Low-cost automated re-engagement email
16888,122,12,690.38,1,5,4,At Risk,High-value win-back offer with targeted discount
16889,113,4,3167.9,2,3,5,At Risk,High-value win-back offer with targeted discount
16890,52,4,844.93,4,3,4,Loyal Customers,"Cross-sell complimentary products, points incentive"
16891,63,1,73.11,3,1,1,Lost Customers,Low-cost automated re-engagement email
16892,52,2,57.95,4,2,1,New Customers,Welcome onboarding campaign to drive 2nd purchase
16893,59,5,81.41,3,4,1,Lost Customers,Low-cost automated re-engagement email
16894,135,7,1880.99,1,5,5,At Risk,High-value win-back offer with targeted discount
16895,47,2,547.14,4,2,4,New Customers,Welcome onboarding campaign to drive 2nd purchase
16896,39,4,347.91,4,3,3,Loyal Customers,"Cross-sell complimentary products, points incentive"
16897,62,19,1181.5,3,5,5,Loyal Customers,"Cross-sell complimentary products, points incentive"
16898,51,4,999.36,4,3,5,Loyal Customers,"Cross-sell complimentary products, points incentive"
16899,35,11,261.64,4,5,2,Lost Customers,Low-cost automated re-engagement email
16900,103,5,2718.58,2,4,5,At Risk,High-value win-back offer with targeted discount
16901,111,6,1049.21,2,4,5,At Risk,High-value win-back offer with targeted discount
16902,72,2,58.29,3,2,1,Lost Customers,Low-cost automated re-engagement email
16903,38,1,182.61,4,1,2,New Customers,Welcome onboarding campaign to drive 2nd purchase
16904,122,6,291.98,1,4,3,At Risk,High-value win-back offer with targeted discount
16905,22,5,135.26,5,4,1,Lost Customers,Low-cost automated re-engagement email
16906,55,4,728.2,4,3,4,Loyal Customers,"Cross-sell complimentary products, points incentive"
16907,222,2,66.62,1,2,1,Lost Customers,Low-cost automated re-engagement email
16908,73,3,81.12,3,2,1,Lost Customers,Low-cost automated re-engagement email
16909,50,3,417.73,4,2,3,New Customers,Welcome onboarding campaign to drive 2nd purchase
16910,89,3,246.01,2,2,2,Lost Customers,Low-cost automated re-engagement email
16911,89,4,894.86,2,3,4,At Risk,High-value win-back offer with targeted discount
16912,145,6,412.23,1,4,3,At Risk,High-value win-back offer with targeted discount
16913,33,5,316.83,5,4,3,Loyal Customers,"Cross-sell complimentary products, points incentive"
16914,92,4,57.59,2,3,1,Lost Customers,Low-cost automated re-engagement email
16915,62,4,565.88,3,3,4,Loyal Customers,"Cross-sell complimentary products, points incentive"
16916,68,3,265.76,3,2,3,Lost Customers,Low-cost automated re-engagement email
16917,61,2,524.58,3,2,4,Lost Customers,Low-cost automated re-engagement email
16918,60,4,713.53,3,3,4,Loyal Customers,"Cross-sell complimentary products, points incentive"
16919,15,7,849.62,5,5,4,Champions,"VIP rewards, early access to new collections"
16920,46,4,186.54,4,3,2,Lost Customers,Low-cost automated re-engagement email
16921,61,2,123.88,3,2,1,Lost Customers,Low-cost automated re-engagement email
16922,83,2,295.15,2,2,3,Lost Customers,Low-cost automated re-engagement email
16923,69,2,171.86,3,2,2,Lost Customers,Low-cost automated re-engagement email
16924,67,2,645.17,3,2,4,Lost Customers,Low-cost automated re-engagement email
16925,97,34,9991.71,2,5,5,At Risk,High-value win-back offer with targeted discount
16926,163,2,143.71,1,2,2,Lost Customers,Low-cost automated re-engagement email
16927,55,4,391.61,4,3,3,Loyal Customers,"Cross-sell complimentary products, points incentive"
16928,32,4,176.15,5,3,2,Lost Customers,Low-cost automated re-engagement email
16929,121,11,903.17,2,5,5,At Risk,High-value win-back offer with targeted discount
16930,91,5,1058.21,2,4,5,At Risk,High-value win-back offer with targeted discount
16931,52,5,275.87,4,4,3,Loyal Customers,"Cross-sell complimentary products, points incentive"
16932,124,4,258.8,1,3,2,Lost Customers,Low-cost automated re-engagement email
16933,31,5,157.23,5,4,2,Lost Customers,Low-cost automated re-engagement email
16934,55,5,271.07,4,4,3,Loyal Customers,"Cross-sell complimentary products, points incentive"
16935,50,3,469.12,4,2,4,New Customers,Welcome onboarding campaign to drive 2nd purchase
16936,128,2,144.97,1,2,2,Lost Customers,Low-cost automated re-engagement email
16937,79,4,127.73,3,3,1,Lost Customers,Low-cost automated re-engagement email
16938,24,3,326.85,5,2,3,New Customers,Welcome onboarding campaign to drive 2nd purchase
16939,269,4,343.8,1,3,3,At Risk,High-value win-back offer with targeted discount
16940,95,2,493.61,2,2,4,Lost Customers,Low-cost automated re-engagement email
16941,37,2,159.32,4,2,2,New Customers,Welcome onboarding campaign to drive 2nd purchase
16942,155,2,73.52,1,2,1,Lost Customers,Low-cost automated re-engagement email
16943,64,4,856.87,3,3,4,Loyal Customers,"Cross-sell complimentary products, points incentive"
16944,58,1,37.62,3,1,1,Lost Customers,Low-cost automated re-engagement email
16945,60,16,446.45,3,5,3,Loyal Customers,"Cross-sell complimentary products, points incentive"
16946,64,16,564.87,3,5,4,Loyal Customers,"Cross-sell complimentary products, points incentive"
16947,62,7,363.66,3,5,3,Loyal Customers,"Cross-sell complimentary products, points incentive"
16948,58,3,49.27,3,2,1,Lost Customers,Low-cost automated re-engagement email
16949,42,3,57.09,4,2,1,New Customers,Welcome onboarding campaign to drive 2nd purchase
16950,35,5,908.85,4,4,5,Champions,"VIP rewards, early access to new collections"
16951,72,6,463.0,3,4,3,Loyal Customers,"Cross-sell complimentary products, points incentive"
16952,36,5,387.93,4,4,3,Loyal Customers,"Cross-sell complimentary products, points incentive"
16953,81,2,171.13,3,2,2,Lost Customers,Low-cost automated re-engagement email
16954,150,3,448.7,1,2,3,Lost Customers,Low-cost automated re-engagement email
16955,64,6,258.43,3,4,2,Lost Customers,Low-cost automated re-engagement email
16956,75,1,149.06,3,1,2,Lost Customers,Low-cost automated re-engagement email
16957,128,2,199.26,1,2,2,Lost Customers,Low-cost automated re-engagement email
16958,54,6,228.11,4,4,2,Lost Customers,Low-cost automated re-engagement email
16959,40,3,467.18,4,2,4,New Customers,Welcome onboarding campaign to drive 2nd purchase
16960,4,3,284.34,5,2,3,New Customers,Welcome onboarding campaign to drive 2nd purchase
16961,70,9,315.87,3,5,3,Loyal Customers,"Cross-sell complimentary products, points incentive"
16962,41,4,150.31,4,3,2,Lost Customers,Low-cost automated re-engagement email
16963,52,3,415.88,4,2,3,New Customers,Welcome onboarding campaign to drive 2nd purchase
16964,8,3,672.93,5,2,4,New Customers,Welcome onboarding campaign to drive 2nd purchase
16965,51,3,348.27,4,2,3,New Customers,Welcome onboarding campaign to drive 2nd purchase
16966,25,2,400.85,5,2,3,New Customers,Welcome onboarding campaign to drive 2nd purchase
16967,20,3,818.94,5,2,4,New Customers,Welcome onboarding campaign to drive 2nd purchase
16968,28,2,147.01,5,2,2,New Customers,Welcome onboarding campaign to drive 2nd purchase
16969,25,3,313.16,5,2,3,New Customers,Welcome onboarding campaign to drive 2nd purchase
16970,114,3,493.23,2,2,4,Lost Customers,Low-cost automated re-engagement email
16971,133,4,128.22,1,3,1,Lost Customers,Low-cost automated re-engagement email
16972,71,12,2740.03,3,5,5,Loyal Customers,"Cross-sell complimentary products, points incentive"
16973,189,5,1535.23,1,4,5,At Risk,High-value win-back offer with targeted discount
16974,49,4,185.3,4,3,2,Lost Customers,Low-cost automated re-engagement email
16975,31,5,5956.23,5,4,5,Champions,"VIP rewards, early access to new collections"
16976,61,2,368.06,3,2,3,Lost Customers,Low-cost automated re-engagement email
16977,28,6,470.79,5,4,4,Champions,"VIP rewards, early access to new collections"
16978,66,5,69.4,3,4,1,Lost Customers,Low-cost automated re-engagement email
16979,99,4,331.53,2,3,3,At Risk,High-value win-back offer with targeted discount
16980,28,5,658.0,5,4,4,Champions,"VIP rewards, early access to new collections"
16981,165,5,593.65,1,4,4,At Risk,High-value win-back offer with targeted discount
16982,231,5,138.36,1,4,2,Lost Customers,Low-cost automated re-engagement email
16983,204,8,397.1,1,5,3,At Risk,High-value win-back offer with targeted discount
16984,11,2,332.06,5,2,3,New Customers,Welcome onboarding campaign to drive 2nd purchase
16985,43,10,1534.5,4,5,5,Champions,"VIP rewards, early access to new collections"
16986,78,1,210.18,3,1,2,Lost Customers,Low-cost automated re-engagement email
16987,18,6,601.02,5,4,4,Champions,"VIP rewards, early access to new collections"
16988,20,4,349.93,5,3,3,Loyal Customers,"Cross-sell complimentary products, points incentive"
16989,10,2,285.29,5,2,3,New Customers,Welcome onboarding campaign to drive 2nd purchase
16990,66,8,784.0,3,5,4,Loyal Customers,"Cross-sell complimentary products, points incentive"
16991,82,1,22.71,3,1,1,Lost Customers,Low-cost automated re-engagement email
16992,129,13,4597.85,1,5,5,At Risk,High-value win-back offer with targeted discount
16993,91,21,4333.32,2,5,5,At Risk,High-value win-back offer with targeted discount
16994,102,3,395.19,2,2,3,Lost Customers,Low-cost automated re-engagement email
16995,13,2,52.55,5,2,1,New Customers,Welcome onboarding campaign to drive 2nd purchase
16996,76,3,573.95,3,2,4,Lost Customers,Low-cost automated re-engagement email
16997,60,8,485.23,3,5,4,Loyal Customers,"Cross-sell complimentary products, points incentive"
16998,37,3,570.06,4,2,4,New Customers,Welcome onboarding campaign to drive 2nd purchase
16999,47,1,147.2,4,1,2,New Customers,Welcome onboarding campaign to drive 2nd purchase
17000,82,5,331.48,3,4,3,Loyal Customers,"Cross-sell complimentary products, points incentive"
17001,106,7,1624.05,2,5,5,At Risk,High-value win-back offer with targeted discount
17002,212,6,184.76,1,4,2,Lost Customers,Low-cost automated re-engagement email
17003,85,6,568.13,2,4,4,At Risk,High-value win-back offer with targeted discount
17004,113,12,4806.5,2,5,5,At Risk,High-value win-back offer with targeted discount
17005,111,3,418.47,2,2,3,Lost Customers,Low-cost automated re-engagement email
17006,134,14,2867.45,1,5,5,At Risk,High-value win-back offer with targeted discount
17007,24,3,290.04,5,2,3,New Customers,Welcome onboarding campaign to drive 2nd purchase
17008,67,9,794.68,3,5,4,Loyal Customers,"Cross-sell complimentary products, points incentive"
17009,29,3,90.03,5,2,1,New Customers,Welcome onboarding campaign to drive 2nd purchase
17010,31,17,1329.98,5,5,5,Champions,"VIP rewards, early access to new collections"
17011,87,6,990.42,2,4,5,At Risk,High-value win-back offer with targeted discount
17012,88,4,134.52,2,3,1,Lost Customers,Low-cost automated re-engagement email
17013,85,2,75.68,2,2,1,Lost Customers,Low-cost automated re-engagement email
17014,40,4,525.13,4,3,4,Loyal Customers,"Cross-sell complimentary products, points incentive"
17015,68,2,378.87,3,2,3,Lost Customers,Low-cost automated re-engagement email
17016,51,5,2760.07,4,4,5,Champions,"VIP rewards, early access to new collections"
17017,85,6,421.99,2,4,3,At Risk,High-value win-back offer with targeted discount
17018,131,8,576.56,1,5,4,At Risk,High-value win-back offer with targeted discount
17019,28,6,1141.6,5,4,5,Champions,"VIP rewards, early access to new collections"
17020,63,4,601.74,3,3,4,Loyal Customers,"Cross-sell complimentary products, points incentive"
17021,113,10,713.48,2,5,4,At Risk,High-value win-back offer with targeted discount
17022,14,11,965.26,5,5,5,Champions,"VIP rewards, early access to new collections"
17023,121,2,102.28,2,2,1,Lost Customers,Low-cost automated re-engagement email
17024,7,14,445.23,5,5,3,Loyal Customers,"Cross-sell complimentary products, points incentive"
17025,24,9,717.38,5,5,4,Champions,"VIP rewards, early access to new collections"
17026,61,2,708.77,3,2,4,Lost Customers,Low-cost automated re-engagement email
17027,50,1,47.15,4,1,1,New Customers,Welcome onboarding campaign to drive 2nd purchase
17028,46,9,222.68,4,5,2,Lost Customers,Low-cost automated re-engagement email
17029,200,4,145.91,1,3,2,Lost Customers,Low-cost automated re-engagement email
17030,22,3,435.75,5,2,3,New Customers,Welcome onboarding campaign to drive 2nd purchase
17031,90,5,662.05,2,4,4,At Risk,High-value win-back offer with targeted discount
17032,205,9,2542.45,1,5,5,At Risk,High-value win-back offer with targeted discount
17033,116,1,234.02,2,1,2,Lost Customers,Low-cost automated re-engagement email
17034,82,4,470.65,3,3,4,Loyal Customers,"Cross-sell complimentary products, points incentive"
17035,75,4,646.64,3,3,4,Loyal Customers,"Cross-sell complimentary products, points incentive"
17036,45,11,504.44,4,5,4,Champions,"VIP rewards, early access to new collections"
17037,43,7,1171.74,4,5,5,Champions,"VIP rewards, early access to new collections"
17038,18,7,571.33,5,5,4,Champions,"VIP rewards, early access to new collections"
17039,126,3,580.72,1,2,4,Lost Customers,Low-cost automated re-engagement email
17040,20,6,787.27,5,4,4,Champions,"VIP rewards, early access to new collections"
17041,60,3,176.37,3,2,2,Lost Customers,Low-cost automated re-engagement email
17042,49,4,133.74,4,3,1,Lost Customers,Low-cost automated re-engagement email
17043,73,6,344.3,3,4,3,Loyal Customers,"Cross-sell complimentary products, points incentive"
17044,98,4,425.16,2,3,3,At Risk,High-value win-back offer with targeted discount
17045,44,5,215.94,4,4,2,Lost Customers,Low-cost automated re-engagement email
17046,24,10,784.47,5,5,4,Champions,"VIP rewards, early access to new collections"
17047,36,3,718.75,4,2,4,New Customers,Welcome onboarding campaign to drive 2nd purchase
17048,29,2,518.3,5,2,4,New Customers,Welcome onboarding campaign to drive 2nd purchase
17049,209,2,276.86,1,2,3,Lost Customers,Low-cost automated re-engagement email
17050,150,2,614.06,1,2,4,Lost Customers,Low-cost automated re-engagement email
17051,17,13,374.7,5,5,3,Loyal Customers,"Cross-sell complimentary products, points incentive"
17052,50,6,1736.35,4,4,5,Champions,"VIP rewards, early access to new collections"
17053,28,8,211.79,5,5,2,Lost Customers,Low-cost automated re-engagement email
17054,36,7,635.84,4,5,4,Champions,"VIP rewards, early access to new collections"
17055,40,3,129.93,4,2,1,New Customers,Welcome onboarding campaign to drive 2nd purchase
17056,30,13,2275.49,5,5,5,Champions,"VIP rewards, early access to new collections"
17057,118,2,43.98,2,2,1,Lost Customers,Low-cost automated re-engagement email
17058,81,17,312.57,3,5,3,Loyal Customers,"Cross-sell complimentary products, points incentive"
17059,76,4,199.79,3,3,2,Lost Customers,Low-cost automated re-engagement email
17060,162,14,656.14,1,5,4,At Risk,High-value win-back offer with targeted discount
17061,113,2,107.7,2,2,1,Lost Customers,Low-cost automated re-engagement email
17062,64,3,147.1,3,2,2,Lost Customers,Low-cost automated re-engagement email
17063,77,1,167.1,3,1,2,Lost Customers,Low-cost automated re-engagement email
17064,126,8,667.26,1,5,4,At Risk,High-value win-back offer with targeted discount
17065,120,5,1814.6,2,4,5,At Risk,High-value win-back offer with targeted discount
17066,6,17,1883.71,5,5,5,Champions,"VIP rewards, early access to new collections"
17067,87,3,597.44,2,2,4,Lost Customers,Low-cost automated re-engagement email
17068,68,10,1516.91,3,5,5,Loyal Customers,"Cross-sell complimentary products, points incentive"
17069,102,4,160.43,2,3,2,Lost Customers,Low-cost automated re-engagement email
17070,11,4,225.33,5,3,2,Lost Customers,Low-cost automated re-engagement email
17071,133,3,660.73,1,2,4,Lost Customers,Low-cost automated re-engagement email
17072,106,2,36.4,2,2,1,Lost Customers,Low-cost automated re-engagement email
17073,47,5,697.45,4,4,4,Champions,"VIP rewards, early access to new collections"
17074,189,4,306.7,1,3,3,At Risk,High-value win-back offer with targeted discount
17075,24,1,46.04,5,1,1,New Customers,Welcome onboarding campaign to drive 2nd purchase
17076,74,1,70.83,3,1,1,Lost Customers,Low-cost automated re-engagement email
17077,40,3,1160.87,4,2,5,New Customers,Welcome onboarding campaign to drive 2nd purchase
17078,33,9,171.71,5,5,2,Lost Customers,Low-cost automated re-engagement email
17079,59,4,120.24,3,3,1,Lost Customers,Low-cost automated re-engagement email
17080,12,2,31.47,5,2,1,New Customers,Welcome onboarding campaign to drive 2nd purchase
17081,106,1,60.69,2,1,1,Lost Customers,Low-cost automated re-engagement email
17082,287,9,461.77,1,5,3,At Risk,High-value win-back offer with targeted discount
17083,23,1,104.01,5,1,1,New Customers,Welcome onboarding campaign to drive 2nd purchase
17084,160,7,409.27,1,5,3,At Risk,High-value win-back offer with targeted discount
17085,128,6,810.47,1,4,4,At Risk,High-value win-back offer with targeted discount
17086,15,13,575.93,5,5,4,Champions,"VIP rewards, early access to new collections"
17087,22,3,1783.46,5,2,5,New Customers,Welcome onboarding campaign to drive 2nd purchase
17088,73,8,1252.5,3,5,5,Loyal Customers,"Cross-sell complimentary products, points incentive"
17089,102,11,1575.0,2,5,5,At Risk,High-value win-back offer with targeted discount
17090,136,2,316.4,1,2,3,Lost Customers,Low-cost automated re-engagement email
17091,61,4,140.46,3,3,2,Lost Customers,Low-cost automated re-engagement email
17092,66,4,288.36,3,3,3,Loyal Customers,"Cross-sell complimentary products, points incentive"
17093,17,2,149.9,5,2,2,New Customers,Welcome onboarding campaign to drive 2nd purchase
17094,161,5,294.31,1,4,3,At Risk,High-value win-back offer with targeted discount
17095,130,2,131.73,1,2,1,Lost Customers,Low-cost automated re-engagement email
17096,92,5,949.36,2,4,5,At Risk,High-value win-back offer with targeted discount
17097,63,19,1622.3,3,5,5,Loyal Customers,"Cross-sell complimentary products, points incentive"
17098,160,3,353.62,1,2,3,Lost Customers,Low-cost automated re-engagement email
17099,23,4,78.75,5,3,1,Lost Customers,Low-cost automated re-engagement email
17100,77,11,205.29,3,5,2,Lost Customers,Low-cost automated re-engagement email
17101,213,10,384.92,1,5,3,At Risk,High-value win-back offer with targeted discount
17102,22,3,1181.0,5,2,5,New Customers,Welcome onboarding campaign to drive 2nd purchase
17103,247,6,3292.75,1,4,5,At Risk,High-value win-back offer with targeted discount
17104,124,1,218.05,1,1,2,Lost Customers,Low-cost automated re-engagement email
17105,105,2,126.25,2,2,1,Lost Customers,Low-cost automated re-engagement email
17106,157,8,1057.11,1,5,5,At Risk,High-value win-back offer with targeted discount
17107,137,3,840.99,1,2,4,Lost Customers,Low-cost automated re-engagement email
17108,15,3,1433.08,5,2,5,New Customers,Welcome onboarding campaign to drive 2nd purchase
17109,15,2,63.95,5,2,1,New Customers,Welcome onboarding campaign to drive 2nd purchase
17110,41,2,216.34,4,2,2,New Customers,Welcome onboarding campaign to drive 2nd purchase
17111,83,1,67.33,2,1,1,Lost Customers,Low-cost automated re-engagement email
17112,143,3,457.63,1,2,3,Lost Customers,Low-cost automated re-engagement email
17113,53,5,471.77,4,4,4,Champions,"VIP rewards, early access to new collections"
17114,33,5,182.94,5,4,2,Lost Customers,Low-cost automated re-engagement email
17115,119,2,256.85,2,2,2,Lost Customers,Low-cost automated re-engagement email
17116,51,2,96.18,4,2,1,New Customers,Welcome onboarding campaign to drive 2nd purchase
17117,86,3,261.59,2,2,2,Lost Customers,Low-cost automated re-engagement email
17118,65,2,182.09,3,2,2,Lost Customers,Low-cost automated re-engagement email
17119,35,2,821.79,4,2,4,New Customers,Welcome onboarding campaign to drive 2nd purchase
17120,36,4,480.53,4,3,4,Loyal Customers,"Cross-sell complimentary products, points incentive"
17121,22,2,166.15,5,2,2,New Customers,Welcome onboarding campaign to drive 2nd purchase
17122,147,10,1727.49,1,5,5,At Risk,High-value win-back offer with targeted discount
17123,47,2,81.24,4,2,1,New Customers,Welcome onboarding campaign to drive 2nd purchase
17124,34,3,295.74,5,2,3,New Customers,Welcome onboarding campaign to drive 2nd purchase
17125,11,7,1115.32,5,5,5,Champions,"VIP rewards, early access to new collections"
17126,8,6,917.53,5,4,5,Champions,"VIP rewards, early access to new collections"
17127,24,6,335.34,5,4,3,Loyal Customers,"Cross-sell complimentary products, points incentive"
17128,85,2,249.81,2,2,2,Lost Customers,Low-cost automated re-engagement email
17129,68,6,996.3,3,4,5,Loyal Customers,"Cross-sell complimentary products, points incentive"
17130,50,7,279.03,4,5,3,Loyal Customers,"Cross-sell complimentary products, points incentive"
17131,24,5,261.31,5,4,2,Lost Customers,Low-cost automated re-engagement email
17132,9,4,269.38,5,3,3,Loyal Customers,"Cross-sell complimentary products, points incentive"
17133,34,6,4395.5,5,4,5,Champions,"VIP rewards, early access to new collections"
17134,51,4,183.66,4,3,2,Lost Customers,Low-cost automated re-engagement email
17135,108,5,603.08,2,4,4,At Risk,High-value win-back offer with targeted discount
17136,16,4,262.05,5,3,2,Lost Customers,Low-cost automated re-engagement email
17137,48,1,38.71,4,1,1,New Customers,Welcome onboarding campaign to drive 2nd purchase
17138,23,3,506.1,5,2,4,New Customers,Welcome onboarding campaign to drive 2nd purchase
17139,40,18,455.16,4,5,3,Loyal Customers,"Cross-sell complimentary products, points incentive"
17140,238,1,330.03,1,1,3,Lost Customers,Low-cost automated re-engagement email
17141,28,12,423.9,5,5,3,Loyal Customers,"Cross-sell complimentary products, points incentive"
17142,24,6,296.72,5,4,3,Loyal Customers,"Cross-sell complimentary products, points incentive"
17143,341,4,602.42,1,3,4,At Risk,High-value win-back offer with targeted discount
17144,99,1,177.2,2,1,2,Lost Customers,Low-cost automated re-engagement email
17145,94,4,444.2,2,3,3,At Risk,High-value win-back offer with targeted discount
17146,30,2,111.46,5,2,1,New Customers,Welcome onboarding campaign to drive 2nd purchase
17147,235,9,193.08,1,5,2,Lost Customers,Low-cost automated re-engagement email
17148,17,2,166.04,5,2,2,New Customers,Welcome onboarding campaign to drive 2nd purchase
17149,136,3,125.66,1,2,1,Lost Customers,Low-cost automated re-engagement email
17150,149,5,3945.32,1,4,5,At Risk,High-value win-back offer with targeted discount
17151,172,2,202.93,1,2,2,Lost Customers,Low-cost automated re-engagement email
17152,186,8,225.69,1,5,2,Lost Customers,Low-cost automated re-engagement email
17153,53,3,200.26,4,2,2,New Customers,Welcome onboarding campaign to drive 2nd purchase
17154,81,1,178.07,3,1,2,Lost Customers,Low-cost automated re-engagement email
17155,68,4,1025.08,3,3,5,Loyal Customers,"Cross-sell complimentary products, points incentive"
17156,26,7,476.99,5,5,4,Champions,"VIP rewards, early access to new collections"
17157,50,11,889.92,4,5,4,Champions,"VIP rewards, early access to new collections"
17158,150,6,897.9,1,4,4,At Risk,High-value win-back offer with targeted discount
17159,18,9,349.02,5,5,3,Loyal Customers,"Cross-sell complimentary products, points incentive"
17160,116,5,615.21,2,4,4,At Risk,High-value win-back offer with targeted discount
17161,120,2,232.82,2,2,2,Lost Customers,Low-cost automated re-engagement email
17162,70,2,291.02,3,2,3,Lost Customers,Low-cost automated re-engagement email
17163,125,1,86.92,1,1,1,Lost Customers,Low-cost automated re-engagement email
17164,27,3,66.06,5,2,1,New Customers,Welcome onboarding campaign to drive 2nd purchase
17165,23,6,662.98,5,4,4,Champions,"VIP rewards, early access to new collections"
17166,46,1,40.92,4,1,1,New Customers,Welcome onboarding campaign to drive 2nd purchase
17167,83,10,4255.17,2,5,5,At Risk,High-value win-back offer with targeted discount
17168,224,4,1746.44,1,3,5,At Risk,High-value win-back offer with targeted discount
17169,70,2,64.25,3,2,1,Lost Customers,Low-cost automated re-engagement email
17170,46,1,41.7,4,1,1,New Customers,Welcome onboarding campaign to drive 2nd purchase
17171,146,13,146.63,1,5,2,Lost Customers,Low-cost automated re-engagement email
17172,19,9,1570.46,5,5,5,Champions,"VIP rewards, early access to new collections"
17173,16,3,161.23,5,2,2,New Customers,Welcome onboarding campaign to drive 2nd purchase
17174,227,7,803.9,1,5,4,At Risk,High-value win-back offer with targeted discount
17175,33,3,166.23,5,2,2,New Customers,Welcome onboarding campaign to drive 2nd purchase
17176,175,3,63.86,1,2,1,Lost Customers,Low-cost automated re-engagement email
17177,161,2,217.61,1,2,2,Lost Customers,Low-cost automated re-engagement email
17178,129,3,861.36,1,2,4,Lost Customers,Low-cost automated re-engagement email
17179,145,3,263.33,1,2,3,Lost Customers,Low-cost automated re-engagement email
17180,142,4,142.89,1,3,2,Lost Customers,Low-cost automated re-engagement email
17181,7,13,1024.12,5,5,5,Champions,"VIP rewards, early access to new collections"
17182,85,21,3000.36,2,5,5,At Risk,High-value win-back offer with targeted discount
17183,72,2,150.13,3,2,2,Lost Customers,Low-cost automated re-engagement email
17184,41,5,167.46,4,4,2,Lost Customers,Low-cost automated re-engagement email
17185,51,4,2217.44,4,3,5,Loyal Customers,"Cross-sell complimentary products, points incentive"
17186,61,6,138.44,3,4,2,Lost Customers,Low-cost automated re-engagement email
17187,52,3,2091.75,4,2,5,New Customers,Welcome onboarding campaign to drive 2nd purchase
17188,157,6,496.82,1,4,4,At Risk,High-value win-back offer with targeted discount
17189,53,2,403.68,4,2,3,New Customers,Welcome onboarding campaign to drive 2nd purchase
17190,333,50,5462.81,1,5,5,At Risk,High-value win-back offer with targeted discount
17191,37,5,204.29,4,4,2,Lost Customers,Low-cost automated re-engagement email
17192,47,6,1786.04,4,4,5,Champions,"VIP rewards, early access to new collections"
17193,57,2,313.4,3,2,3,Lost Customers,Low-cost automated re-engagement email
17194,33,2,165.19,5,2,2,New Customers,Welcome onboarding campaign to drive 2nd purchase
17195,57,2,346.56,3,2,3,Lost Customers,Low-cost automated re-engagement email
17196,40,11,875.07,4,5,4,Champions,"VIP rewards, early access to new collections"
17197,117,2,24.83,2,2,1,Lost Customers,Low-cost automated re-engagement email
17198,45,3,57.92,4,2,1,New Customers,Welcome onboarding campaign to drive 2nd purchase
17199,29,3,264.74,5,2,3,New Customers,Welcome onboarding campaign to drive 2nd purchase
17200,50,5,338.17,4,4,3,Loyal Customers,"Cross-sell complimentary products, points incentive"
17201,64,2,166.09,3,2,2,Lost Customers,Low-cost automated re-engagement email
17202,54,7,463.95,4,5,3,Loyal Customers,"Cross-sell complimentary products, points incentive"
17203,342,9,295.23,1,5,3,At Risk,High-value win-back offer with targeted discount
17204,96,2,51.87,2,2,1,Lost Customers,Low-cost automated re-engagement email
17205,22,4,168.19,5,3,2,Lost Customers,Low-cost automated re-engagement email
17206,107,6,1064.89,2,4,5,At Risk,High-value win-back offer with targeted discount
17207,83,5,215.73,2,4,2,Lost Customers,Low-cost automated re-engagement email
17208,98,2,459.93,2,2,3,Lost Customers,Low-cost automated re-engagement email
17209,107,6,212.47,2,4,2,Lost Customers,Low-cost automated re-engagement email
17210,170,12,3138.54,1,5,5,At Risk,High-value win-back offer with targeted discount
17211,60,12,679.18,3,5,4,Loyal Customers,"Cross-sell complimentary products, points incentive"
17212,65,6,409.33,3,4,3,Loyal Customers,"Cross-sell complimentary products, points incentive"
17213,37,7,481.29,4,5,4,Champions,"VIP rewards, early access to new collections"
17214,79,3,456.01,3,2,3,Lost Customers,Low-cost automated re-engagement email
17215,33,2,225.88,5,2,2,New Customers,Welcome onboarding campaign to drive 2nd purchase
17216,27,4,408.11,5,3,3,Loyal Customers,"Cross-sell complimentary products, points incentive"
17217,212,21,1757.63,1,5,5,At Risk,High-value win-back offer with targeted discount
17218,64,3,161.77,3,2,2,Lost Customers,Low-cost automated re-engagement email
17219,97,5,1207.92,2,4,5,At Risk,High-value win-back offer with targeted discount
17220,41,5,486.29,4,4,4,Champions,"VIP rewards, early access to new collections"
17221,242,3,452.76,1,2,3,Lost Customers,Low-cost automated re-engagement email
17222,56,11,1185.61,4,5,5,Champions,"VIP rewards, early access to new collections"
17223,186,12,739.14,1,5,4,At Risk,High-value win-back offer with targeted discount
17224,97,29,22542.07,2,5,5,At Risk,High-value win-back offer with targeted discount
17225,71,2,544.72,3,2,4,Lost Customers,Low-cost automated re-engagement email
17226,86,5,276.81,2,4,3,At Risk,High-value win-back offer with targeted discount
17227,63,4,2283.82,3,3,5,Loyal Customers,"Cross-sell complimentary products, points incentive"
17228,60,2,414.79,3,2,3,Lost Customers,Low-cost automated re-engagement email
17229,82,2,67.32,3,2,1,Lost Customers,Low-cost automated re-engagement email
17230,10,4,796.39,5,3,4,Loyal Customers,"Cross-sell complimentary products, points incentive"
17231,41,3,392.75,4,2,3,New Customers,Welcome onboarding campaign to drive 2nd purchase
17232,117,2,208.96,2,2,2,Lost Customers,Low-cost automated re-engagement email
17233,124,4,897.45,1,3,4,At Risk,High-value win-back offer with targeted discount
17234,291,2,244.67,1,2,2,Lost Customers,Low-cost automated re-engagement email
17235,136,3,44.25,1,2,1,Lost Customers,Low-cost automated re-engagement email
17236,130,5,133.13,1,4,1,Lost Customers,Low-cost automated re-engagement email
17237,88,3,125.04,2,2,1,Lost Customers,Low-cost automated re-engagement email
17238,155,3,1627.24,1,2,5,Lost Customers,Low-cost automated re-engagement email
17239,76,15,2427.37,3,5,5,Loyal Customers,"Cross-sell complimentary products, points incentive"
17240,71,11,1611.46,3,5,5,Loyal Customers,"Cross-sell complimentary products, points incentive"
17241,72,4,396.77,3,3,3,Loyal Customers,"Cross-sell complimentary products, points incentive"
17242,152,2,78.55,1,2,1,Lost Customers,Low-cost automated re-engagement email
17243,72,7,170.31,3,5,2,Lost Customers,Low-cost automated re-engagement email
17244,96,26,5734.79,2,5,5,At Risk,High-value win-back offer with targeted discount
17245,44,10,4022.46,4,5,5,Champions,"VIP rewards, early access to new collections"
17246,231,2,331.27,1,2,3,Lost Customers,Low-cost automated re-engagement email
17247,53,3,173.62,4,2,2,New Customers,Welcome onboarding campaign to drive 2nd purchase
17248,70,2,124.59,3,2,1,Lost Customers,Low-cost automated re-engagement email
17249,129,2,335.95,1,2,3,Lost Customers,Low-cost automated re-engagement email
17250,169,9,729.47,1,5,4,At Risk,High-value win-back offer with targeted discount
17251,74,9,703.19,3,5,4,Loyal Customers,"Cross-sell complimentary products, points incentive"
17252,117,14,776.19,2,5,4,At Risk,High-value win-back offer with targeted discount
17253,34,6,297.3,5,4,3,Loyal Customers,"Cross-sell complimentary products, points incentive"
17254,83,4,323.11,2,3,3,At Risk,High-value win-back offer with targeted discount
17255,116,4,86.57,2,3,1,Lost Customers,Low-cost automated re-engagement email
17256,185,2,314.36,1,2,3,Lost Customers,Low-cost automated re-engagement email
17257,22,10,167.69,5,5,2,Lost Customers,Low-cost automated re-engagement email
17258,29,2,469.64,5,2,4,New Customers,Welcome onboarding campaign to drive 2nd purchase
17259,15,3,167.95,5,2,2,New Customers,Welcome onboarding campaign to drive 2nd purchase
17260,25,3,242.64,5,2,2,New Customers,Welcome onboarding campaign to drive 2nd purchase
17261,159,1,148.74,1,1,2,Lost Customers,Low-cost automated re-engagement email
17262,43,7,486.28,4,5,4,Champions,"VIP rewards, early access to new collections"
17263,72,2,92.63,3,2,1,Lost Customers,Low-cost automated re-engagement email
17264,30,6,698.93,5,4,4,Champions,"VIP rewards, early access to new collections"
17265,48,3,1952.97,4,2,5,New Customers,Welcome onboarding campaign to drive 2nd purchase
17266,216,3,548.75,1,2,4,Lost Customers,Low-cost automated re-engagement email
17267,89,2,91.01,2,2,1,Lost Customers,Low-cost automated re-engagement email
17268,104,11,721.31,2,5,4,At Risk,High-value win-back offer with targeted discount
17269,63,13,761.58,3,5,4,Loyal Customers,"Cross-sell complimentary products, points incentive"
17270,147,8,284.57,1,5,3,At Risk,High-value win-back offer with targeted discount
17271,144,5,772.25,1,4,4,At Risk,High-value win-back offer with targeted discount
17272,58,4,268.5,3,3,3,Loyal Customers,"Cross-sell complimentary products, points incentive"
17273,69,8,958.55,3,5,5,Loyal Customers,"Cross-sell complimentary products, points incentive"
17274,163,4,34.22,1,3,1,Lost Customers,Low-cost automated re-engagement email
17275,72,10,1675.06,3,5,5,Loyal Customers,"Cross-sell complimentary products, points incentive"
17276,52,2,105.67,4,2,1,New Customers,Welcome onboarding campaign to drive 2nd purchase
17277,55,8,291.4,4,5,3,Loyal Customers,"Cross-sell complimentary products, points incentive"
17278,47,10,270.07,4,5,3,Loyal Customers,"Cross-sell complimentary products, points incentive"
17279,71,2,78.67,3,2,1,Lost Customers,Low-cost automated re-engagement email
17280,49,2,122.5,4,2,1,New Customers,Welcome onboarding campaign to drive 2nd purchase
17281,71,4,801.21,3,3,4,Loyal Customers,"Cross-sell complimentary products, points incentive"
17282,38,5,301.9,4,4,3,Loyal Customers,"Cross-sell complimentary products, points incentive"
17283,90,3,653.97,2,2,4,Lost Customers,Low-cost automated re-engagement email
17284,100,4,468.36,2,3,4,At Risk,High-value win-back offer with targeted discount
17285,112,1,462.85,2,1,3,Lost Customers,Low-cost automated re-engagement email
17286,101,7,401.45,2,5,3,At Risk,High-value win-back offer with targeted discount
17287,139,7,914.4,1,5,5,At Risk,High-value win-back offer with targeted discount
17288,76,12,3323.72,3,5,5,Loyal Customers,"Cross-sell complimentary products, points incentive"
17289,71,6,952.48,3,4,5,Loyal Customers,"Cross-sell complimentary products, points incentive"
17290,43,3,231.68,4,2,2,New Customers,Welcome onboarding campaign to drive 2nd purchase
17291,120,2,116.08,2,2,1,Lost Customers,Low-cost automated re-engagement email
17292,45,2,31.31,4,2,1,New Customers,Welcome onboarding campaign to drive 2nd purchase
17293,13,4,290.24,5,3,3,Loyal Customers,"Cross-sell complimentary products, points incentive"
17294,41,2,78.49,4,2,1,New Customers,Welcome onboarding campaign to drive 2nd purchase
17295,126,2,110.56,1,2,1,Lost Customers,Low-cost automated re-engagement email
17296,109,4,377.21,2,3,3,At Risk,High-value win-back offer with targeted discount
17297,83,1,22.09,2,1,1,Lost Customers,Low-cost automated re-engagement email
17298,275,2,73.67,1,2,1,Lost Customers,Low-cost automated re-engagement email
17299,90,4,510.26,2,3,4,At Risk,High-value win-back offer with targeted discount
17300,36,5,144.16,4,4,2,Lost Customers,Low-cost automated re-engagement email
17301,33,7,605.0,5,5,4,Champions,"VIP rewards, early access to new collections"
17302,101,4,101.98,2,3,1,Lost Customers,Low-cost automated re-engagement email
17303,180,4,578.24,1,3,4,At Risk,High-value win-back offer with targeted discount
17304,70,6,975.69,3,4,5,Loyal Customers,"Cross-sell complimentary products, points incentive"
17305,92,4,1094.14,2,3,5,At Risk,High-value win-back offer with targeted discount
17306,96,2,552.15,2,2,4,Lost Customers,Low-cost automated re-engagement email
17307,282,2,230.42,1,2,2,Lost Customers,Low-cost automated re-engagement email
17308,134,13,239.71,1,5,2,Lost Customers,Low-cost automated re-engagement email
17309,156,44,3968.21,1,5,5,At Risk,High-value win-back offer with targeted discount
17310,34,6,815.57,5,4,4,Champions,"VIP rewards, early access to new collections"
17311,45,2,200.73,4,2,2,New Customers,Welcome onboarding campaign to drive 2nd purchase
17312,42,16,6432.18,4,5,5,Champions,"VIP rewards, early access to new collections"
17313,59,3,868.28,3,2,4,Lost Customers,Low-cost automated re-engagement email
17314,74,5,460.83,3,4,3,Loyal Customers,"Cross-sell complimentary products, points incentive"
17315,88,4,704.51,2,3,4,At Risk,High-value win-back offer with targeted discount
17316,66,4,96.21,3,3,1,Lost Customers,Low-cost automated re-engagement email
17317,41,3,320.18,4,2,3,New Customers,Welcome onboarding campaign to drive 2nd purchase
17318,29,10,288.63,5,5,3,Loyal Customers,"Cross-sell complimentary products, points incentive"
17319,94,3,229.86,2,2,2,Lost Customers,Low-cost automated re-engagement email
17320,114,6,293.21,2,4,3,At Risk,High-value win-back offer with targeted discount
17321,61,6,300.57,3,4,3,Loyal Customers,"Cross-sell complimentary products, points incentive"
17322,16,4,173.32,5,3,2,Lost Customers,Low-cost automated re-engagement email
17323,133,1,62.79,1,1,1,Lost Customers,Low-cost automated re-engagement email
17324,59,2,107.61,3,2,1,Lost Customers,Low-cost automated re-engagement email
17325,21,6,955.02,5,4,5,Champions,"VIP rewards, early access to new collections"
17326,69,5,354.77,3,4,3,Loyal Customers,"Cross-sell complimentary products, points incentive"
17327,139,2,172.8,1,2,2,Lost Customers,Low-cost automated re-engagement email
17328,51,4,467.9,4,3,4,Loyal Customers,"Cross-sell complimentary products, points incentive"
17329,5,4,466.55,5,3,4,Loyal Customers,"Cross-sell complimentary products, points incentive"
17330,56,6,206.39,4,4,2,Lost Customers,Low-cost automated re-engagement email
17331,40,15,1064.39,4,5,5,Champions,"VIP rewards, early access to new collections"
17332,79,1,111.44,3,1,1,Lost Customers,Low-cost automated re-engagement email
17333,71,9,366.65,3,5,3,Loyal Customers,"Cross-sell complimentary products, points incentive"
17334,47,4,147.21,4,3,2,Lost Customers,Low-cost automated re-engagement email
17335,45,2,62.63,4,2,1,New Customers,Welcome onboarding campaign to drive 2nd purchase
17336,167,4,431.87,1,3,3,At Risk,High-value win-back offer with targeted discount
17337,100,11,760.09,2,5,4,At Risk,High-value win-back offer with targeted discount
17338,98,14,1099.76,2,5,5,At Risk,High-value win-back offer with targeted discount
17339,128,2,36.27,1,2,1,Lost Customers,Low-cost automated re-engagement email
17340,58,2,191.9,3,2,2,Lost Customers,Low-cost automated re-engagement email
17341,197,2,200.67,1,2,2,Lost Customers,Low-cost automated re-engagement email
17342,88,5,570.51,2,4,4,At Risk,High-value win-back offer with targeted discount
17343,76,5,1648.08,3,4,5,Loyal Customers,"Cross-sell complimentary products, points incentive"
17344,88,8,363.47,2,5,3,At Risk,High-value win-back offer with targeted discount
17345,56,5,698.14,4,4,4,Champions,"VIP rewards, early access to new collections"
17346,41,7,851.45,4,5,4,Champions,"VIP rewards, early access to new collections"
17347,148,2,271.21,1,2,3,Lost Customers,Low-cost automated re-engagement email
17348,26,14,953.06,5,5,5,Champions,"VIP rewards, early access to new collections"
17349,28,10,1789.58,5,5,5,Champions,"VIP rewards, early access to new collections"
17350,65,3,140.08,3,2,2,Lost Customers,Low-cost automated re-engagement email
17351,35,2,117.97,4,2,1,New Customers,Welcome onboarding campaign to drive 2nd purchase
17352,16,7,533.37,5,5,4,Champions,"VIP rewards, early access to new collections"
17353,27,1,73.22,5,1,1,New Customers,Welcome onboarding campaign to drive 2nd purchase
17354,36,2,251.99,4,2,2,New Customers,Welcome onboarding campaign to drive 2nd purchase
17355,91,2,227.56,2,2,2,Lost Customers,Low-cost automated re-engagement email
17356,61,4,458.63,3,3,3,Loyal Customers,"Cross-sell complimentary products, points incentive"
17357,131,3,887.3,1,2,4,Lost Customers,Low-cost automated re-engagement email
17358,26,2,149.31,5,2,2,New Customers,Welcome onboarding campaign to drive 2nd purchase
17359,30,2,465.8,5,2,4,New Customers,Welcome onboarding campaign to drive 2nd purchase
17360,81,2,69.07,3,2,1,Lost Customers,Low-cost automated re-engagement email
17361,40,2,160.4,4,2,2,New Customers,Welcome onboarding campaign to drive 2nd purchase
17362,54,6,508.48,4,4,4,Champions,"VIP rewards, early access to new collections"
17363,28,9,249.58,5,5,2,Lost Customers,Low-cost automated re-engagement email
17364,26,5,468.7,5,4,4,Champions,"VIP rewards, early access to new collections"
17365,39,11,1098.95,4,5,5,Champions,"VIP rewards, early access to new collections"
17366,137,2,308.2,1,2,3,Lost Customers,Low-cost automated re-engagement email
17367,21,2,277.84,5,2,3,New Customers,Welcome onboarding campaign to drive 2nd purchase
17368,147,5,142.55,1,4,2,Lost Customers,Low-cost automated re-engagement email
17369,128,6,1584.63,1,4,5,At Risk,High-value win-back offer with targeted discount
17370,47,4,237.48,4,3,2,Lost Customers,Low-cost automated re-engagement email
17371,70,4,208.92,3,3,2,Lost Customers,Low-cost automated re-engagement email
17372,86,2,279.89,2,2,3,Lost Customers,Low-cost automated re-engagement email
17373,110,1,193.63,2,1,2,Lost Customers,Low-cost automated re-engagement email
17374,30,6,353.13,5,4,3,Loyal Customers,"Cross-sell complimentary products, points incentive"
17375,119,8,691.96,2,5,4,At Risk,High-value win-back offer with targeted discount
17376,75,3,613.17,3,2,4,Lost Customers,Low-cost automated re-engagement email
17377,32,3,116.87,5,2,1,New Customers,Welcome onboarding campaign to drive 2nd purchase
17378,75,2,14.5,3,2,1,Lost Customers,Low-cost automated re-engagement email
17379,32,3,438.16,5,2,3,New Customers,Welcome onboarding campaign to drive 2nd purchase
17380,69,8,1640.82,3,5,5,Loyal Customers,"Cross-sell complimentary products, points incentive"
17381,49,2,42.87,4,2,1,New Customers,Welcome onboarding campaign to drive 2nd purchase
17382,78,6,530.37,3,4,4,Loyal Customers,"Cross-sell complimentary products, points incentive"
17383,82,3,172.5,3,2,2,Lost Customers,Low-cost automated re-engagement email
17384,161,1,101.07,1,1,1,Lost Customers,Low-cost automated re-engagement email
17385,106,3,41.97,2,2,1,Lost Customers,Low-cost automated re-engagement email
17386,93,13,374.04,2,5,3,At Risk,High-value win-back offer with targeted discount
17387,15,2,269.62,5,2,3,New Customers,Welcome onboarding campaign to drive 2nd purchase
17388,134,3,239.54,1,3,2,Lost Customers,Low-cost automated re-engagement email
17389,51,4,1394.59,4,3,5,Loyal Customers,"Cross-sell complimentary products, points incentive"
17390,28,4,611.55,5,3,4,Loyal Customers,"Cross-sell complimentary products, points incentive"
17391,246,12,454.05,1,5,3,At Risk,High-value win-back offer with targeted discount
17392,40,2,343.99,4,2,3,New Customers,Welcome onboarding campaign to drive 2nd purchase
17393,173,4,1675.52,1,3,5,At Risk,High-value win-back offer with targeted discount
17394,87,7,590.44,2,5,4,At Risk,High-value win-back offer with targeted discount
17395,101,2,258.7,2,2,2,Lost Customers,Low-cost automated re-engagement email
17396,69,4,756.83,3,3,4,Loyal Customers,"Cross-sell complimentary products, points incentive"
17397,33,8,619.74,5,5,4,Champions,"VIP rewards, early access to new collections"
17398,115,3,40.24,2,3,1,Lost Customers,Low-cost automated re-engagement email
17399,83,3,445.37,2,3,3,At Risk,High-value win-back offer with targeted discount
17400,82,2,369.79,3,2,3,Lost Customers,Low-cost automated re-engagement email
17401,74,8,2687.28,3,5,5,Loyal Customers,"Cross-sell complimentary products, points incentive"
17402,57,4,133.76,3,3,1,Lost Customers,Low-cost automated re-engagement email
17403,115,3,104.58,2,3,1,Lost Customers,Low-cost automated re-engagement email
17404,99,3,145.25,2,3,2,Lost Customers,Low-cost automated re-engagement email
17405,124,4,309.57,1,3,3,At Risk,High-value win-back offer with targeted discount
17406,59,5,730.7,3,4,4,Loyal Customers,"Cross-sell complimentary products, points incentive"
17407,56,2,65.64,4,2,1,New Customers,Welcome onboarding campaign to drive 2nd purchase
17408,46,3,634.57,4,3,4,Loyal Customers,"Cross-sell complimentary products, points incentive"
17409,75,3,606.4,3,3,4,Loyal Customers,"Cross-sell complimentary products, points incentive"
17410,16,4,829.59,5,3,4,Loyal Customers,"Cross-sell complimentary products, points incentive"
17411,325,12,816.98,1,5,4,At Risk,High-value win-back offer with targeted discount
17412,42,2,24.09,4,2,1,New Customers,Welcome onboarding campaign to drive 2nd purchase
17413,157,1,380.37,1,1,3,Lost Customers,Low-cost automated re-engagement email
17414,50,11,580.74,4,5,4,Champions,"VIP rewards, early access to new collections"
17415,105,2,343.44,2,2,3,Lost Customers,Low-cost automated re-engagement email
17416,208,11,1104.79,1,5,5,At Risk,High-value win-back offer with targeted discount
17417,101,9,2237.43,2,5,5,At Risk,High-value win-back offer with targeted discount
17418,200,6,515.74,1,4,4,At Risk,High-value win-back offer with targeted discount
17419,151,9,861.88,1,5,4,At Risk,High-value win-back offer with targeted discount
17420,31,1,105.84,5,1,1,New Customers,Welcome onboarding campaign to drive 2nd purchase
17421,116,2,262.16,2,2,2,Lost Customers,Low-cost automated re-engagement email
17422,90,5,148.07,2,4,2,Lost Customers,Low-cost automated re-engagement email
17423,39,3,1460.71,4,3,5,Loyal Customers,"Cross-sell complimentary products, points incentive"
17424,143,2,168.94,1,2,2,Lost Customers,Low-cost automated re-engagement email
17425,25,7,1057.31,5,5,5,Champions,"VIP rewards, early access to new collections"
17426,136,5,1761.12,1,4,5,At Risk,High-value win-back offer with targeted discount
17427,117,8,715.07,2,5,4,At Risk,High-value win-back offer with targeted discount
17428,76,3,110.19,3,3,1,Lost Customers,Low-cost automated re-engagement email
17429,44,4,142.77,4,3,2,Lost Customers,Low-cost automated re-engagement email
17430,115,12,720.64,2,5,4,At Risk,High-value win-back offer with targeted discount
17431,11,2,243.02,5,2,2,New Customers,Welcome onboarding campaign to drive 2nd purchase
17432,37,4,534.01,4,3,4,Loyal Customers,"Cross-sell complimentary products, points incentive"
17433,70,2,497.71,3,2,4,Lost Customers,Low-cost automated re-engagement email
17434,76,13,293.53,3,5,3,Loyal Customers,"Cross-sell complimentary products, points incentive"
17435,38,23,2527.6,4,5,5,Champions,"VIP rewards, early access to new collections"
17436,39,4,626.66,4,3,4,Loyal Customers,"Cross-sell complimentary products, points incentive"
17437,103,5,757.31,2,4,4,At Risk,High-value win-back offer with targeted discount
17438,32,4,40.9,5,3,1,Lost Customers,Low-cost automated re-engagement email
17439,53,3,193.22,4,3,2,Lost Customers,Low-cost automated re-engagement email
17440,25,4,748.93,5,3,4,Loyal Customers,"Cross-sell complimentary products, points incentive"
17441,73,2,86.66,3,2,1,Lost Customers,Low-cost automated re-engagement email
17442,60,6,185.69,3,4,2,Lost Customers,Low-cost automated re-engagement email
17443,10,2,299.06,5,2,3,New Customers,Welcome onboarding campaign to drive 2nd purchase
17444,21,3,353.49,5,3,3,Loyal Customers,"Cross-sell complimentary products, points incentive"
17445,164,4,443.07,1,3,3,At Risk,High-value win-back offer with targeted discount
17446,40,2,100.63,4,2,1,New Customers,Welcome onboarding campaign to drive 2nd purchase
17447,92,6,165.43,2,4,2,Lost Customers,Low-cost automated re-engagement email
17448,30,3,634.67,5,3,4,Loyal Customers,"Cross-sell complimentary products, points incentive"
17449,180,8,14517.14,1,5,5,At Risk,High-value win-back offer with targeted discount
17450,15,2,41.89,5,2,1,New Customers,Welcome onboarding campaign to drive 2nd purchase
17451,153,3,676.42,1,3,4,At Risk,High-value win-back offer with targeted discount
17452,76,2,154.32,3,2,2,Lost Customers,Low-cost automated re-engagement email
17453,113,8,958.03,2,5,5,At Risk,High-value win-back offer with targeted discount
17454,166,3,255.92,1,3,2,Lost Customers,Low-cost automated re-engagement email
17455,85,3,1947.51,2,3,5,At Risk,High-value win-back offer with targeted discount
17456,212,3,131.21,1,3,1,Lost Customers,Low-cost automated re-engagement email
17457,164,4,209.56,1,3,2,Lost Customers,Low-cost automated re-engagement email
17458,110,5,482.03,2,4,4,At Risk,High-value win-back offer with targeted discount
17459,147,6,900.07,1,4,4,At Risk,High-value win-back offer with targeted discount
17460,71,3,897.88,3,3,4,Loyal Customers,"Cross-sell complimentary products, points incentive"
17461,33,4,560.47,5,3,4,Loyal Customers,"Cross-sell complimentary products, points incentive"
17462,295,1,110.27,1,1,1,Lost Customers,Low-cost automated re-engagement email
17463,74,3,181.46,3,3,2,Lost Customers,Low-cost automated re-engagement email
17464,88,11,1570.42,2,5,5,At Risk,High-value win-back offer with targeted discount
17465,22,5,236.8,5,4,2,Lost Customers,Low-cost automated re-engagement email
17466,172,2,215.94,1,2,2,Lost Customers,Low-cost automated re-engagement email
17467,86,3,221.95,2,3,2,Lost Customers,Low-cost automated re-engagement email
17468,103,3,111.53,2,3,1,Lost Customers,Low-cost automated re-engagement email
17469,113,8,2928.5,2,5,5,At Risk,High-value win-back offer with targeted discount
17470,40,8,298.2,4,5,3,Loyal Customers,"Cross-sell complimentary products, points incentive"
17471,169,2,126.29,1,2,1,Lost Customers,Low-cost automated re-engagement email
17472,93,4,86.48,2,3,1,Lost Customers,Low-cost automated re-engagement email
17473,11,2,154.78,5,2,2,New Customers,Welcome onboarding campaign to drive 2nd purchase
17474,147,3,398.95,1,3,3,At Risk,High-value win-back offer with targeted discount
17475,66,3,119.41,3,3,1,Lost Customers,Low-cost automated re-engagement email
17476,43,2,35.02,4,2,1,New Customers,Welcome onboarding campaign to drive 2nd purchase
17477,16,5,321.15,5,4,3,Loyal Customers,"Cross-sell complimentary products, points incentive"
17478,53,10,781.77,4,5,4,Champions,"VIP rewards, early access to new collections"
17479,49,4,291.38,4,3,3,Loyal Customers,"Cross-sell complimentary products, points incentive"
17480,158,2,749.83,1,2,4,Lost Customers,Low-cost automated re-engagement email
17481,46,4,486.74,4,3,4,Loyal Customers,"Cross-sell complimentary products, points incentive"
17482,20,4,453.54,5,3,3,Loyal Customers,"Cross-sell complimentary products, points incentive"
17483,104,3,363.42,2,3,3,At Risk,High-value win-back offer with targeted discount
17484,163,15,1806.73,1,5,5,At Risk,High-value win-back offer with targeted discount
17485,56,5,302.04,4,4,3,Loyal Customers,"Cross-sell complimentary products, points incentive"
17486,240,6,232.7,1,4,2,Lost Customers,Low-cost automated re-engagement email
17487,146,1,832.34,1,1,4,Lost Customers,Low-cost automated re-engagement email
17488,173,2,157.84,1,2,2,Lost Customers,Low-cost automated re-engagement email
17489,102,6,550.72,2,4,4,At Risk,High-value win-back offer with targeted discount
17490,94,5,468.8,2,4,4,At Risk,High-value win-back offer with targeted discount
17491,44,3,136.64,4,3,1,Lost Customers,Low-cost automated re-engagement email
17492,205,5,528.5,1,4,4,At Risk,High-value win-back offer with targeted discount
17493,183,7,199.31,1,5,2,Lost Customers,Low-cost automated re-engagement email
17494,208,3,514.37,1,3,4,At Risk,High-value win-back offer with targeted discount
17495,71,3,214.44,3,3,2,Lost Customers,Low-cost automated re-engagement email
17496,57,3,745.48,3,3,4,Loyal Customers,"Cross-sell complimentary products, points incentive"
17497,123,5,716.99,1,4,4,At Risk,High-value win-back offer with targeted discount
17498,51,3,384.91,4,3,3,Loyal Customers,"Cross-sell complimentary products, points incentive"
17499,72,7,308.44,3,5,3,Loyal Customers,"Cross-sell complimentary products, points incentive"
17500,12,3,287.66,5,3,3,Loyal Customers,"Cross-sell complimentary products, points incentive"
17501,88,3,533.07,2,3,4,At Risk,High-value win-back offer with targeted discount
17502,110,22,2199.41,2,5,5,At Risk,High-value win-back offer with targeted discount
17503,176,2,53.05,1,2,1,Lost Customers,Low-cost automated re-engagement email
17504,126,7,1529.68,1,5,5,At Risk,High-value win-back offer with targeted discount
17505,141,1,177.74,1,1,2,Lost Customers,Low-cost automated re-engagement email
17506,229,6,139.93,1,4,2,Lost Customers,Low-cost automated re-engagement email
17507,38,29,2923.57,4,5,5,Champions,"VIP rewards, early access to new collections"
17508,32,8,1499.96,5,5,5,Champions,"VIP rewards, early access to new collections"
17509,84,10,524.78,2,5,4,At Risk,High-value win-back offer with targeted discount
17510,29,4,109.26,5,3,1,Lost Customers,Low-cost automated re-engagement email
17511,92,8,273.74,2,5,3,At Risk,High-value win-back offer with targeted discount
17512,30,5,408.07,5,4,3,Loyal Customers,"Cross-sell complimentary products, points incentive"
17513,35,17,3536.06,4,5,5,Champions,"VIP rewards, early access to new collections"
17514,16,2,67.67,5,2,1,New Customers,Welcome onboarding campaign to drive 2nd purchase
17515,87,9,306.57,2,5,3,At Risk,High-value win-back offer with targeted discount
17516,23,5,342.53,5,4,3,Loyal Customers,"Cross-sell complimentary products, points incentive"
17517,105,2,334.29,2,2,3,Lost Customers,Low-cost automated re-engagement email
17518,118,3,1309.02,2,3,5,At Risk,High-value win-back offer with targeted discount
17519,41,1,97.43,4,1,1,New Customers,Welcome onboarding campaign to drive 2nd purchase
17520,129,1,49.04,1,1,1,Lost Customers,Low-cost automated re-engagement email
17521,119,2,87.92,2,2,1,Lost Customers,Low-cost automated re-engagement email
17522,151,3,928.49,1,3,5,At Risk,High-value win-back offer with targeted discount
17523,38,4,115.55,4,3,1,Lost Customers,Low-cost automated re-engagement email
17524,37,2,214.35,4,2,2,New Customers,Welcome onboarding campaign to drive 2nd purchase
17525,113,3,884.05,2,3,4,At Risk,High-value win-back offer with targeted discount
17526,83,5,390.32,2,4,3,At Risk,High-value win-back offer with targeted discount
17527,89,3,102.07,2,3,1,Lost Customers,Low-cost automated re-engagement email
17528,180,2,289.87,1,2,3,Lost Customers,Low-cost automated re-engagement email
17529,135,2,197.69,1,2,2,Lost Customers,Low-cost automated re-engagement email
17530,119,10,1374.65,2,5,5,At Risk,High-value win-back offer with targeted discount
17531,110,1,151.53,2,1,2,Lost Customers,Low-cost automated re-engagement email
17532,143,9,1291.06,1,5,5,At Risk,High-value win-back offer with targeted discount
17533,64,10,1174.99,3,5,5,Loyal Customers,"Cross-sell complimentary products, points incentive"
17534,28,3,496.66,5,3,4,Loyal Customers,"Cross-sell complimentary products, points incentive"
17535,45,5,1515.64,4,4,5,Champions,"VIP rewards, early access to new collections"
17536,41,2,88.95,4,2,1,New Customers,Welcome onboarding campaign to drive 2nd purchase
17537,4,5,354.37,5,4,3,Loyal Customers,"Cross-sell complimentary products, points incentive"
17538,110,20,3677.95,2,5,5,At Risk,High-value win-back offer with targeted discount
17539,57,10,843.07,3,5,4,Loyal Customers,"Cross-sell complimentary products, points incentive"
17540,64,3,86.6,3,3,1,Lost Customers,Low-cost automated re-engagement email
17541,48,2,242.92,4,2,2,New Customers,Welcome onboarding campaign to drive 2nd purchase
17542,72,3,173.53,3,3,2,Lost Customers,Low-cost automated re-engagement email
17543,197,5,3034.36,1,4,5,At Risk,High-value win-back offer with targeted discount
17544,16,6,1320.44,5,4,5,Champions,"VIP rewards, early access to new collections"
17545,221,4,1022.44,1,3,5,At Risk,High-value win-back offer with targeted discount
17546,86,14,1308.42,2,5,5,At Risk,High-value win-back offer with targeted discount
17547,50,4,476.16,4,3,4,Loyal Customers,"Cross-sell complimentary products, points incentive"
17548,55,3,198.44,4,3,2,Lost Customers,Low-cost automated re-engagement email
17549,35,6,254.04,4,4,2,Lost Customers,Low-cost automated re-engagement email
17550,11,6,237.74,5,4,2,Lost Customers,Low-cost automated re-engagement email
17551,30,2,1231.62,5,2,5,New Customers,Welcome onboarding campaign to drive 2nd purchase
17552,72,2,257.32,3,2,2,Lost Customers,Low-cost automated re-engagement email
17553,60,1,27.37,3,1,1,Lost Customers,Low-cost automated re-engagement email
17554,101,3,641.59,2,3,4,At Risk,High-value win-back offer with targeted discount
17555,48,9,8587.74,4,5,5,Champions,"VIP rewards, early access to new collections"
17556,43,6,135.59,4,4,1,Lost Customers,Low-cost automated re-engagement email
17557,271,9,1390.59,1,5,5,At Risk,High-value win-back offer with targeted discount
17558,36,2,65.55,4,2,1,New Customers,Welcome onboarding campaign to drive 2nd purchase
17559,38,3,764.0,4,3,4,Loyal Customers,"Cross-sell complimentary products, points incentive"
17560,141,1,13.12,1,1,1,Lost Customers,Low-cost automated re-engagement email
17561,119,8,773.11,2,5,4,At Risk,High-value win-back offer with targeted discount
17562,53,10,1342.05,4,5,5,Champions,"VIP rewards, early access to new collections"
17563,126,2,51.78,1,2,1,Lost Customers,Low-cost automated re-engagement email
17564,79,13,1745.17,3,5,5,Loyal Customers,"Cross-sell complimentary products, points incentive"
17565,48,3,177.73,4,3,2,Lost Customers,Low-cost automated re-engagement email
17566,114,2,848.93,2,2,4,Lost Customers,Low-cost automated re-engagement email
17567,73,3,74.98,3,3,1,Lost Customers,Low-cost automated re-engagement email
17568,12,6,1223.42,5,4,5,Champions,"VIP rewards, early access to new collections"
17569,114,4,329.09,2,3,3,At Risk,High-value win-back offer with targeted discount
17570,65,3,865.14,3,3,4,Loyal Customers,"Cross-sell complimentary products, points incentive"
17571,187,6,1766.45,1,4,5,At Risk,High-value win-back offer with targeted discount
17572,130,6,430.65,1,4,3,At Risk,High-value win-back offer with targeted discount
17573,83,3,259.41,2,3,2,Lost Customers,Low-cost automated re-engagement email
17574,54,3,611.85,4,3,4,Loyal Customers,"Cross-sell complimentary products, points incentive"
17575,72,3,431.98,3,3,3,Loyal Customers,"Cross-sell complimentary products, points incentive"
17576,34,5,404.99,5,4,3,Loyal Customers,"Cross-sell complimentary products, points incentive"
17577,83,1,42.52,2,1,1,Lost Customers,Low-cost automated re-engagement email
17578,196,2,250.12,1,2,2,Lost Customers,Low-cost automated re-engagement email
17579,239,3,99.35,1,3,1,Lost Customers,Low-cost automated re-engagement email
17580,160,2,322.65,1,2,3,Lost Customers,Low-cost automated re-engagement email
17581,80,5,1222.88,3,4,5,Loyal Customers,"Cross-sell complimentary products, points incentive"
17582,20,4,171.18,5,3,2,Lost Customers,Low-cost automated re-engagement email
17583,68,25,1545.89,3,5,5,Loyal Customers,"Cross-sell complimentary products, points incentive"
17584,136,2,102.06,1,2,1,Lost Customers,Low-cost automated re-engagement email
17585,125,4,929.64,1,3,5,At Risk,High-value win-back offer with targeted discount
17586,64,2,189.12,3,2,2,Lost Customers,Low-cost automated re-engagement email
17587,60,16,1036.04,3,5,5,Loyal Customers,"Cross-sell complimentary products, points incentive"
17588,95,13,2095.88,2,5,5,At Risk,High-value win-back offer with targeted discount
17589,75,1,58.4,3,1,1,Lost Customers,Low-cost automated re-engagement email
17590,68,3,224.8,3,3,2,Lost Customers,Low-cost automated re-engagement email
17591,66,4,132.0,3,3,1,Lost Customers,Low-cost automated re-engagement email
17592,175,3,574.44,1,3,4,At Risk,High-value win-back offer with targeted discount
17593,30,3,101.07,5,3,1,Lost Customers,Low-cost automated re-engagement email
17594,57,7,2288.28,3,5,5,Loyal Customers,"Cross-sell complimentary products, points incentive"
17595,60,14,1562.66,3,5,5,Loyal Customers,"Cross-sell complimentary products, points incentive"
17596,81,7,547.23,3,5,4,Loyal Customers,"Cross-sell complimentary products, points incentive"
17597,73,7,622.74,3,5,4,Loyal Customers,"Cross-sell complimentary products, points incentive"
17598,70,3,1258.37,3,3,5,Loyal Customers,"Cross-sell complimentary products, points incentive"
17599,32,8,214.41,5,5,2,Lost Customers,Low-cost automated re-engagement email
17600,73,8,229.2,3,5,2,Lost Customers,Low-cost automated re-engagement email
17601,112,3,640.38,2,3,4,At Risk,High-value win-back offer with targeted discount
17602,83,3,117.85,2,3,1,Lost Customers,Low-cost automated re-engagement email
17603,30,1,46.28,5,1,1,New Customers,Welcome onboarding campaign to drive 2nd purchase
17604,78,2,120.83,3,2,1,Lost Customers,Low-cost automated re-engagement email
17605,74,3,743.63,3,3,4,Loyal Customers,"Cross-sell complimentary products, points incentive"
17606,55,2,373.06,4,2,3,New Customers,Welcome onboarding campaign to drive 2nd purchase
17607,84,7,554.93,2,5,4,At Risk,High-value win-back offer with targeted discount
17608,44,3,387.25,4,3,3,Loyal Customers,"Cross-sell complimentary products, points incentive"
17609,115,6,757.83,2,4,4,At Risk,High-value win-back offer with targeted discount
17610,230,2,73.03,1,2,1,Lost Customers,Low-cost automated re-engagement email
17611,122,10,388.21,1,5,3,At Risk,High-value win-back offer with targeted discount
17612,38,5,71.98,4,4,1,Lost Customers,Low-cost automated re-engagement email
17613,111,5,1721.54,2,4,5,At Risk,High-value win-back offer with targeted discount
17614,130,8,394.0,1,5,3,At Risk,High-value win-back offer with targeted discount
17615,94,5,455.62,2,4,3,At Risk,High-value win-back offer with targeted discount
17616,101,2,292.41,2,2,3,Lost Customers,Low-cost automated re-engagement email
17617,68,6,225.34,3,4,2,Lost Customers,Low-cost automated re-engagement email
17618,26,2,83.96,5,2,1,New Customers,Welcome onboarding campaign to drive 2nd purchase
17619,65,4,157.19,3,3,2,Lost Customers,Low-cost automated re-engagement email
17620,34,2,13.28,5,2,1,New Customers,Welcome onboarding campaign to drive 2nd purchase
17621,61,13,1103.59,3,5,5,Loyal Customers,"Cross-sell complimentary products, points incentive"
17622,47,6,4425.79,4,4,5,Champions,"VIP rewards, early access to new collections"
17623,32,8,447.17,5,5,3,Loyal Customers,"Cross-sell complimentary products, points incentive"
17624,170,2,114.58,1,2,1,Lost Customers,Low-cost automated re-engagement email
17625,72,5,322.66,3,4,3,Loyal Customers,"Cross-sell complimentary products, points incentive"
17626,49,4,476.63,4,3,4,Loyal Customers,"Cross-sell complimentary products, points incentive"
17627,17,4,796.0,5,3,4,Loyal Customers,"Cross-sell complimentary products, points incentive"
17628,125,1,42.48,1,1,1,Lost Customers,Low-cost automated re-engagement email
17629,85,16,2183.98,2,5,5,At Risk,High-value win-back offer with targeted discount
17630,251,4,333.33,1,3,3,At Risk,High-value win-back offer with targeted discount
17631,41,5,589.0,4,4,4,Champions,"VIP rewards, early access to new collections"
17632,161,2,270.24,1,2,3,Lost Customers,Low-cost automated re-engagement email
17633,65,11,411.81,3,5,3,Loyal Customers,"Cross-sell complimentary products, points incentive"
17634,35,11,616.73,4,5,4,Champions,"VIP rewards, early access to new collections"
17635,53,7,955.31,4,5,5,Champions,"VIP rewards, early access to new collections"
17636,78,5,396.74,3,4,3,Loyal Customers,"Cross-sell complimentary products, points incentive"
17637,49,22,4040.23,4,5,5,Champions,"VIP rewards, early access to new collections"
17638,27,8,589.51,5,5,4,Champions,"VIP rewards, early access to new collections"
17639,34,2,447.01,5,2,3,New Customers,Welcome onboarding campaign to drive 2nd purchase
17640,104,4,61.56,2,3,1,Lost Customers,Low-cost automated re-engagement email
17641,31,6,722.54,5,4,4,Champions,"VIP rewards, early access to new collections"
17642,44,4,112.8,4,3,1,Lost Customers,Low-cost automated re-engagement email
17643,32,6,1481.77,5,4,5,Champions,"VIP rewards, early access to new collections"
17644,87,11,865.64,2,5,4,At Risk,High-value win-back offer with targeted discount
17645,332,3,198.77,1,3,2,Lost Customers,Low-cost automated re-engagement email
17646,101,3,128.38,2,3,1,Lost Customers,Low-cost automated re-engagement email
17647,40,2,327.17,4,2,3,New Customers,Welcome onboarding campaign to drive 2nd purchase
17648,87,1,150.1,2,1,2,Lost Customers,Low-cost automated re-engagement email
17649,42,3,209.61,4,3,2,Lost Customers,Low-cost automated re-engagement email
17650,81,2,327.68,3,2,3,Lost Customers,Low-cost automated re-engagement email
17651,184,3,329.37,1,3,3,At Risk,High-value win-back offer with targeted discount
17652,69,3,291.77,3,3,3,Loyal Customers,"Cross-sell complimentary products, points incentive"
17653,91,2,364.21,2,2,3,Lost Customers,Low-cost automated re-engagement email
17654,71,3,1378.6,3,3,5,Loyal Customers,"Cross-sell complimentary products, points incentive"
17655,133,6,696.08,1,4,4,At Risk,High-value win-back offer with targeted discount
17656,113,3,348.52,2,3,3,At Risk,High-value win-back offer with targeted discount
17657,55,3,617.3,4,3,4,Loyal Customers,"Cross-sell complimentary products, points incentive"
17658,113,18,687.56,2,5,4,At Risk,High-value win-back offer with targeted discount
17659,82,8,610.74,3,5,4,Loyal Customers,"Cross-sell complimentary products, points incentive"
17660,52,4,254.38,4,3,2,Lost Customers,Low-cost automated re-engagement email
17661,52,5,589.81,4,4,4,Champions,"VIP rewards, early access to new collections"
17662,80,2,218.85,3,2,2,Lost Customers,Low-cost automated re-engagement email
17663,90,3,1314.64,2,3,5,At Risk,High-value win-back offer with targeted discount
17664,64,3,1040.94,3,3,5,Loyal Customers,"Cross-sell complimentary products, points incentive"
17665,92,4,92.11,2,3,1,Lost Customers,Low-cost automated re-engagement email
17666,39,4,496.63,4,3,4,Loyal Customers,"Cross-sell complimentary products, points incentive"
17667,30,2,340.54,5,2,3,New Customers,Welcome onboarding campaign to drive 2nd purchase
17668,19,6,582.54,5,4,4,Champions,"VIP rewards, early access to new collections"
17669,103,3,169.73,2,3,2,Lost Customers,Low-cost automated re-engagement email
17670,18,16,4981.23,5,5,5,Champions,"VIP rewards, early access to new collections"
17671,91,10,1211.64,2,5,5,At Risk,High-value win-back offer with targeted discount
17672,49,1,35.2,4,1,1,New Customers,Welcome onboarding campaign to drive 2nd purchase
17673,56,3,650.04,4,3,4,Loyal Customers,"Cross-sell complimentary products, points incentive"
17674,57,13,1782.76,3,5,5,Loyal Customers,"Cross-sell complimentary products, points incentive"
17675,295,6,302.62,1,4,3,At Risk,High-value win-back offer with targeted discount
17676,45,4,181.12,4,3,2,Lost Customers,Low-cost automated re-engagement email
17677,33,1,43.97,5,1,1,New Customers,Welcome onboarding campaign to drive 2nd purchase
17678,222,3,783.67,1,3,4,At Risk,High-value win-back offer with targeted discount
17679,21,4,612.05,5,3,4,Loyal Customers,"Cross-sell complimentary products, points incentive"
17680,26,1,212.85,5,1,2,New Customers,Welcome onboarding campaign to drive 2nd purchase
17681,127,6,649.24,1,4,4,At Risk,High-value win-back offer with targeted discount
17682,93,2,97.49,2,2,1,Lost Customers,Low-cost automated re-engagement email
17683,52,5,220.2,4,4,2,Lost Customers,Low-cost automated re-engagement email
17684,30,4,945.89,5,3,5,Loyal Customers,"Cross-sell complimentary products, points incentive"
17685,10,3,403.52,5,3,3,Loyal Customers,"Cross-sell complimentary products, points incentive"
17686,190,7,496.1,1,5,4,At Risk,High-value win-back offer with targeted discount
17687,113,5,458.82,2,4,3,At Risk,High-value win-back offer with targeted discount
17688,177,30,6630.77,1,5,5,At Risk,High-value win-back offer with targeted discount
17689,143,14,2092.1,1,5,5,At Risk,High-value win-back offer with targeted discount
17690,97,2,165.69,2,2,2,Lost Customers,Low-cost automated re-engagement email
17691,44,9,777.12,4,5,4,Champions,"VIP rewards, early access to new collections"
17692,30,2,105.81,5,2,1,New Customers,Welcome onboarding campaign to drive 2nd purchase
17693,153,2,183.83,1,2,2,Lost Customers,Low-cost automated re-engagement email
17694,49,2,138.94,4,2,2,New Customers,Welcome onboarding campaign to drive 2nd purchase
17695,32,3,258.14,5,3,2,Lost Customers,Low-cost automated re-engagement email
17696,41,8,442.32,4,5,3,Loyal Customers,"Cross-sell complimentary products, points incentive"
17697,159,4,107.83,1,3,1,Lost Customers,Low-cost automated re-engagement email
17698,35,5,1061.95,4,4,5,Champions,"VIP rewards, early access to new collections"
17699,52,1,150.78,4,1,2,New Customers,Welcome onboarding campaign to drive 2nd purchase
17700,65,3,212.66,3,3,2,Lost Customers,Low-cost automated re-engagement email
17701,83,2,134.76,2,2,1,Lost Customers,Low-cost automated re-engagement email
17702,32,1,25.79,5,1,1,New Customers,Welcome onboarding campaign to drive 2nd purchase
17703,63,2,469.86,3,2,4,Lost Customers,Low-cost automated re-engagement email
17704,129,4,1113.04,1,3,5,At Risk,High-value win-back offer with targeted discount
17705,251,6,498.98,1,4,4,At Risk,High-value win-back offer with targeted discount
17706,28,2,241.59,5,2,2,New Customers,Welcome onboarding campaign to drive 2nd purchase
17707,32,6,221.83,5,4,2,Lost Customers,Low-cost automated re-engagement email
17708,36,7,680.58,4,5,4,Champions,"VIP rewards, early access to new collections"
17709,108,5,242.31,2,4,2,Lost Customers,Low-cost automated re-engagement email
17710,29,2,97.23,5,2,1,New Customers,Welcome onboarding campaign to drive 2nd purchase
17711,62,3,208.28,3,3,2,Lost Customers,Low-cost automated re-engagement email
17712,57,5,307.22,3,4,3,Loyal Customers,"Cross-sell complimentary products, points incentive"
17713,266,2,160.41,1,2,2,Lost Customers,Low-cost automated re-engagement email
17714,44,6,1397.92,4,4,5,Champions,"VIP rewards, early access to new collections"
17715,42,2,26.91,4,2,1,New Customers,Welcome onboarding campaign to drive 2nd purchase
17716,108,5,278.52,2,4,3,At Risk,High-value win-back offer with targeted discount
17717,87,7,1112.64,2,5,5,At Risk,High-value win-back offer with targeted discount
17718,40,4,429.04,4,3,3,Loyal Customers,"Cross-sell complimentary products, points incentive"
17719,166,2,89.24,1,2,1,Lost Customers,Low-cost automated re-engagement email
17720,21,1,598.65,5,1,4,New Customers,Welcome onboarding campaign to drive 2nd purchase
17721,66,2,2038.27,3,2,5,Lost Customers,Low-cost automated re-engagement email
17722,54,5,443.85,4,4,3,Loyal Customers,"Cross-sell complimentary products, points incentive"
17723,62,3,110.64,3,3,1,Lost Customers,Low-cost automated re-engagement email
17724,40,3,215.42,4,3,2,Lost Customers,Low-cost automated re-engagement email
17725,63,5,163.18,3,4,2,Lost Customers,Low-cost automated re-engagement email
17726,80,1,129.1,3,1,1,Lost Customers,Low-cost automated re-engagement email
17727,6,3,453.33,5,3,3,Loyal Customers,"Cross-sell complimentary products, points incentive"
17728,48,2,437.0,4,2,3,New Customers,Welcome onboarding campaign to drive 2nd purchase
17729,36,2,257.91,4,2,2,New Customers,Welcome onboarding campaign to drive 2nd purchase
17730,212,3,331.79,1,3,3,At Risk,High-value win-back offer with targeted discount
17731,94,24,872.41,2,5,4,At Risk,High-value win-back offer with targeted discount
17732,34,6,179.74,5,4,2,Lost Customers,Low-cost automated re-engagement email
17733,46,2,29.21,4,2,1,New Customers,Welcome onboarding campaign to drive 2nd purchase
17734,56,9,871.33,4,5,4,Champions,"VIP rewards, early access to new collections"
17735,45,2,391.54,4,2,3,New Customers,Welcome onboarding campaign to drive 2nd purchase
17736,99,12,3045.48,2,5,5,At Risk,High-value win-back offer with targeted discount
17737,189,2,382.6,1,2,3,Lost Customers,Low-cost automated re-engagement email
17738,2,4,258.74,5,3,2,Lost Customers,Low-cost automated re-engagement email
17739,53,18,8635.26,4,5,5,Champions,"VIP rewards, early access to new collections"
17740,250,3,114.97,1,3,1,Lost Customers,Low-cost automated re-engagement email
17741,55,15,551.2,4,5,4,Champions,"VIP rewards, early access to new collections"
17742,83,4,717.9,2,3,4,At Risk,High-value win-back offer with targeted discount
17743,8,4,1276.54,5,3,5,Loyal Customers,"Cross-sell complimentary products, points incentive"
17744,165,2,903.73,1,2,5,Lost Customers,Low-cost automated re-engagement email
17745,27,11,2429.14,5,5,5,Champions,"VIP rewards, early access to new collections"
17746,93,3,523.09,2,3,4,At Risk,High-value win-back offer with targeted discount
17747,32,16,2993.3,5,5,5,Champions,"VIP rewards, early access to new collections"
17748,4,3,210.25,5,3,2,Lost Customers,Low-cost automated re-engagement email
17749,87,3,131.3,2,3,1,Lost Customers,Low-cost automated re-engagement email
17750,115,8,922.12,2,5,5,At Risk,High-value win-back offer with targeted discount
17751,65,4,78.27,3,3,1,Lost Customers,Low-cost automated re-engagement email
17752,24,5,341.02,5,4,3,Loyal Customers,"Cross-sell complimentary products, points incentive"
17753,283,2,111.66,1,2,1,Lost Customers,Low-cost automated re-engagement email
17754,112,4,608.65,2,3,4,At Risk,High-value win-back offer with targeted discount
17755,77,5,548.7,3,4,4,Loyal Customers,"Cross-sell complimentary products, points incentive"
17756,147,14,4802.45,1,5,5,At Risk,High-value win-back offer with targeted discount
17757,45,3,566.04,4,3,4,Loyal Customers,"Cross-sell complimentary products, points incentive"
17758,226,5,253.21,1,4,2,Lost Customers,Low-cost automated re-engagement email
17759,113,9,1483.98,2,5,5,At Risk,High-value win-back offer with targeted discount
17760,138,4,76.08,1,3,1,Lost Customers,Low-cost automated re-engagement email
17761,52,8,1392.14,4,5,5,Champions,"VIP rewards, early access to new collections"
17762,27,25,1149.78,5,5,5,Champions,"VIP rewards, early access to new collections"
17763,78,4,208.37,3,3,2,Lost Customers,Low-cost automated re-engagement email
17764,46,10,3014.72,4,5,5,Champions,"VIP rewards, early access to new collections"
17765,243,6,766.89,1,4,4,At Risk,High-value win-back offer with targeted discount
17766,20,7,529.6,5,5,4,Champions,"VIP rewards, early access to new collections"
17767,174,6,1348.18,1,4,5,At Risk,High-value win-back offer with targeted discount
17768,14,8,2711.83,5,5,5,Champions,"VIP rewards, early access to new collections"
17769,32,8,292.86,5,5,3,Loyal Customers,"Cross-sell complimentary products, points incentive"
17770,14,4,189.41,5,3,2,Lost Customers,Low-cost automated re-engagement email
17771,45,3,560.42,4,3,4,Loyal Customers,"Cross-sell complimentary products, points incentive"
17772,58,5,593.11,3,4,4,Loyal Customers,"Cross-sell complimentary products, points incentive"
17773,40,2,33.72,4,2,1,New Customers,Welcome onboarding campaign to drive 2nd purchase
17774,93,6,2686.99,2,4,5,At Risk,High-value win-back offer with targeted discount
17775,58,7,408.43,3,5,3,Loyal Customers,"Cross-sell complimentary products, points incentive"
17776,9,3,109.31,5,3,1,Lost Customers,Low-cost automated re-engagement email
17777,30,4,363.85,5,3,3,Loyal Customers,"Cross-sell complimentary products, points incentive"
17778,52,7,1419.11,4,5,5,Champions,"VIP rewards, early access to new collections"
17779,143,7,1749.54,1,5,5,At Risk,High-value win-back offer with targeted discount
17780,75,7,663.39,3,5,4,Loyal Customers,"Cross-sell complimentary products, points incentive"
17781,47,7,6174.33,4,5,5,Champions,"VIP rewards, early access to new collections"
17782,18,4,4569.0,5,3,5,Loyal Customers,"Cross-sell complimentary products, points incentive"
17783,77,4,538.87,3,3,4,Loyal Customers,"Cross-sell complimentary products, points incentive"
17784,166,5,425.63,1,4,3,At Risk,High-value win-back offer with targeted discount
17785,54,11,731.25,4,5,4,Champions,"VIP rewards, early access to new collections"
17786,33,5,392.26,5,4,3,Loyal Customers,"Cross-sell complimentary products, points incentive"
17787,103,10,3457.06,2,5,5,At Risk,High-value win-back offer with targeted discount
17788,147,1,121.78,1,1,1,Lost Customers,Low-cost automated re-engagement email
17789,60,5,985.07,3,4,5,Loyal Customers,"Cross-sell complimentary products, points incentive"
17790,111,4,672.36,2,3,4,At Risk,High-value win-back offer with targeted discount
17791,49,1,155.36,4,1,2,New Customers,Welcome onboarding campaign to drive 2nd purchase
17792,115,1,239.88,2,1,2,Lost Customers,Low-cost automated re-engagement email
17793,172,5,947.9,1,4,5,At Risk,High-value win-back offer with targeted discount
17794,127,4,552.97,1,3,4,At Risk,High-value win-back offer with targeted discount
17795,100,7,3315.31,2,5,5,At Risk,High-value win-back offer with targeted discount
17796,210,1,27.46,1,1,1,Lost Customers,Low-cost automated re-engagement email
17797,56,8,929.07,4,5,5,Champions,"VIP rewards, early access to new collections"
17798,100,8,447.9,2,5,3,At Risk,High-value win-back offer with targeted discount
17799,57,2,411.92,3,2,3,Lost Customers,Low-cost automated re-engagement email
17800,100,11,227.49,2,5,2,Lost Customers,Low-cost automated re-engagement email
17801,112,14,1554.52,2,5,5,At Risk,High-value win-back offer with targeted discount
17802,133,2,277.91,1,2,3,Lost Customers,Low-cost automated re-engagement email
17803,71,4,1082.42,3,3,5,Loyal Customers,"Cross-sell complimentary products, points incentive"
17804,12,4,246.11,5,3,2,Lost Customers,Low-cost automated re-engagement email
17805,58,1,1108.99,3,1,5,Lost Customers,Low-cost automated re-engagement email
17806,109,3,159.31,2,3,2,Lost Customers,Low-cost automated re-engagement email
17807,86,11,355.49,2,5,3,At Risk,High-value win-back offer with targeted discount
17808,96,2,310.55,2,2,3,Lost Customers,Low-cost automated re-engagement email
17809,117,15,1203.82,2,5,5,At Risk,High-value win-back offer with targeted discount
17810,26,5,2360.57,5,4,5,Champions,"VIP rewards, early access to new collections"
17811,121,2,43.05,2,2,1,Lost Customers,Low-cost automated re-engagement email
17812,217,4,371.82,1,3,3,At Risk,High-value win-back offer with targeted discount
17813,52,2,375.95,4,2,3,New Customers,Welcome onboarding campaign to drive 2nd purchase
17814,135,5,247.02,1,4,2,Lost Customers,Low-cost automated re-engagement email
17815,74,3,77.13,3,3,1,Lost Customers,Low-cost automated re-engagement email
17816,94,3,994.22,2,3,5,At Risk,High-value win-back offer with targeted discount
17817,126,2,84.58,1,2,1,Lost Customers,Low-cost automated re-engagement email
17818,86,4,921.27,2,3,5,At Risk,High-value win-back offer with targeted discount
17819,49,4,156.74,4,3,2,Lost Customers,Low-cost automated re-engagement email
17820,89,2,135.12,2,2,1,Lost Customers,Low-cost automated re-engagement email
17821,33,8,1423.59,5,5,5,Champions,"VIP rewards, early access to new collections"
17822,18,5,618.91,5,4,4,Champions,"VIP rewards, early access to new collections"
17823,179,2,77.85,1,2,1,Lost Customers,Low-cost automated re-engagement email
17824,97,4,580.46,2,3,4,At Risk,High-value win-back offer with targeted discount
17825,113,7,89.2,2,5,1,Lost Customers,Low-cost automated re-engagement email
17826,82,10,305.61,3,5,3,Loyal Customers,"Cross-sell complimentary products, points incentive"
17827,14,12,5197.4,5,5,5,Champions,"VIP rewards, early access to new collections"
17828,171,15,1159.01,1,5,5,At Risk,High-value win-back offer with targeted discount
17829,49,2,343.53,4,2,3,New Customers,Welcome onboarding campaign to drive 2nd purchase
17830,58,2,334.69,3,2,3,Lost Customers,Low-cost automated re-engagement email
17831,157,2,132.09,1,2,1,Lost Customers,Low-cost automated re-engagement email
17832,32,8,800.33,5,5,4,Champions,"VIP rewards, early access to new collections"
17833,54,3,93.99,4,3,1,Lost Customers,Low-cost automated re-engagement email
17834,51,10,1011.8,4,5,5,Champions,"VIP rewards, early access to new collections"
17835,31,2,115.78,5,2,1,New Customers,Welcome onboarding campaign to drive 2nd purchase
17836,75,2,1182.9,3,2,5,Lost Customers,Low-cost automated re-engagement email
17837,35,2,95.78,4,2,1,New Customers,Welcome onboarding campaign to drive 2nd purchase
17838,176,9,1285.92,1,5,5,At Risk,High-value win-back offer with targeted discount
17839,17,6,422.24,5,4,3,Loyal Customers,"Cross-sell complimentary products, points incentive"
17840,23,1,187.18,5,1,2,New Customers,Welcome onboarding campaign to drive 2nd purchase
17841,54,3,79.65,4,3,1,Lost Customers,Low-cost automated re-engagement email
17842,69,8,639.46,3,5,4,Loyal Customers,"Cross-sell complimentary products, points incentive"
17843,40,9,1380.76,4,5,5,Champions,"VIP rewards, early access to new collections"
17844,118,5,556.24,2,4,4,At Risk,High-value win-back offer with targeted discount
17845,60,4,562.55,3,3,4,Loyal Customers,"Cross-sell complimentary products, points incentive"
17846,101,2,85.36,2,2,1,Lost Customers,Low-cost automated re-engagement email
17847,168,8,527.18,1,5,4,At Risk,High-value win-back offer with targeted discount
17848,206,2,177.0,1,2,2,Lost Customers,Low-cost automated re-engagement email
17849,55,1,181.62,4,1,2,New Customers,Welcome onboarding campaign to drive 2nd purchase
17850,74,4,1265.83,3,3,5,Loyal Customers,"Cross-sell complimentary products, points incentive"
17851,86,3,50.71,2,3,1,Lost Customers,Low-cost automated re-engagement email
17852,56,6,405.12,4,4,3,Loyal Customers,"Cross-sell complimentary products, points incentive"
17853,30,5,248.74,5,4,2,Lost Customers,Low-cost automated re-engagement email
17854,140,14,628.33,1,5,4,At Risk,High-value win-back offer with targeted discount
17855,30,5,572.16,5,4,4,Champions,"VIP rewards, early access to new collections"
17856,150,8,741.56,1,5,4,At Risk,High-value win-back offer with targeted discount
17857,96,2,65.59,2,2,1,Lost Customers,Low-cost automated re-engagement email
17858,83,6,188.28,2,4,2,Lost Customers,Low-cost automated re-engagement email
17859,38,3,409.23,4,3,3,Loyal Customers,"Cross-sell complimentary products, points incentive"
17860,10,3,101.11,5,3,1,Lost Customers,Low-cost automated re-engagement email
17861,138,2,96.34,1,2,1,Lost Customers,Low-cost automated re-engagement email
17862,37,12,2479.91,4,5,5,Champions,"VIP rewards, early access to new collections"
17863,100,4,420.49,2,3,3,At Risk,High-value win-back offer with targeted discount
17864,104,2,724.89,2,2,4,Lost Customers,Low-cost automated re-engagement email
17865,69,6,490.52,3,4,4,Loyal Customers,"Cross-sell complimentary products, points incentive"
17866,84,3,2014.72,2,3,5,At Risk,High-value win-back offer with targeted discount
17867,95,2,152.6,2,2,2,Lost Customers,Low-cost automated re-engagement email
17868,79,34,8994.63,3,5,5,Loyal Customers,"Cross-sell complimentary products, points incentive"
17869,34,2,84.54,5,2,1,New Customers,Welcome onboarding campaign to drive 2nd purchase
17870,17,15,752.12,5,5,4,Champions,"VIP rewards, early access to new collections"
17871,40,2,825.28,4,2,4,New Customers,Welcome onboarding campaign to drive 2nd purchase
17872,51,6,288.87,4,4,3,Loyal Customers,"Cross-sell complimentary products, points incentive"
17873,174,4,296.09,1,3,3,At Risk,High-value win-back offer with targeted discount
17874,24,6,297.81,5,4,3,Loyal Customers,"Cross-sell complimentary products, points incentive"
17875,190,2,495.26,1,2,4,Lost Customers,Low-cost automated re-engagement email
17876,232,1,30.32,1,1,1,Lost Customers,Low-cost automated re-engagement email
17877,41,7,2043.99,4,5,5,Champions,"VIP rewards, early access to new collections"
17878,227,1,112.2,1,1,1,Lost Customers,Low-cost automated re-engagement email
17879,62,2,212.93,3,2,2,Lost Customers,Low-cost automated re-engagement email
17880,54,4,341.9,4,3,3,Loyal Customers,"Cross-sell complimentary products, points incentive"
17881,174,2,554.94,1,2,4,Lost Customers,Low-cost automated re-engagement email
17882,81,2,147.8,3,2,2,Lost Customers,Low-cost automated re-engagement email
17883,73,3,142.41,3,3,2,Lost Customers,Low-cost automated re-engagement email
17884,40,1,143.8,4,1,2,New Customers,Welcome onboarding campaign to drive 2nd purchase
17885,43,2,166.71,4,2,2,New Customers,Welcome onboarding campaign to drive 2nd purchase
17886,75,10,5256.99,3,5,5,Loyal Customers,"Cross-sell complimentary products, points incentive"
17887,174,8,1636.13,1,5,5,At Risk,High-value win-back offer with targeted discount
17888,25,21,2582.94,5,5,5,Champions,"VIP rewards, early access to new collections"
17889,64,6,1963.51,3,4,5,Loyal Customers,"Cross-sell complimentary products, points incentive"
17890,20,10,243.91,5,5,2,Lost Customers,Low-cost automated re-engagement email
17891,38,3,447.45,4,3,3,Loyal Customers,"Cross-sell complimentary products, points incentive"
17892,111,3,296.03,2,3,3,At Risk,High-value win-back offer with targeted discount
17893,32,5,374.8,5,4,3,Loyal Customers,"Cross-sell complimentary products, points incentive"
17894,145,1,69.91,1,1,1,Lost Customers,Low-cost automated re-engagement email
17895,32,6,1470.98,5,4,5,Champions,"VIP rewards, early access to new collections"
17896,44,3,50.56,4,3,1,Lost Customers,Low-cost automated re-engagement email
17897,12,3,413.17,5,3,3,Loyal Customers,"Cross-sell complimentary products, points incentive"
17898,145,8,198.75,1,5,2,Lost Customers,Low-cost automated re-engagement email
17899,131,1,72.23,1,1,1,Lost Customers,Low-cost automated re-engagement email
17900,21,4,344.13,5,3,3,Loyal Customers,"Cross-sell complimentary products, points incentive"
17901,55,5,1928.05,4,4,5,Champions,"VIP rewards, early access to new collections"
17902,51,3,167.07,4,3,2,Lost Customers,Low-cost automated re-engagement email
17903,47,4,378.12,4,3,3,Loyal Customers,"Cross-sell complimentary products, points incentive"
17904,233,4,119.15,1,3,1,Lost Customers,Low-cost automated re-engagement email
17905,47,7,993.42,4,5,5,Champions,"VIP rewards, early access to new collections"
17906,34,3,81.51,5,3,1,Lost Customers,Low-cost automated re-engagement email
17907,13,2,36.34,5,2,1,New Customers,Welcome onboarding campaign to drive 2nd purchase
17908,35,3,69.45,4,3,1,Lost Customers,Low-cost automated re-engagement email
17909,173,3,209.18,1,3,2,Lost Customers,Low-cost automated re-engagement email
17910,81,2,145.87,3,2,2,Lost Customers,Low-cost automated re-engagement email
17911,81,4,999.78,3,3,5,Loyal Customers,"Cross-sell complimentary products, points incentive"
17912,37,4,1416.92,4,3,5,Loyal Customers,"Cross-sell complimentary products, points incentive"
17913,155,4,1386.53,1,3,5,At Risk,High-value win-back offer with targeted discount
17914,101,2,507.15,2,2,4,Lost Customers,Low-cost automated re-engagement email
17915,48,4,2331.3,4,3,5,Loyal Customers,"Cross-sell complimentary products, points incentive"
17916,29,10,1356.16,5,5,5,Champions,"VIP rewards, early access to new collections"
17917,65,5,687.03,3,4,4,Loyal Customers,"Cross-sell complimentary products, points incentive"
17918,31,8,3728.52,5,5,5,Champions,"VIP rewards, early access to new collections"
17919,59,4,132.08,3,3,1,Lost Customers,Low-cost automated re-engagement email
17920,75,2,419.47,3,2,3,Lost Customers,Low-cost automated re-engagement email
17921,38,7,603.93,4,5,4,Champions,"VIP rewards, early access to new collections"
17922,6,2,597.66,5,2,4,New Customers,Welcome onboarding campaign to drive 2nd purchase
17923,93,3,782.29,2,3,4,At Risk,High-value win-back offer with targeted discount
17924,39,3,232.92,4,3,2,Lost Customers,Low-cost automated re-engagement email
17925,75,6,182.63,3,4,2,Lost Customers,Low-cost automated re-engagement email
17926,61,10,3032.57,3,5,5,Loyal Customers,"Cross-sell complimentary products, points incentive"
17927,207,7,411.62,1,5,3,At Risk,High-value win-back offer with targeted discount
17928,69,7,702.66,3,5,4,Loyal Customers,"Cross-sell complimentary products, points incentive"
17929,130,7,230.19,1,5,2,Lost Customers,Low-cost automated re-engagement email
17930,50,8,520.56,4,5,4,Champions,"VIP rewards, early access to new collections"
17931,32,2,449.36,5,2,3,New Customers,Welcome onboarding campaign to drive 2nd purchase
17932,96,20,2546.26,2,5,5,At Risk,High-value win-back offer with targeted discount
17933,37,9,412.02,4,5,3,Loyal Customers,"Cross-sell complimentary products, points incentive"
17934,114,3,49.79,2,3,1,Lost Customers,Low-cost automated re-engagement email
17935,23,5,836.15,5,4,4,Champions,"VIP rewards, early access to new collections"
17936,87,2,123.89,2,2,1,Lost Customers,Low-cost automated re-engagement email
17937,67,3,316.08,3,3,3,Loyal Customers,"Cross-sell complimentary products, points incentive"
17938,181,3,238.75,1,3,2,Lost Customers,Low-cost automated re-engagement email
17939,94,3,184.15,2,3,2,Lost Customers,Low-cost automated re-engagement email
17940,62,7,1100.84,3,5,5,Loyal Customers,"Cross-sell complimentary products, points incentive"
17941,121,4,164.8,2,3,2,Lost Customers,Low-cost automated re-engagement email
17942,6,2,205.98,5,2,2,New Customers,Welcome onboarding campaign to drive 2nd purchase
17943,102,2,261.49,2,2,2,Lost Customers,Low-cost automated re-engagement email
17944,109,1,302.71,2,1,3,Lost Customers,Low-cost automated re-engagement email
17945,117,7,660.41,2,5,4,At Risk,High-value win-back offer with targeted discount
17946,112,3,92.38,2,3,1,Lost Customers,Low-cost automated re-engagement email
17947,99,7,1156.59,2,5,5,At Risk,High-value win-back offer with targeted discount
17948,52,41,1659.52,4,5,5,Champions,"VIP rewards, early access to new collections"
17949,76,2,98.5,3,2,1,Lost Customers,Low-cost automated re-engagement email
17950,41,5,287.02,4,4,3,Loyal Customers,"Cross-sell complimentary products, points incentive"
17951,34,11,838.49,5,5,4,Champions,"VIP rewards, early access to new collections"
17952,54,3,864.49,4,3,4,Loyal Customers,"Cross-sell complimentary products, points incentive"
17953,59,3,485.59,3,3,4,Loyal Customers,"Cross-sell complimentary products, points incentive"
17954,90,6,200.69,2,4,2,Lost Customers,Low-cost automated re-engagement email
17955,163,26,9131.33,1,5,5,At Risk,High-value win-back offer with targeted discount
17956,128,6,1403.52,1,4,5,At Risk,High-value win-back offer with targeted discount
17957,85,2,261.93,2,2,2,Lost Customers,Low-cost automated re-engagement email
17958,149,2,22.36,1,2,1,Lost Customers,Low-cost automated re-engagement email
17959,69,3,126.34,3,3,1,Lost Customers,Low-cost automated re-engagement email
17960,100,1,90.75,2,1,1,Lost Customers,Low-cost automated re-engagement email
17961,52,3,1198.1,4,3,5,Loyal Customers,"Cross-sell complimentary products, points incentive"
17962,68,4,1187.04,3,3,5,Loyal Customers,"Cross-sell complimentary products, points incentive"
17963,56,4,151.02,4,3,2,Lost Customers,Low-cost automated re-engagement email
17964,16,2,39.68,5,2,1,New Customers,Welcome onboarding campaign to drive 2nd purchase
17965,16,5,381.94,5,4,3,Loyal Customers,"Cross-sell complimentary products, points incentive"
17966,21,2,204.28,5,2,2,New Customers,Welcome onboarding campaign to drive 2nd purchase
17967,85,3,88.37,2,3,1,Lost Customers,Low-cost automated re-engagement email
17968,165,2,82.21,1,2,1,Lost Customers,Low-cost automated re-engagement email
17969,149,9,5441.19,1,5,5,At Risk,High-value win-back offer with targeted discount
17970,101,2,128.58,2,2,1,Lost Customers,Low-cost automated re-engagement email
17971,45,10,686.66,4,5,4,Champions,"VIP rewards, early access to new collections"
17972,33,4,4582.36,5,3,5,Loyal Customers,"Cross-sell complimentary products, points incentive"
17973,75,5,331.82,3,4,3,Loyal Customers,"Cross-sell complimentary products, points incentive"
17974,44,4,144.91,4,3,2,Lost Customers,Low-cost automated re-engagement email
17975,19,2,95.1,5,2,1,New Customers,Welcome onboarding campaign to drive 2nd purchase
17976,29,5,585.15,5,4,4,Champions,"VIP rewards, early access to new collections"
17977,52,3,176.13,4,3,2,Lost Customers,Low-cost automated re-engagement email
17978,161,5,400.34,1,4,3,At Risk,High-value win-back offer with targeted discount
17979,14,6,519.62,5,4,4,Champions,"VIP rewards, early access to new collections"
17980,24,16,24481.38,5,5,5,Champions,"VIP rewards, early access to new collections"
17981,55,5,854.76,4,4,4,Champions,"VIP rewards, early access to new collections"
17982,36,8,305.97,4,5,3,Loyal Customers,"Cross-sell complimentary products, points incentive"
17983,93,6,461.73,2,4,3,At Risk,High-value win-back offer with targeted discount
17984,56,3,556.32,4,3,4,Loyal Customers,"Cross-sell complimentary products, points incentive"
17985,19,6,1431.28,5,4,5,Champions,"VIP rewards, early access to new collections"
17986,45,4,84.97,4,3,1,Lost Customers,Low-cost automated re-engagement email
17987,77,3,75.43,3,3,1,Lost Customers,Low-cost automated re-engagement email
17988,109,2,274.82,2,2,3,Lost Customers,Low-cost automated re-engagement email
17989,23,6,304.23,5,4,3,Loyal Customers,"Cross-sell complimentary products, points incentive"
17990,81,3,134.05,3,3,1,Lost Customers,Low-cost automated re-engagement email
17991,53,6,639.14,4,4,4,Champions,"VIP rewards, early access to new collections"
17992,148,4,733.61,1,3,4,At Risk,High-value win-back offer with targeted discount
17993,45,3,217.8,4,3,2,Lost Customers,Low-cost automated re-engagement email
17994,19,2,31.32,5,2,1,New Customers,Welcome onboarding campaign to drive 2nd purchase
17995,39,10,559.4,4,5,4,Champions,"VIP rewards, early access to new collections"
17996,11,3,95.04,5,3,1,Lost Customers,Low-cost automated re-engagement email
17997,14,12,1790.87,5,5,5,Champions,"VIP rewards, early access to new collections"
17998,93,2,1139.78,2,2,5,Lost Customers,Low-cost automated re-engagement email
17999,86,12,1399.73,2,5,5,At Risk,High-value win-back offer with targeted discount
18000,97,4,535.5,2,3,4,At Risk,High-value win-back offer with targeted discount
18001,42,7,1309.78,4,5,5,Champions,"VIP rewards, early access to new collections"
18002,30,2,605.7,5,2,4,New Customers,Welcome onboarding campaign to drive 2nd purchase
18003,259,2,106.64,1,2,1,Lost Customers,Low-cost automated re-engagement email
18004,74,5,429.14,3,4,3,Loyal Customers,"Cross-sell complimentary products, points incentive"
18005,27,2,422.74,5,2,3,New Customers,Welcome onboarding campaign to drive 2nd purchase
18006,176,10,385.7,1,5,3,At Risk,High-value win-back offer with targeted discount
18007,159,5,115.74,1,4,1,Lost Customers,Low-cost automated re-engagement email
18008,104,2,118.46,2,2,1,Lost Customers,Low-cost automated re-engagement email
18009,59,2,557.74,3,2,4,Lost Customers,Low-cost automated re-engagement email
18010,34,3,306.45,5,3,3,Loyal Customers,"Cross-sell complimentary products, points incentive"
18011,47,3,177.5,4,3,2,Lost Customers,Low-cost automated re-engagement email
18012,145,5,1122.82,1,4,5,At Risk,High-value win-back offer with targeted discount
18013,37,4,592.55,4,3,4,Loyal Customers,"Cross-sell complimentary products, points incentive"
18014,23,9,402.61,5,5,3,Loyal Customers,"Cross-sell complimentary products, points incentive"
18015,103,6,455.28,2,4,3,At Risk,High-value win-back offer with targeted discount
18016,65,2,71.62,3,2,1,Lost Customers,Low-cost automated re-engagement email
18017,38,3,307.25,4,3,3,Loyal Customers,"Cross-sell complimentary products, points incentive"
18018,41,2,319.21,4,2,3,New Customers,Welcome onboarding campaign to drive 2nd purchase
18019,8,2,19.71,5,2,1,New Customers,Welcome onboarding campaign to drive 2nd purchase
18020,44,1,35.94,4,1,1,New Customers,Welcome onboarding campaign to drive 2nd purchase
18021,136,8,3262.27,1,5,5,At Risk,High-value win-back offer with targeted discount
18022,30,10,665.54,5,5,4,Champions,"VIP rewards, early access to new collections"
18023,286,2,801.1,1,2,4,Lost Customers,Low-cost automated re-engagement email
18024,66,2,57.15,3,2,1,Lost Customers,Low-cost automated re-engagement email
18025,18,6,334.67,5,4,3,Loyal Customers,"Cross-sell complimentary products, points incentive"
18026,79,2,218.99,3,2,2,Lost Customers,Low-cost automated re-engagement email
18027,30,10,675.77,5,5,4,Champions,"VIP rewards, early access to new collections"
18028,105,2,562.31,2,2,4,Lost Customers,Low-cost automated re-engagement email
18029,151,1,80.92,1,1,1,Lost Customers,Low-cost automated re-engagement email
18030,120,3,512.6,2,3,4,At Risk,High-value win-back offer with targeted discount
18031,118,3,101.07,2,3,1,Lost Customers,Low-cost automated re-engagement email
18032,47,4,456.8,4,3,3,Loyal Customers,"Cross-sell complimentary products, points incentive"
18033,31,3,203.61,5,3,2,Lost Customers,Low-cost automated re-engagement email
18034,96,6,219.3,2,4,2,Lost Customers,Low-cost automated re-engagement email
18035,33,5,684.94,5,4,4,Champions,"VIP rewards, early access to new collections"
18036,48,5,1533.65,4,4,5,Champions,"VIP rewards, early access to new collections"
18037,34,4,210.73,5,3,2,Lost Customers,Low-cost automated re-engagement email
18038,37,4,526.79,4,3,4,Loyal Customers,"Cross-sell complimentary products, points incentive"
18039,102,2,148.35,2,2,2,Lost Customers,Low-cost automated re-engagement email
18040,36,5,495.66,4,4,4,Champions,"VIP rewards, early access to new collections"
18041,103,6,1150.13,2,4,5,At Risk,High-value win-back offer with targeted discount
18042,151,5,1647.55,1,4,5,At Risk,High-value win-back offer with targeted discount
18043,43,3,825.76,4,3,4,Loyal Customers,"Cross-sell complimentary products, points incentive"
18044,26,6,275.1,5,4,3,Loyal Customers,"Cross-sell complimentary products, points incentive"
18045,131,5,134.23,1,4,1,Lost Customers,Low-cost automated re-engagement email
18046,83,6,88.37,2,4,1,Lost Customers,Low-cost automated re-engagement email
18047,35,4,636.52,4,3,4,Loyal Customers,"Cross-sell complimentary products, points incentive"
18048,50,2,112.11,4,2,1,New Customers,Welcome onboarding campaign to drive 2nd purchase
18049,88,3,702.54,2,3,4,At Risk,High-value win-back offer with targeted discount
18050,15,2,70.95,5,2,1,New Customers,Welcome onboarding campaign to drive 2nd purchase
18051,194,3,403.51,1,3,3,At Risk,High-value win-back offer with targeted discount
18052,123,4,73.19,1,3,1,Lost Customers,Low-cost automated re-engagement email
18053,67,8,1134.12,3,5,5,Loyal Customers,"Cross-sell complimentary products, points incentive"
18054,188,6,768.11,1,4,4,At Risk,High-value win-back offer with targeted discount
18055,167,4,133.85,1,3,1,Lost Customers,Low-cost automated re-engagement email
18056,57,10,1070.2,3,5,5,Loyal Customers,"Cross-sell complimentary products, points incentive"
18057,53,4,2318.57,4,3,5,Loyal Customers,"Cross-sell complimentary products, points incentive"
18058,55,4,668.82,4,3,4,Loyal Customers,"Cross-sell complimentary products, points incentive"
18059,98,3,3859.36,2,3,5,At Risk,High-value win-back offer with targeted discount
18060,93,2,206.65,2,2,2,Lost Customers,Low-cost automated re-engagement email
18061,11,6,908.77,5,4,5,Champions,"VIP rewards, early access to new collections"
18062,88,1,58.64,2,1,1,Lost Customers,Low-cost automated re-engagement email
18063,88,2,224.71,2,2,2,Lost Customers,Low-cost automated re-engagement email
18064,56,4,149.57,4,3,2,Lost Customers,Low-cost automated re-engagement email
18065,70,2,406.73,3,2,3,Lost Customers,Low-cost automated re-engagement email
18066,13,4,174.39,5,3,2,Lost Customers,Low-cost automated re-engagement email
18067,22,4,1613.06,5,3,5,Loyal Customers,"Cross-sell complimentary products, points incentive"
18068,33,3,80.4,5,3,1,Lost Customers,Low-cost automated re-engagement email
18069,99,4,273.68,2,3,3,At Risk,High-value win-back offer with targeted discount
18070,156,4,287.81,1,3,3,At Risk,High-value win-back offer with targeted discount
18071,95,2,65.82,2,2,1,Lost Customers,Low-cost automated re-engagement email
18072,73,6,667.09,3,4,4,Loyal Customers,"Cross-sell complimentary products, points incentive"
18073,110,1,55.7,2,1,1,Lost Customers,Low-cost automated re-engagement email
18074,4,15,4778.54,5,5,5,Champions,"VIP rewards, early access to new collections"
18075,147,6,260.03,1,4,2,Lost Customers,Low-cost automated re-engagement email
18076,60,8,1051.89,3,5,5,Loyal Customers,"Cross-sell complimentary products, points incentive"
18077,135,6,499.88,1,4,4,At Risk,High-value win-back offer with targeted discount
18078,105,4,297.17,2,3,3,At Risk,High-value win-back offer with targeted discount
18079,35,2,195.48,4,2,2,New Customers,Welcome onboarding campaign to drive 2nd purchase
18080,79,4,681.1,3,3,4,Loyal Customers,"Cross-sell complimentary products, points incentive"
18081,37,7,115.28,4,5,1,Lost Customers,Low-cost automated re-engagement email
18082,92,2,187.92,2,2,2,Lost Customers,Low-cost automated re-engagement email
18083,210,4,171.24,1,3,2,Lost Customers,Low-cost automated re-engagement email
18084,93,1,45.84,2,1,1,Lost Customers,Low-cost automated re-engagement email
18085,33,2,224.16,5,2,2,New Customers,Welcome onboarding campaign to drive 2nd purchase
18086,123,2,484.52,1,2,4,Lost Customers,Low-cost automated re-engagement email
18087,32,13,4726.62,5,5,5,Champions,"VIP rewards, early access to new collections"
18088,151,2,106.65,1,2,1,Lost Customers,Low-cost automated re-engagement email
18089,27,5,34.66,5,4,1,Lost Customers,Low-cost automated re-engagement email
18090,138,12,1150.66,1,5,5,At Risk,High-value win-back offer with targeted discount
18091,44,8,140.21,4,5,2,Lost Customers,Low-cost automated re-engagement email
18092,99,12,1606.93,2,5,5,At Risk,High-value win-back offer with targeted discount
18093,124,13,520.98,1,5,4,At Risk,High-value win-back offer with targeted discount
18094,79,4,490.0,3,3,4,Loyal Customers,"Cross-sell complimentary products, points incentive"
18095,48,5,208.81,4,4,2,Lost Customers,Low-cost automated re-engagement email
18096,81,4,126.27,3,3,1,Lost Customers,Low-cost automated re-engagement email
18097,60,5,161.36,3,4,2,Lost Customers,Low-cost automated re-engagement email
18098,68,5,643.38,3,4,4,Loyal Customers,"Cross-sell complimentary products, points incentive"
18099,16,14,383.53,5,5,3,Loyal Customers,"Cross-sell complimentary products, points incentive"
18100,108,5,735.67,2,4,4,At Risk,High-value win-back offer with targeted discount
18101,77,2,891.29,3,2,4,Lost Customers,Low-cost automated re-engagement email
18102,12,6,2430.13,5,4,5,Champions,"VIP rewards, early access to new collections"
18103,50,6,128.37,4,4,1,Lost Customers,Low-cost automated re-engagement email
18104,7,2,53.55,5,2,1,New Customers,Welcome onboarding campaign to drive 2nd purchase
18105,69,2,277.62,3,2,3,Lost Customers,Low-cost automated re-engagement email
18106,97,8,275.34,2,5,3,At Risk,High-value win-back offer with targeted discount
18107,39,3,471.31,4,3,4,Loyal Customers,"Cross-sell complimentary products, points incentive"
18108,36,3,57.94,4,3,1,Lost Customers,Low-cost automated re-engagement email
18109,48,3,253.21,4,3,2,Lost Customers,Low-cost automated re-engagement email
18110,36,5,1052.73,4,4,5,Champions,"VIP rewards, early access to new collections"
18111,31,9,200.42,5,5,2,Lost Customers,Low-cost automated re-engagement email
18112,10,6,486.16,5,4,4,Champions,"VIP rewards, early access to new collections"
18113,35,3,240.16,4,3,2,Lost Customers,Low-cost automated re-engagement email
18114,16,10,1553.66,5,5,5,Champions,"VIP rewards, early access to new collections"
18115,147,7,345.14,1,5,3,At Risk,High-value win-back offer with targeted discount
18116,165,8,199.18,1,5,2,Lost Customers,Low-cost automated re-engagement email
18117,93,8,74.26,2,5,1,Lost Customers,Low-cost automated re-engagement email
18118,142,3,890.07,1,3,4,At Risk,High-value win-back offer with targeted discount
18119,32,2,381.66,5,2,3,New Customers,Welcome onboarding campaign to drive 2nd purchase
18120,97,3,264.19,2,3,3,At Risk,High-value win-back offer with targeted discount
18121,95,8,687.74,2,5,4,At Risk,High-value win-back offer with targeted discount
18122,82,2,263.97,3,2,3,Lost Customers,Low-cost automated re-engagement email
18123,47,2,429.42,4,2,3,New Customers,Welcome onboarding campaign to drive 2nd purchase
18124,66,1,14.65,3,1,1,Lost Customers,Low-cost automated re-engagement email
18125,79,2,36.28,3,2,1,Lost Customers,Low-cost automated re-engagement email
18126,78,2,31.81,3,2,1,Lost Customers,Low-cost automated re-engagement email
18127,29,4,263.73,5,3,3,Loyal Customers,"Cross-sell complimentary products, points incentive"
18128,158,2,212.06,1,2,2,Lost Customers,Low-cost automated re-engagement email
18129,70,6,1343.51,3,4,5,Loyal Customers,"Cross-sell complimentary products, points incentive"
18130,113,4,26.22,2,3,1,Lost Customers,Low-cost automated re-engagement email
18131,42,1,27.0,4,1,1,New Customers,Welcome onboarding campaign to drive 2nd purchase
18132,92,4,405.0,2,3,3,At Risk,High-value win-back offer with targeted discount
18133,73,4,452.8,3,3,3,Loyal Customers,"Cross-sell complimentary products, points incentive"
18134,32,16,1203.38,5,5,5,Champions,"VIP rewards, early access to new collections"
18135,66,5,163.5,3,4,2,Lost Customers,Low-cost automated re-engagement email
18136,52,1,47.96,4,1,1,New Customers,Welcome onboarding campaign to drive 2nd purchase
18137,56,4,318.3,4,3,3,Loyal Customers,"Cross-sell complimentary products, points incentive"
18138,127,4,76.8,1,3,1,Lost Customers,Low-cost automated re-engagement email
18139,61,6,250.6,3,4,2,Lost Customers,Low-cost automated re-engagement email
18140,122,28,727.36,1,5,4,At Risk,High-value win-back offer with targeted discount
18141,99,3,424.29,2,3,3,At Risk,High-value win-back offer with targeted discount
18142,72,2,79.06,3,2,1,Lost Customers,Low-cost automated re-engagement email
18143,132,5,138.78,1,4,2,Lost Customers,Low-cost automated re-engagement email
18144,125,15,847.52,1,5,4,At Risk,High-value win-back offer with targeted discount
18145,72,6,1063.37,3,4,5,Loyal Customers,"Cross-sell complimentary products, points incentive"
18146,76,3,264.52,3,3,3,Loyal Customers,"Cross-sell complimentary products, points incentive"
18147,133,8,1941.82,1,5,5,At Risk,High-value win-back offer with targeted discount
18148,103,14,2960.26,2,5,5,At Risk,High-value win-back offer with targeted discount
18149,157,2,91.67,1,2,1,Lost Customers,Low-cost automated re-engagement email
18150,60,2,203.23,3,2,2,Lost Customers,Low-cost automated re-engagement email
18151,25,4,967.06,5,3,5,Loyal Customers,"Cross-sell complimentary products, points incentive"
18152,37,5,291.47,4,4,3,Loyal Customers,"Cross-sell complimentary products, points incentive"
18153,11,11,1229.1,5,5,5,Champions,"VIP rewards, early access to new collections"
18154,35,3,119.93,4,3,1,Lost Customers,Low-cost automated re-engagement email
18155,102,5,367.41,2,4,3,At Risk,High-value win-back offer with targeted discount
18156,60,12,856.32,3,5,4,Loyal Customers,"Cross-sell complimentary products, points incentive"
18157,31,4,633.19,5,3,4,Loyal Customers,"Cross-sell complimentary products, points incentive"
18158,43,3,191.23,4,3,2,Lost Customers,Low-cost automated re-engagement email
18159,82,6,655.7,3,4,4,Loyal Customers,"Cross-sell complimentary products, points incentive"
18160,44,3,380.56,4,3,3,Loyal Customers,"Cross-sell complimentary products, points incentive"
18161,55,5,221.25,4,4,2,Lost Customers,Low-cost automated re-engagement email
18162,17,3,187.99,5,3,2,Lost Customers,Low-cost automated re-engagement email
18163,144,3,409.67,1,3,3,At Risk,High-value win-back offer with targeted discount
18164,158,3,1412.68,1,3,5,At Risk,High-value win-back offer with targeted discount
18165,33,3,87.1,5,3,1,Lost Customers,Low-cost automated re-engagement email
18166,50,8,1155.45,4,5,5,Champions,"VIP rewards, early access to new collections"
18167,9,4,1073.83,5,3,5,Loyal Customers,"Cross-sell complimentary products, points incentive"
18168,136,10,981.04,1,5,5,At Risk,High-value win-back offer with targeted discount
18169,21,1,39.93,5,1,1,New Customers,Welcome onboarding campaign to drive 2nd purchase
18170,64,3,257.6,3,3,2,Lost Customers,Low-cost automated re-engagement email
18171,27,2,75.39,5,2,1,New Customers,Welcome onboarding campaign to drive 2nd purchase
18172,65,3,171.76,3,3,2,Lost Customers,Low-cost automated re-engagement email
18173,119,2,254.67,2,2,2,Lost Customers,Low-cost automated re-engagement email
18174,98,1,85.25,2,1,1,Lost Customers,Low-cost automated re-engagement email
18175,103,6,644.3,2,4,4,At Risk,High-value win-back offer with targeted discount
18176,19,3,94.28,5,3,1,Lost Customers,Low-cost automated re-engagement email
18177,63,6,311.66,3,4,3,Loyal Customers,"Cross-sell complimentary products, points incentive"
18178,226,2,312.58,1,2,3,Lost Customers,Low-cost automated re-engagement email
18179,78,1,19.94,3,1,1,Lost Customers,Low-cost automated re-engagement email
18180,67,5,136.42,3,4,1,Lost Customers,Low-cost automated re-engagement email
18181,54,6,410.24,4,4,3,Loyal Customers,"Cross-sell complimentary products, points incentive"
18182,73,3,169.51,3,3,2,Lost Customers,Low-cost automated re-engagement email
18183,65,2,359.83,3,2,3,Lost Customers,Low-cost automated re-engagement email
18184,201,10,104.3,1,5,1,Lost Customers,Low-cost automated re-engagement email
18185,114,4,334.31,2,3,3,At Risk,High-value win-back offer with targeted discount
18186,59,2,618.32,3,2,4,Lost Customers,Low-cost automated re-engagement email
18187,110,2,241.64,2,2,2,Lost Customers,Low-cost automated re-engagement email
18188,35,2,45.28,4,2,1,New Customers,Welcome onboarding campaign to drive 2nd purchase
18189,64,3,2400.48,3,3,5,Loyal Customers,"Cross-sell complimentary products, points incentive"
18190,44,7,385.19,4,5,3,Loyal Customers,"Cross-sell complimentary products, points incentive"
18191,105,4,40.27,2,3,1,Lost Customers,Low-cost automated re-engagement email
18192,61,3,560.85,3,3,4,Loyal Customers,"Cross-sell complimentary products, points incentive"
18193,72,2,86.99,3,2,1,Lost Customers,Low-cost automated re-engagement email
18194,57,11,5334.23,3,5,5,Loyal Customers,"Cross-sell complimentary products, points incentive"
18195,85,8,1378.74,2,5,5,At Risk,High-value win-back offer with targeted discount
18196,106,7,4289.35,2,5,5,At Risk,High-value win-back offer with targeted discount
18197,159,4,139.53,1,3,2,Lost Customers,Low-cost automated re-engagement email
18198,53,5,1421.73,4,4,5,Champions,"VIP rewards, early access to new collections"
18199,29,1,43.3,5,1,1,New Customers,Welcome onboarding campaign to drive 2nd purchase
18200,88,4,490.54,2,3,4,At Risk,High-value win-back offer with targeted discount
18201,23,16,1682.02,5,5,5,Champions,"VIP rewards, early access to new collections"
18202,52,3,941.18,4,3,5,Loyal Customers,"Cross-sell complimentary products, points incentive"
18203,17,2,373.17,5,2,3,New Customers,Welcome onboarding campaign to drive 2nd purchase
18204,345,3,177.72,1,3,2,Lost Customers,Low-cost automated re-engagement email
18205,145,2,479.59,1,2,4,Lost Customers,Low-cost automated re-engagement email
18206,136,2,165.73,1,2,2,Lost Customers,Low-cost automated re-engagement email
18207,164,5,840.2,1,4,4,At Risk,High-value win-back offer with targeted discount
18208,126,7,822.21,1,5,4,At Risk,High-value win-back offer with targeted discount
18209,79,5,371.53,3,4,3,Loyal Customers,"Cross-sell complimentary products, points incentive"
18210,80,2,54.7,3,2,1,Lost Customers,Low-cost automated re-engagement email
18211,154,2,216.19,1,2,2,Lost Customers,Low-cost automated re-engagement email
18212,160,5,245.16,1,4,2,Lost Customers,Low-cost automated re-engagement email
18213,31,6,178.51,5,4,2,Lost Customers,Low-cost automated re-engagement email
18214,60,3,570.22,3,3,4,Loyal Customers,"Cross-sell complimentary products, points incentive"
18215,71,2,102.04,3,2,1,Lost Customers,Low-cost automated re-engagement email
18216,129,7,124.11,1,5,1,Lost Customers,Low-cost automated re-engagement email
18217,36,15,1352.98,4,5,5,Champions,"VIP rewards, early access to new collections"
18218,32,9,706.56,5,5,4,Champions,"VIP rewards, early access to new collections"
18219,21,17,1447.57,5,5,5,Champions,"VIP rewards, early access to new collections"
18220,45,3,255.19,4,3,2,Lost Customers,Low-cost automated re-engagement email
18221,52,8,291.21,4,5,3,Loyal Customers,"Cross-sell complimentary products, points incentive"
18222,184,10,628.42,1,5,4,At Risk,High-value win-back offer with targeted discount
18223,119,3,688.11,2,3,4,At Risk,High-value win-back offer with targeted discount
18224,129,2,388.63,1,2,3,Lost Customers,Low-cost automated re-engagement email
18225,28,2,130.97,5,2,1,New Customers,Welcome onboarding campaign to drive 2nd purchase
18226,57,4,609.69,3,3,4,Loyal Customers,"Cross-sell complimentary products, points incentive"
18227,109,1,97.88,2,1,1,Lost Customers,Low-cost automated re-engagement email
18228,74,13,869.73,3,5,4,Loyal Customers,"Cross-sell complimentary products, points incentive"
18229,96,2,552.88,2,2,4,Lost Customers,Low-cost automated re-engagement email
18230,21,5,201.15,5,4,2,Lost Customers,Low-cost automated re-engagement email
18231,72,1,118.61,3,1,1,Lost Customers,Low-cost automated re-engagement email
18232,113,18,362.6,2,5,3,At Risk,High-value win-back offer with targeted discount
18233,29,10,1245.19,5,5,5,Champions,"VIP rewards, early access to new collections"
18234,13,1,49.7,5,1,1,New Customers,Welcome onboarding campaign to drive 2nd purchase
18235,28,5,319.23,5,4,3,Loyal Customers,"Cross-sell complimentary products, points incentive"
18236,152,3,207.8,1,3,2,Lost Customers,Low-cost automated re-engagement email
18237,24,4,48.89,5,3,1,Lost Customers,Low-cost automated re-engagement email
18238,68,6,126.35,3,4,1,Lost Customers,Low-cost automated re-engagement email
18239,12,2,380.03,5,2,3,New Customers,Welcome onboarding campaign to drive 2nd purchase
18240,32,4,395.61,5,3,3,Loyal Customers,"Cross-sell complimentary products, points incentive"
18241,78,1,334.46,3,1,3,Lost Customers,Low-cost automated re-engagement email
18242,67,4,105.13,3,3,1,Lost Customers,Low-cost automated re-engagement email
18243,137,1,193.65,1,1,2,Lost Customers,Low-cost automated re-engagement email
18244,90,10,1362.68,2,5,5,At Risk,High-value win-back offer with targeted discount
18245,29,2,513.48,5,2,4,New Customers,Welcome onboarding campaign to drive 2nd purchase
18246,56,5,408.55,4,4,3,Loyal Customers,"Cross-sell complimentary products, points incentive"
18247,48,7,698.6,4,5,4,Champions,"VIP rewards, early access to new collections"
18248,7,15,612.96,5,5,4,Champions,"VIP rewards, early access to new collections"
18249,187,14,987.84,1,5,5,At Risk,High-value win-back offer with targeted discount
18250,69,11,636.3,3,5,4,Loyal Customers,"Cross-sell complimentary products, points incentive"
18251,78,4,109.22,3,3,1,Lost Customers,Low-cost automated re-engagement email
18252,107,9,915.78,2,5,5,At Risk,High-value win-back offer with targeted discount
18253,108,5,1050.66,2,4,5,At Risk,High-value win-back offer with targeted discount
18254,116,5,1301.62,2,4,5,At Risk,High-value win-back offer with targeted discount
18255,50,3,130.2,4,3,1,Lost Customers,Low-cost automated re-engagement email
18256,45,14,1219.61,4,5,5,Champions,"VIP rewards, early access to new collections"
18257,140,2,159.49,1,2,2,Lost Customers,Low-cost automated re-engagement email
18258,190,2,678.77,1,2,4,Lost Customers,Low-cost automated re-engagement email
18259,12,5,2246.44,5,4,5,Champions,"VIP rewards, early access to new collections"
18260,137,1,27.82,1,1,1,Lost Customers,Low-cost automated re-engagement email
18261,56,4,557.87,4,3,4,Loyal Customers,"Cross-sell complimentary products, points incentive"
18262,64,13,1887.41,3,5,5,Loyal Customers,"Cross-sell complimentary products, points incentive"
18263,4,5,375.77,5,4,3,Loyal Customers,"Cross-sell complimentary products, points incentive"
18264,68,4,115.55,3,3,1,Lost Customers,Low-cost automated re-engagement email
18265,42,2,339.69,4,2,3,New Customers,Welcome onboarding campaign to drive 2nd purchase
18266,6,1,268.98,5,1,3,New Customers,Welcome onboarding campaign to drive 2nd purchase
18267,149,7,385.15,1,5,3,At Risk,High-value win-back offer with targeted discount
18268,78,4,1056.85,3,3,5,Loyal Customers,"Cross-sell complimentary products, points incentive"
18269,87,6,542.07,2,4,4,At Risk,High-value win-back offer with targeted discount
18270,149,1,323.68,1,1,3,Lost Customers,Low-cost automated re-engagement email
18271,109,6,1938.57,2,4,5,At Risk,High-value win-back offer with targeted discount
18272,20,17,1498.19,5,5,5,Champions,"VIP rewards, early access to new collections"
18273,127,10,1310.56,1,5,5,At Risk,High-value win-back offer with targeted discount
18274,16,5,239.19,5,4,2,Lost Customers,Low-cost automated re-engagement email
18275,103,2,41.76,2,2,1,Lost Customers,Low-cost automated re-engagement email
18276,217,4,451.22,1,3,3,At Risk,High-value win-back offer with targeted discount
18277,104,4,96.22,2,3,1,Lost Customers,Low-cost automated re-engagement email
18278,52,3,1776.47,4,3,5,Loyal Customers,"Cross-sell complimentary products, points incentive"
18279,212,3,752.39,1,3,4,At Risk,High-value win-back offer with targeted discount
18280,78,18,1413.69,3,5,5,Loyal Customers,"Cross-sell complimentary products, points incentive"
18281,30,2,1985.67,5,2,5,New Customers,Welcome onboarding campaign to drive 2nd purchase
18282,40,3,153.13,4,3,2,Lost Customers,Low-cost automated re-engagement email
18283,39,6,379.39,4,4,3,Loyal Customers,"Cross-sell complimentary products, points incentive"
18284,245,20,1250.94,1,5,5,At Risk,High-value win-back offer with targeted discount
18285,103,3,254.94,2,3,2,Lost Customers,Low-cost automated re-engagement email
18286,105,1,68.1,2,1,1,Lost Customers,Low-cost automated re-engagement email
18287,93,1,135.76,2,1,1,Lost Customers,Low-cost automated re-engagement email
18288,82,25,915.97,3,5,5,Loyal Customers,"Cross-sell complimentary products, points incentive"
18289,46,1,101.0,4,1,1,New Customers,Welcome onboarding campaign to drive 2nd purchase
18290,24,4,220.97,5,3,2,Lost Customers,Low-cost automated re-engagement email
18291,87,1,95.24,2,1,1,Lost Customers,Low-cost automated re-engagement email
18292,208,2,67.93,1,2,1,Lost Customers,Low-cost automated re-engagement email
18293,84,2,82.69,2,2,1,Lost Customers,Low-cost automated re-engagement email
18294,159,1,609.51,1,1,4,Lost Customers,Low-cost automated re-engagement email
18295,12,9,353.59,5,5,3,Loyal Customers,"Cross-sell complimentary products, points incentive"
18296,85,5,720.94,2,4,4,At Risk,High-value win-back offer with targeted discount
18297,43,3,166.58,4,3,2,Lost Customers,Low-cost automated re-engagement email
18298,28,3,108.09,5,3,1,Lost Customers,Low-cost automated re-engagement email
18299,179,8,762.91,1,5,4,At Risk,High-value win-back offer with targeted discount
18300,48,4,164.73,4,3,2,Lost Customers,Low-cost automated re-engagement email
18301,103,18,2582.65,2,5,5,At Risk,High-value win-back offer with targeted discount
18302,62,3,241.37,3,3,2,Lost Customers,Low-cost automated re-engagement email
18303,20,5,1498.04,5,4,5,Champions,"VIP rewards, early access to new collections"
18304,113,2,55.6,2,2,1,Lost Customers,Low-cost automated re-engagement email
18305,51,3,346.23,4,3,3,Loyal Customers,"Cross-sell complimentary products, points incentive"
18306,125,8,1005.0,1,5,5,At Risk,High-value win-back offer with targeted discount
18307,33,9,330.4,5,5,3,Loyal Customers,"Cross-sell complimentary products, points incentive"
18308,44,15,742.8,4,5,4,Champions,"VIP rewards, early access to new collections"
18309,100,5,125.0,2,4,1,Lost Customers,Low-cost automated re-engagement email
18310,35,9,198.98,4,5,2,Lost Customers,Low-cost automated re-engagement email
18311,111,6,485.43,2,4,4,At Risk,High-value win-back offer with targeted discount
18312,9,3,558.23,5,3,4,Loyal Customers,"Cross-sell complimentary products, points incentive"
18313,24,1,79.96,5,1,1,New Customers,Welcome onboarding campaign to drive 2nd purchase
18314,71,3,249.08,3,3,2,Lost Customers,Low-cost automated re-engagement email
18315,105,2,55.96,2,2,1,Lost Customers,Low-cost automated re-engagement email
18316,74,8,108.63,3,5,1,Lost Customers,Low-cost automated re-engagement email
18317,97,9,1102.21,2,5,5,At Risk,High-value win-back offer with targeted discount
18318,49,2,99.34,4,2,1,New Customers,Welcome onboarding campaign to drive 2nd purchase
18319,9,9,160.2,5,5,2,Lost Customers,Low-cost automated re-engagement email
18320,54,2,110.33,4,2,1,New Customers,Welcome onboarding campaign to drive 2nd purchase
18321,55,11,1239.3,4,5,5,Champions,"VIP rewards, early access to new collections"
18322,150,3,387.97,1,3,3,At Risk,High-value win-back offer with targeted discount
18323,110,5,538.31,2,4,4,At Risk,High-value win-back offer with targeted discount
18324,26,11,529.49,5,5,4,Champions,"VIP rewards, early access to new collections"
18325,6,6,922.19,5,4,5,Champions,"VIP rewards, early access to new collections"
18326,62,3,265.13,3,3,3,Loyal Customers,"Cross-sell complimentary products, points incentive"
18327,43,7,286.37,4,5,3,Loyal Customers,"Cross-sell complimentary products, points incentive"
18328,198,2,65.87,1,2,1,Lost Customers,Low-cost automated re-engagement email
18329,153,1,107.41,1,1,1,Lost Customers,Low-cost automated re-engagement email
18330,20,9,1770.99,5,5,5,Champions,"VIP rewards, early access to new collections"
18331,108,2,307.18,2,2,3,Lost Customers,Low-cost automated re-engagement email
18332,96,7,729.83,2,5,4,At Risk,High-value win-back offer with targeted discount
18333,93,4,636.73,2,3,4,At Risk,High-value win-back offer with targeted discount
18334,327,4,3042.97,1,3,5,At Risk,High-value win-back offer with targeted discount
18335,63,2,233.27,3,2,2,Lost Customers,Low-cost automated re-engagement email
18336,117,3,311.16,2,3,3,At Risk,High-value win-back offer with targeted discount
18337,128,4,587.83,1,3,4,At Risk,High-value win-back offer with targeted discount
18338,88,4,707.39,2,3,4,At Risk,High-value win-back offer with targeted discount
18339,196,2,54.1,1,2,1,Lost Customers,Low-cost automated re-engagement email
18340,79,7,739.02,3,5,4,Loyal Customers,"Cross-sell complimentary products, points incentive"
18341,124,7,1555.25,1,5,5,At Risk,High-value win-back offer with targeted discount
18342,39,5,2165.74,4,4,5,Champions,"VIP rewards, early access to new collections"
18343,24,3,275.0,5,3,3,Loyal Customers,"Cross-sell complimentary products, points incentive"
18344,99,7,418.66,2,5,3,At Risk,High-value win-back offer with targeted discount
18345,66,6,626.55,3,4,4,Loyal Customers,"Cross-sell complimentary products, points incentive"
18346,69,1,50.42,3,1,1,Lost Customers,Low-cost automated re-engagement email
18347,53,4,1478.31,4,3,5,Loyal Customers,"Cross-sell complimentary products, points incentive"
18348,122,16,2220.24,1,5,5,At Risk,High-value win-back offer with targeted discount
18349,78,8,686.85,3,5,4,Loyal Customers,"Cross-sell complimentary products, points incentive"
18350,265,9,2207.12,1,5,5,At Risk,High-value win-back offer with targeted discount
18351,76,2,63.76,3,2,1,Lost Customers,Low-cost automated re-engagement email
18352,91,4,55.79,2,3,1,Lost Customers,Low-cost automated re-engagement email
18353,132,3,394.71,1,3,3,At Risk,High-value win-back offer with targeted discount
18354,99,4,946.6,2,3,5,At Risk,High-value win-back offer with targeted discount
18355,25,3,237.59,5,3,2,Lost Customers,Low-cost automated re-engagement email
18356,59,2,97.7,3,2,1,Lost Customers,Low-cost automated re-engagement email
18357,36,4,152.2,4,3,2,Lost Customers,Low-cost automated re-engagement email
18358,95,2,59.27,2,2,1,Lost Customers,Low-cost automated re-engagement email
18359,83,6,982.81,2,4,5,At Risk,High-value win-back offer with targeted discount
18360,127,4,751.79,1,3,4,At Risk,High-value win-back offer with targeted discount
18361,139,1,205.67,1,1,2,Lost Customers,Low-cost automated re-engagement email
18362,36,11,996.69,4,5,5,Champions,"VIP rewards, early access to new collections"
18363,137,5,159.01,1,4,2,Lost Customers,Low-cost automated re-engagement email
18364,152,3,141.91,1,3,2,Lost Customers,Low-cost automated re-engagement email
18365,30,3,462.84,5,3,3,Loyal Customers,"Cross-sell complimentary products, points incentive"
18366,91,2,70.78,2,2,1,Lost Customers,Low-cost automated re-engagement email
18367,171,4,328.53,1,3,3,At Risk,High-value win-back offer with targeted discount
18368,58,6,216.16,3,4,2,Lost Customers,Low-cost automated re-engagement email
18369,69,14,673.12,3,5,4,Loyal Customers,"Cross-sell complimentary products, points incentive"
18370,91,4,127.69,2,3,1,Lost Customers,Low-cost automated re-engagement email
18371,77,4,365.38,3,3,3,Loyal Customers,"Cross-sell complimentary products, points incentive"
18372,80,9,217.12,3,5,2,Lost Customers,Low-cost automated re-engagement email
18373,108,2,90.81,2,2,1,Lost Customers,Low-cost automated re-engagement email
18374,111,4,774.57,2,3,4,At Risk,High-value win-back offer with targeted discount
18375,67,2,462.7,3,2,3,Lost Customers,Low-cost automated re-engagement email
18376,209,4,658.52,1,3,4,At Risk,High-value win-back offer with targeted discount
18377,36,8,2574.26,4,5,5,Champions,"VIP rewards, early access to new collections"
18378,124,1,27.45,1,1,1,Lost Customers,Low-cost automated re-engagement email
18379,6,9,746.2,5,5,4,Champions,"VIP rewards, early access to new collections"
18380,73,5,481.73,3,4,4,Loyal Customers,"Cross-sell complimentary products, points incentive"
18381,5,4,2085.92,5,3,5,Loyal Customers,"Cross-sell complimentary products, points incentive"
18382,76,10,726.96,3,5,4,Loyal Customers,"Cross-sell complimentary products, points incentive"
18383,98,2,370.3,2,2,3,Lost Customers,Low-cost automated re-engagement email
18384,54,2,826.66,4,2,4,New Customers,Welcome onboarding campaign to drive 2nd purchase
18385,71,2,202.43,3,2,2,Lost Customers,Low-cost automated re-engagement email
18386,117,6,354.09,2,4,3,At Risk,High-value win-back offer with targeted discount
18387,1,3,191.39,5,3,2,Lost Customers,Low-cost automated re-engagement email
18388,47,2,38.58,4,2,1,New Customers,Welcome onboarding campaign to drive 2nd purchase
18389,174,2,119.09,1,2,1,Lost Customers,Low-cost automated re-engagement email
18390,24,4,100.19,5,3,1,Lost Customers,Low-cost automated re-engagement email
18391,40,4,727.99,4,3,4,Loyal Customers,"Cross-sell complimentary products, points incentive"
18392,9,2,44.13,5,2,1,New Customers,Welcome onboarding campaign to drive 2nd purchase
18393,47,2,256.25,4,2,2,New Customers,Welcome onboarding campaign to drive 2nd purchase
18394,64,3,751.85,3,3,4,Loyal Customers,"Cross-sell complimentary products, points incentive"
18395,319,7,1214.37,1,5,5,At Risk,High-value win-back offer with targeted discount
18396,93,3,174.84,2,3,2,Lost Customers,Low-cost automated re-engagement email
18397,49,2,358.03,4,2,3,New Customers,Welcome onboarding campaign to drive 2nd purchase
18398,16,4,363.22,5,3,3,Loyal Customers,"Cross-sell complimentary products, points incentive"
18399,40,4,238.58,4,3,2,Lost Customers,Low-cost automated re-engagement email
18400,34,2,129.81,5,2,1,New Customers,Welcome onboarding campaign to drive 2nd purchase
18401,7,2,268.21,5,2,3,New Customers,Welcome onboarding campaign to drive 2nd purchase
18402,24,7,155.23,5,5,2,Lost Customers,Low-cost automated re-engagement email
18403,50,2,114.38,4,2,1,New Customers,Welcome onboarding campaign to drive 2nd purchase
18404,56,7,882.87,4,5,4,Champions,"VIP rewards, early access to new collections"
18405,116,1,56.75,2,1,1,Lost Customers,Low-cost automated re-engagement email
18406,180,1,28.15,1,1,1,Lost Customers,Low-cost automated re-engagement email
18407,55,4,161.43,4,3,2,Lost Customers,Low-cost automated re-engagement email
18408,127,2,210.2,1,2,2,Lost Customers,Low-cost automated re-engagement email
18409,49,3,417.05,4,3,3,Loyal Customers,"Cross-sell complimentary products, points incentive"
18410,31,4,955.67,5,3,5,Loyal Customers,"Cross-sell complimentary products, points incentive"
18411,112,3,545.29,2,3,4,At Risk,High-value win-back offer with targeted discount
18412,48,2,359.72,4,2,3,New Customers,Welcome onboarding campaign to drive 2nd purchase
18413,35,5,79.84,4,4,1,Lost Customers,Low-cost automated re-engagement email
18414,30,4,709.1,5,3,4,Loyal Customers,"Cross-sell complimentary products, points incentive"
18415,14,4,226.07,5,3,2,Lost Customers,Low-cost automated re-engagement email
18416,71,4,98.39,3,3,1,Lost Customers,Low-cost automated re-engagement email
18417,42,2,297.46,4,2,3,New Customers,Welcome onboarding campaign to drive 2nd purchase
18418,131,2,211.49,1,2,2,Lost Customers,Low-cost automated re-engagement email
18419,211,3,598.79,1,3,4,At Risk,High-value win-back offer with targeted discount
18420,29,2,111.29,5,2,1,New Customers,Welcome onboarding campaign to drive 2nd purchase
18421,19,4,358.22,5,3,3,Loyal Customers,"Cross-sell complimentary products, points incentive"
18422,183,3,53.4,1,3,1,Lost Customers,Low-cost automated re-engagement email
18423,76,4,2103.07,3,3,5,Loyal Customers,"Cross-sell complimentary products, points incentive"
18424,74,4,107.96,3,3,1,Lost Customers,Low-cost automated re-engagement email
18425,87,14,607.77,2,5,4,At Risk,High-value win-back offer with targeted discount
18426,147,2,71.2,1,2,1,Lost Customers,Low-cost automated re-engagement email
18427,146,3,325.23,1,3,3,At Risk,High-value win-back offer with targeted discount
18428,108,2,83.92,2,2,1,Lost Customers,Low-cost automated re-engagement email
18429,24,3,712.66,5,3,4,Loyal Customers,"Cross-sell complimentary products, points incentive"
18430,11,2,239.0,5,2,2,New Customers,Welcome onboarding campaign to drive 2nd purchase
18431,24,6,141.26,5,4,2,Lost Customers,Low-cost automated re-engagement email
18432,15,2,363.23,5,2,3,New Customers,Welcome onboarding campaign to drive 2nd purchase
18433,117,7,1431.72,2,5,5,At Risk,High-value win-back offer with targeted discount
18434,39,6,280.36,4,4,3,Loyal Customers,"Cross-sell complimentary products, points incentive"
18435,106,18,578.51,2,5,4,At Risk,High-value win-back offer with targeted discount
18436,68,15,1933.05,3,5,5,Loyal Customers,"Cross-sell complimentary products, points incentive"
18437,39,2,325.69,4,2,3,New Customers,Welcome onboarding campaign to drive 2nd purchase
18438,30,9,328.36,5,5,3,Loyal Customers,"Cross-sell complimentary products, points incentive"
18439,37,3,620.06,4,3,4,Loyal Customers,"Cross-sell complimentary products, points incentive"
18440,19,5,268.57,5,4,3,Loyal Customers,"Cross-sell complimentary products, points incentive"
18441,215,14,3655.3,1,5,5,At Risk,High-value win-back offer with targeted discount
18442,62,2,43.44,3,2,1,Lost Customers,Low-cost automated re-engagement email
18443,68,4,186.1,3,3,2,Lost Customers,Low-cost automated re-engagement email
18444,67,1,74.62,3,1,1,Lost Customers,Low-cost automated re-engagement email
18445,115,7,258.23,2,5,2,Lost Customers,Low-cost automated re-engagement email
18446,34,18,1574.8,5,5,5,Champions,"VIP rewards, early access to new collections"
18447,152,6,395.3,1,4,3,At Risk,High-value win-back offer with targeted discount
18448,52,10,745.37,4,5,4,Champions,"VIP rewards, early access to new collections"
18449,51,9,563.2,4,5,4,Champions,"VIP rewards, early access to new collections"
18450,168,2,56.35,1,2,1,Lost Customers,Low-cost automated re-engagement email
18451,33,5,440.87,5,4,3,Loyal Customers,"Cross-sell complimentary products, points incentive"
18452,91,5,401.99,2,4,3,At Risk,High-value win-back offer with targeted discount
18453,66,2,72.61,3,2,1,Lost Customers,Low-cost automated re-engagement email
18454,39,11,3047.4,4,5,5,Champions,"VIP rewards, early access to new collections"
18455,102,3,358.54,2,3,3,At Risk,High-value win-back offer with targeted discount
18456,23,3,516.1,5,3,4,Loyal Customers,"Cross-sell complimentary products, points incentive"
18457,38,3,130.42,4,3,1,Lost Customers,Low-cost automated re-engagement email
18458,73,4,45.07,3,3,1,Lost Customers,Low-cost automated re-engagement email
18459,194,35,15137.5,1,5,5,At Risk,High-value win-back offer with targeted discount
18460,182,3,314.32,1,3,3,At Risk,High-value win-back offer with targeted discount
18461,92,1,124.87,2,1,1,Lost Customers,Low-cost automated re-engagement email
18462,53,4,480.5,4,3,4,Loyal Customers,"Cross-sell complimentary products, points incentive"
18463,8,2,257.83,5,2,2,New Customers,Welcome onboarding campaign to drive 2nd purchase
18464,128,3,103.68,1,3,1,Lost Customers,Low-cost automated re-engagement email
18465,141,6,213.98,1,4,2,Lost Customers,Low-cost automated re-engagement email
18466,91,2,71.5,2,2,1,Lost Customers,Low-cost automated re-engagement email
18467,55,3,443.54,4,3,3,Loyal Customers,"Cross-sell complimentary products, points incentive"
18468,120,5,151.03,2,4,2,Lost Customers,Low-cost automated re-engagement email
18469,65,2,45.48,3,2,1,Lost Customers,Low-cost automated re-engagement email
18470,59,4,201.95,3,3,2,Lost Customers,Low-cost automated re-engagement email
18471,15,5,352.27,5,4,3,Loyal Customers,"Cross-sell complimentary products, points incentive"
18472,116,4,344.33,2,3,3,At Risk,High-value win-back offer with targeted discount
18473,75,4,232.44,3,3,2,Lost Customers,Low-cost automated re-engagement email
18474,182,5,695.99,1,4,4,At Risk,High-value win-back offer with targeted discount
18475,41,2,514.61,4,2,4,New Customers,Welcome onboarding campaign to drive 2nd purchase
18476,31,2,188.18,5,2,2,New Customers,Welcome onboarding campaign to drive 2nd purchase
18477,140,2,512.31,1,2,4,Lost Customers,Low-cost automated re-engagement email
18478,161,2,295.32,1,2,3,Lost Customers,Low-cost automated re-engagement email
18479,68,9,343.0,3,5,3,Loyal Customers,"Cross-sell complimentary products, points incentive"
18480,124,1,42.01,1,1,1,Lost Customers,Low-cost automated re-engagement email
18481,52,6,240.86,4,4,2,Lost Customers,Low-cost automated re-engagement email
18482,54,2,151.61,4,2,2,New Customers,Welcome onboarding campaign to drive 2nd purchase
18483,92,8,560.29,2,5,4,At Risk,High-value win-back offer with targeted discount
18484,54,3,461.21,4,3,3,Loyal Customers,"Cross-sell complimentary products, points incentive"
18485,82,4,312.66,3,3,3,Loyal Customers,"Cross-sell complimentary products, points incentive"
18486,73,6,674.97,3,4,4,Loyal Customers,"Cross-sell complimentary products, points incentive"
18487,25,10,314.67,5,5,3,Loyal Customers,"Cross-sell complimentary products, points incentive"
18488,82,3,335.65,3,3,3,Loyal Customers,"Cross-sell complimentary products, points incentive"
18489,26,3,175.57,5,3,2,Lost Customers,Low-cost automated re-engagement email
18490,117,5,274.04,2,4,3,At Risk,High-value win-back offer with targeted discount
18491,142,1,50.31,1,1,1,Lost Customers,Low-cost automated re-engagement email
18492,59,1,350.77,3,1,3,Lost Customers,Low-cost automated re-engagement email
18493,195,5,155.66,1,4,2,Lost Customers,Low-cost automated re-engagement email
18494,159,6,993.11,1,4,5,At Risk,High-value win-back offer with targeted discount
18495,83,5,431.59,2,4,3,At Risk,High-value win-back offer with targeted discount
18496,55,4,105.87,4,3,1,Lost Customers,Low-cost automated re-engagement email
18497,134,3,206.61,1,3,2,Lost Customers,Low-cost automated re-engagement email
18498,198,12,131.9,1,5,1,Lost Customers,Low-cost automated re-engagement email
18499,87,14,5923.53,2,5,5,At Risk,High-value win-back offer with targeted discount
18500,45,4,258.54,4,3,2,Lost Customers,Low-cost automated re-engagement email
18501,109,2,491.32,2,2,4,Lost Customers,Low-cost automated re-engagement email
18502,68,2,604.45,3,2,4,Lost Customers,Low-cost automated re-engagement email
18503,30,5,269.93,5,4,3,Loyal Customers,"Cross-sell complimentary products, points incentive"
18504,49,2,184.85,4,2,2,New Customers,Welcome onboarding campaign to drive 2nd purchase
18505,141,2,212.73,1,2,2,Lost Customers,Low-cost automated re-engagement email
18506,62,3,1493.46,3,3,5,Loyal Customers,"Cross-sell complimentary products, points incentive"
18507,44,5,378.9,4,4,3,Loyal Customers,"Cross-sell complimentary products, points incentive"
18508,165,11,943.42,1,5,5,At Risk,High-value win-back offer with targeted discount
18509,139,5,127.78,1,4,1,Lost Customers,Low-cost automated re-engagement email
18510,51,5,201.3,4,4,2,Lost Customers,Low-cost automated re-engagement email
18511,227,8,459.31,1,5,3,At Risk,High-value win-back offer with targeted discount
18512,64,7,2032.7,3,5,5,Loyal Customers,"Cross-sell complimentary products, points incentive"
18513,88,3,1483.97,2,3,5,At Risk,High-value win-back offer with targeted discount
18514,72,7,989.2,3,5,5,Loyal Customers,"Cross-sell complimentary products, points incentive"
18515,34,8,987.61,5,5,5,Champions,"VIP rewards, early access to new collections"
18516,60,5,833.65,3,4,4,Loyal Customers,"Cross-sell complimentary products, points incentive"
18517,67,4,194.43,3,3,2,Lost Customers,Low-cost automated re-engagement email
18518,11,6,1886.92,5,4,5,Champions,"VIP rewards, early access to new collections"
18519,85,5,124.15,2,4,1,Lost Customers,Low-cost automated re-engagement email
18520,127,1,59.78,1,1,1,Lost Customers,Low-cost automated re-engagement email
18521,26,5,810.31,5,4,4,Champions,"VIP rewards, early access to new collections"
18522,111,9,525.39,2,5,4,At Risk,High-value win-back offer with targeted discount
18523,146,8,6641.31,1,5,5,At Risk,High-value win-back offer with targeted discount
18524,61,5,820.81,3,4,4,Loyal Customers,"Cross-sell complimentary products, points incentive"
18525,224,4,872.6,1,3,4,At Risk,High-value win-back offer with targeted discount
18526,83,3,136.4,2,3,1,Lost Customers,Low-cost automated re-engagement email
18527,11,4,858.15,5,3,4,Loyal Customers,"Cross-sell complimentary products, points incentive"
18528,22,6,1119.68,5,4,5,Champions,"VIP rewards, early access to new collections"
18529,86,5,1840.02,2,4,5,At Risk,High-value win-back offer with targeted discount
18530,107,7,87.62,2,5,1,Lost Customers,Low-cost automated re-engagement email
18531,71,3,133.76,3,3,1,Lost Customers,Low-cost automated re-engagement email
18532,82,8,974.74,3,5,5,Loyal Customers,"Cross-sell complimentary products, points incentive"
18533,73,3,375.5,3,3,3,Loyal Customers,"Cross-sell complimentary products, points incentive"
18534,40,4,345.77,4,3,3,Loyal Customers,"Cross-sell complimentary products, points incentive"
18535,73,3,68.27,3,3,1,Lost Customers,Low-cost automated re-engagement email
18536,16,4,429.73,5,3,3,Loyal Customers,"Cross-sell complimentary products, points incentive"
18537,53,17,2020.03,4,5,5,Champions,"VIP rewards, early access to new collections"
18538,102,5,448.87,2,4,3,At Risk,High-value win-back offer with targeted discount
18539,32,4,348.32,5,3,3,Loyal Customers,"Cross-sell complimentary products, points incentive"
18540,56,11,2312.0,4,5,5,Champions,"VIP rewards, early access to new collections"
18541,77,1,78.36,3,1,1,Lost Customers,Low-cost automated re-engagement email
18542,215,3,87.66,1,3,1,Lost Customers,Low-cost automated re-engagement email
18543,138,3,955.0,1,3,5,At Risk,High-value win-back offer with targeted discount
18544,16,2,605.17,5,2,4,New Customers,Welcome onboarding campaign to drive 2nd purchase
18545,250,1,86.86,1,1,1,Lost Customers,Low-cost automated re-engagement email
18546,173,3,593.58,1,3,4,At Risk,High-value win-back offer with targeted discount
18547,81,6,137.02,3,4,1,Lost Customers,Low-cost automated re-engagement email
18548,122,3,237.13,1,3,2,Lost Customers,Low-cost automated re-engagement email
18549,37,7,134.71,4,5,1,Lost Customers,Low-cost automated re-engagement email
18550,67,4,990.75,3,3,5,Loyal Customers,"Cross-sell complimentary products, points incentive"
18551,35,9,210.79,4,5,2,Lost Customers,Low-cost automated re-engagement email
18552,107,3,186.5,2,3,2,Lost Customers,Low-cost automated re-engagement email
18553,301,1,109.31,1,1,1,Lost Customers,Low-cost automated re-engagement email
18554,50,1,188.96,4,1,2,New Customers,Welcome onboarding campaign to drive 2nd purchase
18555,62,3,434.04,3,3,3,Loyal Customers,"Cross-sell complimentary products, points incentive"
18556,69,2,503.63,3,2,4,Lost Customers,Low-cost automated re-engagement email
18557,53,3,556.74,4,3,4,Loyal Customers,"Cross-sell complimentary products, points incentive"
18558,102,9,2630.39,2,5,5,At Risk,High-value win-back offer with targeted discount
18559,145,1,18.55,1,1,1,Lost Customers,Low-cost automated re-engagement email
18560,43,12,698.37,4,5,4,Champions,"VIP rewards, early access to new collections"
18561,68,2,270.26,3,2,3,Lost Customers,Low-cost automated re-engagement email
18562,112,2,742.11,2,2,4,Lost Customers,Low-cost automated re-engagement email
18563,32,3,171.41,5,3,2,Lost Customers,Low-cost automated re-engagement email
18564,23,12,6332.99,5,5,5,Champions,"VIP rewards, early access to new collections"
18565,43,2,247.37,4,2,2,New Customers,Welcome onboarding campaign to drive 2nd purchase
18566,116,3,142.33,2,3,2,Lost Customers,Low-cost automated re-engagement email
18567,31,3,95.54,5,3,1,Lost Customers,Low-cost automated re-engagement email
18568,45,9,1570.81,4,5,5,Champions,"VIP rewards, early access to new collections"
18569,69,3,151.79,3,3,2,Lost Customers,Low-cost automated re-engagement email
18570,77,5,352.29,3,4,3,Loyal Customers,"Cross-sell complimentary products, points incentive"
18571,62,4,416.61,3,3,3,Loyal Customers,"Cross-sell complimentary products, points incentive"
18572,70,4,430.89,3,3,3,Loyal Customers,"Cross-sell complimentary products, points incentive"
18573,18,3,1509.99,5,3,5,Loyal Customers,"Cross-sell complimentary products, points incentive"
18574,41,17,2181.28,4,5,5,Champions,"VIP rewards, early access to new collections"
18575,122,31,1619.19,1,5,5,At Risk,High-value win-back offer with targeted discount
18576,39,2,91.96,4,2,1,New Customers,Welcome onboarding campaign to drive 2nd purchase
18577,79,2,807.28,3,2,4,Lost Customers,Low-cost automated re-engagement email
18578,73,4,226.41,3,3,2,Lost Customers,Low-cost automated re-engagement email
18579,114,1,152.37,2,1,2,Lost Customers,Low-cost automated re-engagement email
18580,125,4,428.06,1,3,3,At Risk,High-value win-back offer with targeted discount
18581,150,17,2234.45,1,5,5,At Risk,High-value win-back offer with targeted discount
18582,181,3,950.58,1,3,5,At Risk,High-value win-back offer with targeted discount
18583,31,8,928.82,5,5,5,Champions,"VIP rewards, early access to new collections"
18584,9,11,2066.54,5,5,5,Champions,"VIP rewards, early access to new collections"
18585,50,2,237.06,4,2,2,New Customers,Welcome onboarding campaign to drive 2nd purchase
18586,29,4,239.39,5,3,2,Lost Customers,Low-cost automated re-engagement email
18587,35,5,702.11,4,4,4,Champions,"VIP rewards, early access to new collections"
18588,99,6,300.65,2,4,3,At Risk,High-value win-back offer with targeted discount
18589,144,7,221.11,1,5,2,Lost Customers,Low-cost automated re-engagement email
18590,81,9,1367.34,3,5,5,Loyal Customers,"Cross-sell complimentary products, points incentive"
18591,40,2,273.35,4,2,3,New Customers,Welcome onboarding campaign to drive 2nd purchase
18592,84,4,498.45,2,3,4,At Risk,High-value win-back offer with targeted discount
18593,116,11,969.91,2,5,5,At Risk,High-value win-back offer with targeted discount
18594,18,12,1012.21,5,5,5,Champions,"VIP rewards, early access to new collections"
18595,53,4,135.8,4,3,1,Lost Customers,Low-cost automated re-engagement email
18596,57,3,50.53,3,3,1,Lost Customers,Low-cost automated re-engagement email
18597,60,8,1601.14,3,5,5,Loyal Customers,"Cross-sell complimentary products, points incentive"
18598,33,6,1186.41,5,4,5,Champions,"VIP rewards, early access to new collections"
18599,85,6,430.93,2,4,3,At Risk,High-value win-back offer with targeted discount
18600,91,7,2369.75,2,5,5,At Risk,High-value win-back offer with targeted discount
18601,30,2,282.34,5,2,3,New Customers,Welcome onboarding campaign to drive 2nd purchase
18602,168,7,854.09,1,5,4,At Risk,High-value win-back offer with targeted discount
18603,24,4,2212.88,5,3,5,Loyal Customers,"Cross-sell complimentary products, points incentive"
18604,39,9,261.85,4,5,2,Lost Customers,Low-cost automated re-engagement email
18605,22,4,345.09,5,3,3,Loyal Customers,"Cross-sell complimentary products, points incentive"
18606,19,6,250.86,5,4,2,Lost Customers,Low-cost automated re-engagement email
18607,75,5,323.27,3,4,3,Loyal Customers,"Cross-sell complimentary products, points incentive"
18608,39,3,254.19,4,3,2,Lost Customers,Low-cost automated re-engagement email
18609,126,2,172.97,1,2,2,Lost Customers,Low-cost automated re-engagement email
18610,33,7,239.81,5,5,2,Lost Customers,Low-cost automated re-engagement email
18611,39,2,191.4,4,2,2,New Customers,Welcome onboarding campaign to drive 2nd purchase
18612,114,3,128.54,2,3,1,Lost Customers,Low-cost automated re-engagement email
18613,26,3,792.82,5,3,4,Loyal Customers,"Cross-sell complimentary products, points incentive"
18614,47,5,895.63,4,4,4,Champions,"VIP rewards, early access to new collections"
18615,166,6,736.03,1,4,4,At Risk,High-value win-back offer with targeted discount
18616,4,1,58.66,5,1,1,New Customers,Welcome onboarding campaign to drive 2nd purchase
18617,18,2,206.94,5,2,2,New Customers,Welcome onboarding campaign to drive 2nd purchase
18618,186,2,340.11,1,2,3,Lost Customers,Low-cost automated re-engagement email
18619,92,3,198.8,2,3,2,Lost Customers,Low-cost automated re-engagement email
18620,85,1,21.52,2,1,1,Lost Customers,Low-cost automated re-engagement email
18621,18,9,1547.55,5,5,5,Champions,"VIP rewards, early access to new collections"
18622,73,4,579.99,3,3,4,Loyal Customers,"Cross-sell complimentary products, points incentive"
18623,31,3,360.57,5,3,3,Loyal Customers,"Cross-sell complimentary products, points incentive"
18624,128,7,318.3,1,5,3,At Risk,High-value win-back offer with targeted discount
18625,132,6,1281.32,1,4,5,At Risk,High-value win-back offer with targeted discount
18626,42,5,1265.76,4,4,5,Champions,"VIP rewards, early access to new collections"
18627,97,4,463.91,2,3,3,At Risk,High-value win-back offer with targeted discount
18628,88,4,252.07,2,3,2,Lost Customers,Low-cost automated re-engagement email
18629,61,7,449.51,3,5,3,Loyal Customers,"Cross-sell complimentary products, points incentive"
18630,32,6,378.38,5,4,3,Loyal Customers,"Cross-sell complimentary products, points incentive"
18631,47,14,847.37,4,5,4,Champions,"VIP rewards, early access to new collections"
18632,125,4,261.84,1,3,2,Lost Customers,Low-cost automated re-engagement email
18633,168,6,722.44,1,4,4,At Risk,High-value win-back offer with targeted discount
18634,50,4,806.83,4,3,4,Loyal Customers,"Cross-sell complimentary products, points incentive"
18635,179,5,1661.44,1,4,5,At Risk,High-value win-back offer with targeted discount
18636,92,5,197.88,2,4,2,Lost Customers,Low-cost automated re-engagement email
18637,63,3,137.55,3,3,2,Lost Customers,Low-cost automated re-engagement email
18638,57,2,384.88,3,2,3,Lost Customers,Low-cost automated re-engagement email
18639,34,6,237.48,5,4,2,Lost Customers,Low-cost automated re-engagement email
18640,102,5,158.67,2,4,2,Lost Customers,Low-cost automated re-engagement email
18641,200,11,423.89,1,5,3,At Risk,High-value win-back offer with targeted discount
18642,61,4,307.28,3,3,3,Loyal Customers,"Cross-sell complimentary products, points incentive"
18643,28,2,784.67,5,2,4,New Customers,Welcome onboarding campaign to drive 2nd purchase
18644,114,4,320.93,2,3,3,At Risk,High-value win-back offer with targeted discount
18645,48,7,806.53,4,5,4,Champions,"VIP rewards, early access to new collections"
18646,33,1,30.62,5,1,1,New Customers,Welcome onboarding campaign to drive 2nd purchase
18647,17,4,946.85,5,3,5,Loyal Customers,"Cross-sell complimentary products, points incentive"
18648,100,6,1183.38,2,4,5,At Risk,High-value win-back offer with targeted discount
18649,150,5,295.16,1,4,3,At Risk,High-value win-back offer with targeted discount
18650,23,3,145.5,5,3,2,Lost Customers,Low-cost automated re-engagement email
18651,53,2,426.37,4,2,3,New Customers,Welcome onboarding campaign to drive 2nd purchase
18652,57,4,293.84,3,3,3,Loyal Customers,"Cross-sell complimentary products, points incentive"
18653,35,2,99.06,4,2,1,New Customers,Welcome onboarding campaign to drive 2nd purchase
18654,176,6,388.33,1,4,3,At Risk,High-value win-back offer with targeted discount
18655,16,4,446.33,5,3,3,Loyal Customers,"Cross-sell complimentary products, points incentive"
18656,93,11,1913.26,2,5,5,At Risk,High-value win-back offer with targeted discount
18657,106,1,120.4,2,1,1,Lost Customers,Low-cost automated re-engagement email
18658,35,3,344.8,4,3,3,Loyal Customers,"Cross-sell complimentary products, points incentive"
18659,28,6,435.0,5,4,3,Loyal Customers,"Cross-sell complimentary products, points incentive"
18660,40,9,923.58,4,5,5,Champions,"VIP rewards, early access to new collections"
18661,11,7,443.03,5,5,3,Loyal Customers,"Cross-sell complimentary products, points incentive"
18662,43,2,141.22,4,2,2,New Customers,Welcome onboarding campaign to drive 2nd purchase
18663,48,3,970.76,4,3,5,Loyal Customers,"Cross-sell complimentary products, points incentive"
18664,228,1,93.5,1,1,1,Lost Customers,Low-cost automated re-engagement email
18665,13,4,258.65,5,3,2,Lost Customers,Low-cost automated re-engagement email
18666,60,9,441.68,3,5,3,Loyal Customers,"Cross-sell complimentary products, points incentive"
18667,117,4,49.68,2,3,1,Lost Customers,Low-cost automated re-engagement email
18668,204,6,3532.35,1,4,5,At Risk,High-value win-back offer with targeted discount
18669,15,6,3896.71,5,4,5,Champions,"VIP rewards, early access to new collections"
18670,224,3,475.11,1,3,4,At Risk,High-value win-back offer with targeted discount
18671,52,1,35.46,4,1,1,New Customers,Welcome onboarding campaign to drive 2nd purchase
18672,53,10,10548.47,4,5,5,Champions,"VIP rewards, early access to new collections"
18673,23,5,127.22,5,4,1,Lost Customers,Low-cost automated re-engagement email
18674,71,2,256.49,3,2,2,Lost Customers,Low-cost automated re-engagement email
18675,225,5,96.32,1,4,1,Lost Customers,Low-cost automated re-engagement email
18676,70,4,50.97,3,3,1,Lost Customers,Low-cost automated re-engagement email
18677,32,10,1109.27,5,5,5,Champions,"VIP rewards, early access to new collections"
18678,38,5,621.77,4,4,4,Champions,"VIP rewards, early access to new collections"
18679,40,5,500.96,4,4,4,Champions,"VIP rewards, early access to new collections"
18680,186,4,1380.35,1,3,5,At Risk,High-value win-back offer with targeted discount
18681,214,2,172.42,1,2,2,Lost Customers,Low-cost automated re-engagement email
18682,16,6,1121.94,5,4,5,Champions,"VIP rewards, early access to new collections"
18683,25,4,178.02,5,3,2,Lost Customers,Low-cost automated re-engagement email
18684,28,2,577.47,5,2,4,New Customers,Welcome onboarding campaign to drive 2nd purchase
18685,42,2,623.58,4,2,4,New Customers,Welcome onboarding campaign to drive 2nd purchase
18686,242,2,143.17,1,2,2,Lost Customers,Low-cost automated re-engagement email
18687,222,8,1009.42,1,5,5,At Risk,High-value win-back offer with targeted discount
18688,67,17,815.9,3,5,4,Loyal Customers,"Cross-sell complimentary products, points incentive"
18689,46,9,664.34,4,5,4,Champions,"VIP rewards, early access to new collections"
18690,8,5,873.94,5,4,4,Champions,"VIP rewards, early access to new collections"
18691,78,4,557.05,3,3,4,Loyal Customers,"Cross-sell complimentary products, points incentive"
18692,72,3,56.96,3,3,1,Lost Customers,Low-cost automated re-engagement email
18693,22,2,64.69,5,2,1,New Customers,Welcome onboarding campaign to drive 2nd purchase
18694,91,16,848.44,2,5,4,At Risk,High-value win-back offer with targeted discount
18695,130,2,219.42,1,2,2,Lost Customers,Low-cost automated re-engagement email
18696,22,2,78.84,5,2,1,New Customers,Welcome onboarding campaign to drive 2nd purchase
18697,44,3,75.65,4,3,1,Lost Customers,Low-cost automated re-engagement email
18698,125,4,33.78,1,3,1,Lost Customers,Low-cost automated re-engagement email
18699,36,6,3530.92,4,4,5,Champions,"VIP rewards, early access to new collections"
18700,42,2,215.92,4,2,2,New Customers,Welcome onboarding campaign to drive 2nd purchase
18701,45,1,24.57,4,1,1,New Customers,Welcome onboarding campaign to drive 2nd purchase
18702,94,3,684.26,2,3,4,At Risk,High-value win-back offer with targeted discount
18703,143,3,1035.69,1,3,5,At Risk,High-value win-back offer with targeted discount
18704,196,3,327.22,1,3,3,At Risk,High-value win-back offer with targeted discount
18705,136,3,473.12,1,3,4,At Risk,High-value win-back offer with targeted discount
18706,66,3,877.0,3,3,4,Loyal Customers,"Cross-sell complimentary products, points incentive"
18707,106,2,310.5,2,2,3,Lost Customers,Low-cost automated re-engagement email
18708,20,11,1749.72,5,5,5,Champions,"VIP rewards, early access to new collections"
18709,263,11,248.9,1,5,2,Lost Customers,Low-cost automated re-engagement email
18710,33,11,84.91,5,5,1,Lost Customers,Low-cost automated re-engagement email
18711,100,2,390.9,2,2,3,Lost Customers,Low-cost automated re-engagement email
18712,75,5,367.81,3,4,3,Loyal Customers,"Cross-sell complimentary products, points incentive"
18713,18,3,179.34,5,3,2,Lost Customers,Low-cost automated re-engagement email
18714,34,3,648.39,5,3,4,Loyal Customers,"Cross-sell complimentary products, points incentive"
18715,149,2,76.23,1,2,1,Lost Customers,Low-cost automated re-engagement email
18716,60,26,2264.78,3,5,5,Loyal Customers,"Cross-sell complimentary products, points incentive"
18717,29,3,284.28,5,3,3,Loyal Customers,"Cross-sell complimentary products, points incentive"
18718,53,2,334.95,4,2,3,New Customers,Welcome onboarding campaign to drive 2nd purchase
18719,29,4,489.53,5,3,4,Loyal Customers,"Cross-sell complimentary products, points incentive"
18720,42,7,857.03,4,5,4,Champions,"VIP rewards, early access to new collections"
18721,14,3,187.62,5,3,2,Lost Customers,Low-cost automated re-engagement email
18722,66,5,320.16,3,4,3,Loyal Customers,"Cross-sell complimentary products, points incentive"
18723,74,8,978.16,3,5,5,Loyal Customers,"Cross-sell complimentary products, points incentive"
18724,43,2,114.74,4,2,1,New Customers,Welcome onboarding campaign to drive 2nd purchase
18725,149,4,170.82,1,3,2,Lost Customers,Low-cost automated re-engagement email
18726,45,2,572.94,4,2,4,New Customers,Welcome onboarding campaign to drive 2nd purchase
18727,60,2,98.1,3,2,1,Lost Customers,Low-cost automated re-engagement email
18728,40,14,834.06,4,5,4,Champions,"VIP rewards, early access to new collections"
18729,48,4,1085.95,4,3,5,Loyal Customers,"Cross-sell complimentary products, points incentive"
18730,109,2,96.77,2,2,1,Lost Customers,Low-cost automated re-engagement email
18731,21,4,480.74,5,3,4,Loyal Customers,"Cross-sell complimentary products, points incentive"
18732,90,2,260.17,2,2,2,Lost Customers,Low-cost automated re-engagement email
18733,36,3,248.99,4,3,2,Lost Customers,Low-cost automated re-engagement email
18734,22,2,126.93,5,2,1,New Customers,Welcome onboarding campaign to drive 2nd purchase
18735,50,5,163.31,4,4,2,Lost Customers,Low-cost automated re-engagement email
18736,100,16,2534.27,2,5,5,At Risk,High-value win-back offer with targeted discount
18737,49,3,728.52,4,3,4,Loyal Customers,"Cross-sell complimentary products, points incentive"
18738,30,2,441.31,5,2,3,New Customers,Welcome onboarding campaign to drive 2nd purchase
18739,217,4,502.75,1,3,4,At Risk,High-value win-back offer with targeted discount
18740,81,11,167.27,3,5,2,Lost Customers,Low-cost automated re-engagement email
18741,68,6,1079.5,3,4,5,Loyal Customers,"Cross-sell complimentary products, points incentive"
18742,98,3,244.95,2,3,2,Lost Customers,Low-cost automated re-engagement email
18743,105,1,52.83,2,1,1,Lost Customers,Low-cost automated re-engagement email
18744,44,4,650.73,4,3,4,Loyal Customers,"Cross-sell complimentary products, points incentive"
18745,120,7,772.27,2,5,4,At Risk,High-value win-back offer with targeted discount
18746,18,8,1785.57,5,5,5,Champions,"VIP rewards, early access to new collections"
18747,102,10,1223.39,2,5,5,At Risk,High-value win-back offer with targeted discount
18748,47,2,141.59,4,2,2,New Customers,Welcome onboarding campaign to drive 2nd purchase
18749,152,3,197.27,1,3,2,Lost Customers,Low-cost automated re-engagement email
18750,44,4,624.2,4,3,4,Loyal Customers,"Cross-sell complimentary products, points incentive"
18751,133,6,162.0,1,4,2,Lost Customers,Low-cost automated re-engagement email
18752,83,3,171.95,2,3,2,Lost Customers,Low-cost automated re-engagement email
18753,117,6,74.96,2,4,1,Lost Customers,Low-cost automated re-engagement email
18754,69,3,394.58,3,3,3,Loyal Customers,"Cross-sell complimentary products, points incentive"
18755,12,2,321.73,5,2,3,New Customers,Welcome onboarding campaign to drive 2nd purchase
18756,144,9,405.39,1,5,3,At Risk,High-value win-back offer with targeted discount
18757,151,5,168.22,1,4,2,Lost Customers,Low-cost automated re-engagement email
18758,50,7,1485.92,4,5,5,Champions,"VIP rewards, early access to new collections"
18759,37,3,142.0,4,3,2,Lost Customers,Low-cost automated re-engagement email
18760,124,7,1124.27,1,5,5,At Risk,High-value win-back offer with targeted discount
18761,82,2,177.76,3,2,2,Lost Customers,Low-cost automated re-engagement email
18762,58,2,111.84,3,2,1,Lost Customers,Low-cost automated re-engagement email
18763,94,8,1213.79,2,5,5,At Risk,High-value win-back offer with targeted discount
18764,50,4,370.51,4,3,3,Loyal Customers,"Cross-sell complimentary products, points incentive"
18765,149,3,1036.5,1,3,5,At Risk,High-value win-back offer with targeted discount
18766,54,2,92.9,4,2,1,New Customers,Welcome onboarding campaign to drive 2nd purchase
18767,124,7,191.25,1,5,2,Lost Customers,Low-cost automated re-engagement email
18768,69,15,1330.74,3,5,5,Loyal Customers,"Cross-sell complimentary products, points incentive"
18769,86,6,829.19,2,4,4,At Risk,High-value win-back offer with targeted discount
18770,212,3,228.09,1,3,2,Lost Customers,Low-cost automated re-engagement email
18771,45,11,4996.29,4,5,5,Champions,"VIP rewards, early access to new collections"
18772,118,5,1340.77,2,4,5,At Risk,High-value win-back offer with targeted discount
18773,180,3,168.28,1,3,2,Lost Customers,Low-cost automated re-engagement email
18774,115,10,953.79,2,5,5,At Risk,High-value win-back offer with targeted discount
18775,155,3,53.19,1,3,1,Lost Customers,Low-cost automated re-engagement email
18776,75,2,463.86,3,2,3,Lost Customers,Low-cost automated re-engagement email
18777,110,3,146.38,2,3,2,Lost Customers,Low-cost automated re-engagement email
18778,133,6,646.02,1,4,4,At Risk,High-value win-back offer with targeted discount
18779,68,2,142.81,3,2,2,Lost Customers,Low-cost automated re-engagement email
18780,33,1,23.56,5,1,1,New Customers,Welcome onboarding campaign to drive 2nd purchase
18781,28,11,2096.65,5,5,5,Champions,"VIP rewards, early access to new collections"
18782,196,37,1284.54,1,5,5,At Risk,High-value win-back offer with targeted discount
18783,175,3,169.23,1,3,2,Lost Customers,Low-cost automated re-engagement email
18784,38,3,581.85,4,3,4,Loyal Customers,"Cross-sell complimentary products, points incentive"
18785,155,2,75.11,1,2,1,Lost Customers,Low-cost automated re-engagement email
18786,95,2,688.79,2,2,4,Lost Customers,Low-cost automated re-engagement email
18787,70,1,37.03,3,1,1,Lost Customers,Low-cost automated re-engagement email
18788,37,2,62.83,4,2,1,New Customers,Welcome onboarding campaign to drive 2nd purchase
18789,62,4,375.46,3,3,3,Loyal Customers,"Cross-sell complimentary products, points incentive"
18790,31,1,391.78,5,1,3,New Customers,Welcome onboarding campaign to drive 2nd purchase
18791,54,2,179.08,4,2,2,New Customers,Welcome onboarding campaign to drive 2nd purchase
18792,30,4,870.9,5,3,4,Loyal Customers,"Cross-sell complimentary products, points incentive"
18793,20,3,80.79,5,3,1,Lost Customers,Low-cost automated re-engagement email
18794,158,5,323.64,1,4,3,At Risk,High-value win-back offer with targeted discount
18795,59,3,205.65,3,3,2,Lost Customers,Low-cost automated re-engagement email
18796,89,3,86.78,2,3,1,Lost Customers,Low-cost automated re-engagement email
18797,43,7,150.47,4,5,2,Lost Customers,Low-cost automated re-engagement email
18798,57,3,217.27,3,3,2,Lost Customers,Low-cost automated re-engagement email
18799,30,6,2238.42,5,4,5,Champions,"VIP rewards, early access to new collections"
18800,198,3,328.75,1,3,3,At Risk,High-value win-back offer with targeted discount
18801,127,2,97.36,1,2,1,Lost Customers,Low-cost automated re-engagement email
18802,43,2,28.78,4,2,1,New Customers,Welcome onboarding campaign to drive 2nd purchase
18803,29,1,64.4,5,1,1,New Customers,Welcome onboarding campaign to drive 2nd purchase
18804,18,2,121.19,5,2,1,New Customers,Welcome onboarding campaign to drive 2nd purchase
18805,75,1,127.24,3,1,1,Lost Customers,Low-cost automated re-engagement email
18806,116,2,143.28,2,2,2,Lost Customers,Low-cost automated re-engagement email
18807,108,7,1112.69,2,5,5,At Risk,High-value win-back offer with targeted discount
18808,48,4,718.42,4,3,4,Loyal Customers,"Cross-sell complimentary products, points incentive"
18809,57,3,253.6,3,3,2,Lost Customers,Low-cost automated re-engagement email
18810,29,2,171.22,5,2,2,New Customers,Welcome onboarding campaign to drive 2nd purchase
18811,33,4,371.34,5,3,3,Loyal Customers,"Cross-sell complimentary products, points incentive"
18812,158,4,74.89,1,3,1,Lost Customers,Low-cost automated re-engagement email
18813,12,2,344.29,5,2,3,New Customers,Welcome onboarding campaign to drive 2nd purchase
18814,11,5,2073.48,5,4,5,Champions,"VIP rewards, early access to new collections"
18815,38,3,284.85,4,3,3,Loyal Customers,"Cross-sell complimentary products, points incentive"
18816,196,5,222.52,1,4,2,Lost Customers,Low-cost automated re-engagement email
18817,69,4,357.81,3,3,3,Loyal Customers,"Cross-sell complimentary products, points incentive"
18818,294,2,121.72,1,2,1,Lost Customers,Low-cost automated re-engagement email
18819,52,10,922.65,4,5,5,Champions,"VIP rewards, early access to new collections"
18820,111,4,271.92,2,3,3,At Risk,High-value win-back offer with targeted discount
18821,143,3,38.9,1,3,1,Lost Customers,Low-cost automated re-engagement email
18822,260,6,588.54,1,4,4,At Risk,High-value win-back offer with targeted discount
18823,41,2,1332.83,4,2,5,New Customers,Welcome onboarding campaign to drive 2nd purchase
18824,68,1,27.04,3,1,1,Lost Customers,Low-cost automated re-engagement email
18825,58,6,1449.85,3,4,5,Loyal Customers,"Cross-sell complimentary products, points incentive"
18826,117,9,1161.88,2,5,5,At Risk,High-value win-back offer with targeted discount
18827,182,5,196.84,1,4,2,Lost Customers,Low-cost automated re-engagement email
18828,182,7,188.09,1,5,2,Lost Customers,Low-cost automated re-engagement email
18829,40,2,228.05,4,2,2,New Customers,Welcome onboarding campaign to drive 2nd purchase
18830,33,3,373.69,5,3,3,Loyal Customers,"Cross-sell complimentary products, points incentive"
18831,109,2,46.32,2,2,1,Lost Customers,Low-cost automated re-engagement email
18832,25,8,1657.66,5,5,5,Champions,"VIP rewards, early access to new collections"
18833,119,5,288.43,2,4,3,At Risk,High-value win-back offer with targeted discount
18834,68,8,1122.04,3,5,5,Loyal Customers,"Cross-sell complimentary products, points incentive"
18835,162,3,508.52,1,3,4,At Risk,High-value win-back offer with targeted discount
18836,145,2,403.18,1,2,3,Lost Customers,Low-cost automated re-engagement email
18837,75,10,369.46,3,5,3,Loyal Customers,"Cross-sell complimentary products, points incentive"
18838,23,4,2200.87,5,3,5,Loyal Customers,"Cross-sell complimentary products, points incentive"
18839,25,8,314.42,5,5,3,Loyal Customers,"Cross-sell complimentary products, points incentive"
18840,71,4,805.4,3,3,4,Loyal Customers,"Cross-sell complimentary products, points incentive"
18841,96,20,1148.75,2,5,5,At Risk,High-value win-back offer with targeted discount
18842,53,9,848.96,4,5,4,Champions,"VIP rewards, early access to new collections"
18843,31,3,241.37,5,3,2,Lost Customers,Low-cost automated re-engagement email
18844,54,4,548.17,4,3,4,Loyal Customers,"Cross-sell complimentary products, points incentive"
18845,163,4,924.77,1,3,5,At Risk,High-value win-back offer with targeted discount
18846,54,2,103.77,4,2,1,New Customers,Welcome onboarding campaign to drive 2nd purchase
18847,42,3,122.65,4,3,1,Lost Customers,Low-cost automated re-engagement email
18848,25,3,42.19,5,3,1,Lost Customers,Low-cost automated re-engagement email
18849,64,4,423.49,3,3,3,Loyal Customers,"Cross-sell complimentary products, points incentive"
18850,146,2,154.62,1,2,2,Lost Customers,Low-cost automated re-engagement email
18851,151,3,297.82,1,3,3,At Risk,High-value win-back offer with targeted discount
18852,35,3,246.47,4,3,2,Lost Customers,Low-cost automated re-engagement email
18853,75,4,712.88,3,3,4,Loyal Customers,"Cross-sell complimentary products, points incentive"
18854,38,11,627.73,4,5,4,Champions,"VIP rewards, early access to new collections"
18855,51,8,986.02,4,5,5,Champions,"VIP rewards, early access to new collections"
18856,64,2,174.94,3,2,2,Lost Customers,Low-cost automated re-engagement email
18857,45,4,151.62,4,3,2,Lost Customers,Low-cost automated re-engagement email
18858,198,3,145.59,1,3,2,Lost Customers,Low-cost automated re-engagement email
18859,41,2,412.11,4,2,3,New Customers,Welcome onboarding campaign to drive 2nd purchase
18860,39,19,3590.16,4,5,5,Champions,"VIP rewards, early access to new collections"
18861,34,3,525.1,5,3,4,Loyal Customers,"Cross-sell complimentary products, points incentive"
18862,17,3,231.99,5,3,2,Lost Customers,Low-cost automated re-engagement email
18863,202,14,167.35,1,5,2,Lost Customers,Low-cost automated re-engagement email
18864,67,8,161.09,3,5,2,Lost Customers,Low-cost automated re-engagement email
18865,97,3,213.15,2,3,2,Lost Customers,Low-cost automated re-engagement email
18866,88,7,160.76,2,5,2,Lost Customers,Low-cost automated re-engagement email
18867,44,3,756.64,4,3,4,Loyal Customers,"Cross-sell complimentary products, points incentive"
18868,67,3,130.38,3,3,1,Lost Customers,Low-cost automated re-engagement email
18869,113,2,140.6,2,2,2,Lost Customers,Low-cost automated re-engagement email
18870,19,1,429.1,5,1,3,New Customers,Welcome onboarding campaign to drive 2nd purchase
18871,50,2,455.2,4,2,3,New Customers,Welcome onboarding campaign to drive 2nd purchase
18872,57,2,245.88,3,2,2,Lost Customers,Low-cost automated re-engagement email
18873,43,5,549.19,4,4,4,Champions,"VIP rewards, early access to new collections"
18874,42,4,182.31,4,3,2,Lost Customers,Low-cost automated re-engagement email
18875,77,8,1428.69,3,5,5,Loyal Customers,"Cross-sell complimentary products, points incentive"
18876,169,2,218.02,1,2,2,Lost Customers,Low-cost automated re-engagement email
18877,94,14,1115.59,2,5,5,At Risk,High-value win-back offer with targeted discount
18878,34,13,2083.66,5,5,5,Champions,"VIP rewards, early access to new collections"
18879,334,4,651.54,1,3,4,At Risk,High-value win-back offer with targeted discount
18880,170,2,75.11,1,2,1,Lost Customers,Low-cost automated re-engagement email
18881,46,2,410.83,4,2,3,New Customers,Welcome onboarding campaign to drive 2nd purchase
18882,172,4,333.38,1,3,3,At Risk,High-value win-back offer with targeted discount
18883,78,15,1455.29,3,5,5,Loyal Customers,"Cross-sell complimentary products, points incentive"
18884,24,4,110.19,5,3,1,Lost Customers,Low-cost automated re-engagement email
18885,157,1,28.31,1,1,1,Lost Customers,Low-cost automated re-engagement email
18886,34,16,388.87,5,5,3,Loyal Customers,"Cross-sell complimentary products, points incentive"
18887,97,3,2327.07,2,3,5,At Risk,High-value win-back offer with targeted discount
18888,75,11,7626.46,3,5,5,Loyal Customers,"Cross-sell complimentary products, points incentive"
18889,103,6,116.77,2,4,1,Lost Customers,Low-cost automated re-engagement email
18890,212,3,69.11,1,3,1,Lost Customers,Low-cost automated re-engagement email
18891,66,8,454.13,3,5,3,Loyal Customers,"Cross-sell complimentary products, points incentive"
18892,24,2,487.63,5,2,4,New Customers,Welcome onboarding campaign to drive 2nd purchase
18893,38,3,474.04,4,3,4,Loyal Customers,"Cross-sell complimentary products, points incentive"
18894,22,3,1899.45,5,3,5,Loyal Customers,"Cross-sell complimentary products, points incentive"
18895,16,3,205.31,5,3,2,Lost Customers,Low-cost automated re-engagement email
18896,144,6,288.35,1,4,3,At Risk,High-value win-back offer with targeted discount
18897,73,6,567.98,3,4,4,Loyal Customers,"Cross-sell complimentary products, points incentive"
18898,60,1,76.98,3,1,1,Lost Customers,Low-cost automated re-engagement email
18899,47,3,263.5,4,3,3,Loyal Customers,"Cross-sell complimentary products, points incentive"
18900,122,3,297.32,1,3,3,At Risk,High-value win-back offer with targeted discount
18901,185,6,3640.17,1,4,5,At Risk,High-value win-back offer with targeted discount
18902,33,2,200.61,5,2,2,New Customers,Welcome onboarding campaign to drive 2nd purchase
18903,94,6,207.44,2,4,2,Lost Customers,Low-cost automated re-engagement email
18904,137,2,138.61,1,2,2,Lost Customers,Low-cost automated re-engagement email
18905,81,5,864.85,3,4,4,Loyal Customers,"Cross-sell complimentary products, points incentive"
18906,115,9,1390.7,2,5,5,At Risk,High-value win-back offer with targeted discount
18907,24,2,294.25,5,2,3,New Customers,Welcome onboarding campaign to drive 2nd purchase
18908,188,5,97.55,1,4,1,Lost Customers,Low-cost automated re-engagement email
18909,122,3,66.36,1,3,1,Lost Customers,Low-cost automated re-engagement email
18910,101,2,159.96,2,2,2,Lost Customers,Low-cost automated re-engagement email
18911,131,2,268.97,1,2,3,Lost Customers,Low-cost automated re-engagement email
18912,53,2,85.22,4,2,1,New Customers,Welcome onboarding campaign to drive 2nd purchase
18913,28,2,690.87,5,2,4,New Customers,Welcome onboarding campaign to drive 2nd purchase
18914,22,3,439.36,5,3,3,Loyal Customers,"Cross-sell complimentary products, points incentive"
18915,19,3,169.4,5,3,2,Lost Customers,Low-cost automated re-engagement email
18916,93,5,5495.14,2,4,5,At Risk,High-value win-back offer with targeted discount
18917,48,7,414.44,4,5,3,Loyal Customers,"Cross-sell complimentary products, points incentive"
18918,181,1,64.56,1,1,1,Lost Customers,Low-cost automated re-engagement email
18919,156,3,185.71,1,3,2,Lost Customers,Low-cost automated re-engagement email
18920,121,2,186.93,2,2,2,Lost Customers,Low-cost automated re-engagement email
18921,103,2,68.43,2,2,1,Lost Customers,Low-cost automated re-engagement email
18922,38,1,174.77,4,1,2,New Customers,Welcome onboarding campaign to drive 2nd purchase
18923,44,1,197.82,4,1,2,New Customers,Welcome onboarding campaign to drive 2nd purchase
18924,38,3,492.27,4,3,4,Loyal Customers,"Cross-sell complimentary products, points incentive"
18925,27,5,299.36,5,4,3,Loyal Customers,"Cross-sell complimentary products, points incentive"
18926,62,5,300.58,3,4,3,Loyal Customers,"Cross-sell complimentary products, points incentive"
18927,136,2,312.6,1,2,3,Lost Customers,Low-cost automated re-engagement email
18928,59,2,218.59,3,2,2,Lost Customers,Low-cost automated re-engagement email
18929,36,5,218.72,4,4,2,Lost Customers,Low-cost automated re-engagement email
18930,59,3,43.68,3,3,1,Lost Customers,Low-cost automated re-engagement email
18931,76,7,441.7,3,5,3,Loyal Customers,"Cross-sell complimentary products, points incentive"
18932,45,2,288.0,4,2,3,New Customers,Welcome onboarding campaign to drive 2nd purchase
18933,62,1,140.53,3,1,2,Lost Customers,Low-cost automated re-engagement email
18934,331,6,138.2,1,4,2,Lost Customers,Low-cost automated re-engagement email
18935,19,1,191.25,5,1,2,New Customers,Welcome onboarding campaign to drive 2nd purchase
18936,8,2,952.47,5,2,5,New Customers,Welcome onboarding campaign to drive 2nd purchase
18937,72,2,131.25,3,2,1,Lost Customers,Low-cost automated re-engagement email
18938,90,3,224.86,2,3,2,Lost Customers,Low-cost automated re-engagement email
18939,60,6,337.26,3,4,3,Loyal Customers,"Cross-sell complimentary products, points incentive"
18940,29,2,131.01,5,2,1,New Customers,Welcome onboarding campaign to drive 2nd purchase
18941,178,10,2678.36,1,5,5,At Risk,High-value win-back offer with targeted discount
18942,69,1,44.44,3,1,1,Lost Customers,Low-cost automated re-engagement email
18943,75,3,335.84,3,3,3,Loyal Customers,"Cross-sell complimentary products, points incentive"
18944,120,7,491.95,2,5,4,At Risk,High-value win-back offer with targeted discount
18945,58,7,748.12,3,5,4,Loyal Customers,"Cross-sell complimentary products, points incentive"
18946,54,1,69.59,4,1,1,New Customers,Welcome onboarding campaign to drive 2nd purchase
18947,178,29,5464.16,1,5,5,At Risk,High-value win-back offer with targeted discount
18948,13,3,689.14,5,3,4,Loyal Customers,"Cross-sell complimentary products, points incentive"
18949,87,5,630.23,2,4,4,At Risk,High-value win-back offer with targeted discount
18950,81,3,222.45,3,3,2,Lost Customers,Low-cost automated re-engagement email
18951,48,19,3472.14,4,5,5,Champions,"VIP rewards, early access to new collections"
18952,60,10,458.65,3,5,3,Loyal Customers,"Cross-sell complimentary products, points incentive"
18953,168,18,2384.96,1,5,5,At Risk,High-value win-back offer with targeted discount
18954,34,5,283.28,5,4,3,Loyal Customers,"Cross-sell complimentary products, points incentive"
18955,115,7,764.64,2,5,4,At Risk,High-value win-back offer with targeted discount
18956,68,2,75.9,3,2,1,Lost Customers,Low-cost automated re-engagement email
18957,106,3,783.7,2,3,4,At Risk,High-value win-back offer with targeted discount
18958,91,7,203.32,2,5,2,Lost Customers,Low-cost automated re-engagement email
18959,8,5,400.89,5,4,3,Loyal Customers,"Cross-sell complimentary products, points incentive"
18960,33,4,95.29,5,3,1,Lost Customers,Low-cost automated re-engagement email
18961,37,2,512.57,4,2,4,New Customers,Welcome onboarding campaign to drive 2nd purchase
18962,29,9,3281.28,5,5,5,Champions,"VIP rewards, early access to new collections"
18963,42,9,277.37,4,5,3,Loyal Customers,"Cross-sell complimentary products, points incentive"
18964,75,8,964.19,3,5,5,Loyal Customers,"Cross-sell complimentary products, points incentive"
18965,128,5,344.88,1,4,3,At Risk,High-value win-back offer with targeted discount
18966,21,4,570.87,5,3,4,Loyal Customers,"Cross-sell complimentary products, points incentive"
18967,68,9,3347.46,3,5,5,Loyal Customers,"Cross-sell complimentary products, points incentive"
18968,83,8,1018.73,2,5,5,At Risk,High-value win-back offer with targeted discount
18969,145,2,90.39,1,2,1,Lost Customers,Low-cost automated re-engagement email
18970,192,5,241.78,1,4,2,Lost Customers,Low-cost automated re-engagement email
18971,58,6,392.78,3,4,3,Loyal Customers,"Cross-sell complimentary products, points incentive"
18972,30,2,93.52,5,2,1,New Customers,Welcome onboarding campaign to drive 2nd purchase
18973,87,7,1249.02,2,5,5,At Risk,High-value win-back offer with targeted discount
18974,31,6,1155.93,5,4,5,Champions,"VIP rewards, early access to new collections"
18975,82,3,839.06,3,3,4,Loyal Customers,"Cross-sell complimentary products, points incentive"
18976,36,2,122.84,4,2,1,New Customers,Welcome onboarding campaign to drive 2nd purchase
18977,98,6,1526.28,2,4,5,At Risk,High-value win-back offer with targeted discount
18978,38,16,6552.0,4,5,5,Champions,"VIP rewards, early access to new collections"
18979,180,5,136.4,1,4,1,Lost Customers,Low-cost automated re-engagement email
18980,68,6,348.35,3,4,3,Loyal Customers,"Cross-sell complimentary products, points incentive"
18981,15,2,163.34,5,2,2,New Customers,Welcome onboarding campaign to drive 2nd purchase
18982,131,4,754.73,1,3,4,At Risk,High-value win-back offer with targeted discount
18983,58,4,1202.81,3,3,5,Loyal Customers,"Cross-sell complimentary products, points incentive"
18984,103,2,37.93,2,2,1,Lost Customers,Low-cost automated re-engagement email
18985,132,5,246.37,1,4,2,Lost Customers,Low-cost automated re-engagement email
18986,71,5,1261.92,3,4,5,Loyal Customers,"Cross-sell complimentary products, points incentive"
18987,20,3,125.44,5,3,1,Lost Customers,Low-cost automated re-engagement email
18988,76,4,738.55,3,3,4,Loyal Customers,"Cross-sell complimentary products, points incentive"
18989,164,18,2715.08,1,5,5,At Risk,High-value win-back offer with targeted discount
18990,62,3,543.57,3,3,4,Loyal Customers,"Cross-sell complimentary products, points incentive"
18991,91,2,366.57,2,2,3,Lost Customers,Low-cost automated re-engagement email
18992,34,2,122.63,5,2,1,New Customers,Welcome onboarding campaign to drive 2nd purchase
18993,17,5,354.32,5,4,3,Loyal Customers,"Cross-sell complimentary products, points incentive"
18994,59,1,65.96,3,1,1,Lost Customers,Low-cost automated re-engagement email
18995,69,3,330.74,3,3,3,Loyal Customers,"Cross-sell complimentary products, points incentive"
18996,143,2,26.45,1,2,1,Lost Customers,Low-cost automated re-engagement email
18997,72,4,555.84,3,3,4,Loyal Customers,"Cross-sell complimentary products, points incentive"
18998,136,4,1696.86,1,3,5,At Risk,High-value win-back offer with targeted discount
18999,47,5,537.56,4,4,4,Champions,"VIP rewards, early access to new collections"
19000,19,6,483.79,5,4,4,Champions,"VIP rewards, early access to new collections"
19001,95,9,865.6,2,5,4,At Risk,High-value win-back offer with targeted discount
19002,176,3,435.38,1,3,3,At Risk,High-value win-back offer with targeted discount
19003,42,2,503.8,4,2,4,New Customers,Welcome onboarding campaign to drive 2nd purchase
19004,105,7,592.78,2,5,4,At Risk,High-value win-back offer with targeted discount
19005,108,1,77.46,2,1,1,Lost Customers,Low-cost automated re-engagement email
19006,57,7,182.98,3,5,2,Lost Customers,Low-cost automated re-engagement email
19007,111,4,375.6,2,3,3,At Risk,High-value win-back offer with targeted discount
19008,87,5,152.59,2,4,2,Lost Customers,Low-cost automated re-engagement email
19009,111,5,275.02,2,4,3,At Risk,High-value win-back offer with targeted discount
19010,99,4,793.19,2,3,4,At Risk,High-value win-back offer with targeted discount
19011,63,4,902.43,3,3,5,Loyal Customers,"Cross-sell complimentary products, points incentive"
19012,69,2,273.16,3,2,3,Lost Customers,Low-cost automated re-engagement email
19013,141,2,537.08,1,2,4,Lost Customers,Low-cost automated re-engagement email
19014,75,14,285.44,3,5,3,Loyal Customers,"Cross-sell complimentary products, points incentive"
19015,37,6,2337.91,4,4,5,Champions,"VIP rewards, early access to new collections"
19016,58,8,335.46,3,5,3,Loyal Customers,"Cross-sell complimentary products, points incentive"
19017,91,3,354.01,2,3,3,At Risk,High-value win-back offer with targeted discount
19018,135,4,197.82,1,3,2,Lost Customers,Low-cost automated re-engagement email
19019,16,6,713.91,5,4,4,Champions,"VIP rewards, early access to new collections"
19020,56,9,823.29,4,5,4,Champions,"VIP rewards, early access to new collections"
19021,128,3,751.72,1,3,4,At Risk,High-value win-back offer with targeted discount
19022,33,5,4137.77,5,4,5,Champions,"VIP rewards, early access to new collections"
19023,34,6,1194.39,5,4,5,Champions,"VIP rewards, early access to new collections"
19024,68,8,646.68,3,5,4,Loyal Customers,"Cross-sell complimentary products, points incentive"
19025,15,3,1072.97,5,3,5,Loyal Customers,"Cross-sell complimentary products, points incentive"
19026,208,10,195.44,1,5,2,Lost Customers,Low-cost automated re-engagement email
19027,90,2,106.77,2,2,1,Lost Customers,Low-cost automated re-engagement email
19028,105,2,146.26,2,2,2,Lost Customers,Low-cost automated re-engagement email
19029,147,5,350.67,1,4,3,At Risk,High-value win-back offer with targeted discount
19030,287,5,231.45,1,4,2,Lost Customers,Low-cost automated re-engagement email
19031,63,3,505.22,3,3,4,Loyal Customers,"Cross-sell complimentary products, points incentive"
19032,16,3,269.53,5,3,3,Loyal Customers,"Cross-sell complimentary products, points incentive"
19033,85,3,238.81,2,3,2,Lost Customers,Low-cost automated re-engagement email
19034,35,2,640.05,4,2,4,New Customers,Welcome onboarding campaign to drive 2nd purchase
19035,25,4,240.93,5,3,2,Lost Customers,Low-cost automated re-engagement email
19036,45,1,226.98,4,1,2,New Customers,Welcome onboarding campaign to drive 2nd purchase
19037,62,9,633.06,3,5,4,Loyal Customers,"Cross-sell complimentary products, points incentive"
19038,149,5,358.62,1,4,3,At Risk,High-value win-back offer with targeted discount
19039,212,10,453.99,1,5,3,At Risk,High-value win-back offer with targeted discount
19040,28,4,97.18,5,3,1,Lost Customers,Low-cost automated re-engagement email
19041,48,4,198.55,4,3,2,Lost Customers,Low-cost automated re-engagement email
19042,102,4,72.8,2,3,1,Lost Customers,Low-cost automated re-engagement email
19043,112,2,226.64,2,2,2,Lost Customers,Low-cost automated re-engagement email
19044,31,2,135.6,5,2,1,New Customers,Welcome onboarding campaign to drive 2nd purchase
19045,128,2,477.64,1,2,4,Lost Customers,Low-cost automated re-engagement email
19046,37,3,140.62,4,3,2,Lost Customers,Low-cost automated re-engagement email
19047,29,2,142.77,5,2,2,New Customers,Welcome onboarding campaign to drive 2nd purchase
19048,99,10,2693.53,2,5,5,At Risk,High-value win-back offer with targeted discount
19049,152,2,401.08,1,2,3,Lost Customers,Low-cost automated re-engagement email
19050,84,5,508.83,2,4,4,At Risk,High-value win-back offer with targeted discount
19051,74,6,212.83,3,4,2,Lost Customers,Low-cost automated re-engagement email
19052,63,9,1373.79,3,5,5,Loyal Customers,"Cross-sell complimentary products, points incentive"
19053,71,6,416.69,3,4,3,Loyal Customers,"Cross-sell complimentary products, points incentive"
19054,57,3,169.13,3,3,2,Lost Customers,Low-cost automated re-engagement email
19055,101,13,3878.1,2,5,5,At Risk,High-value win-back offer with targeted discount
19056,71,2,673.75,3,2,4,Lost Customers,Low-cost automated re-engagement email
19057,276,2,81.06,1,2,1,Lost Customers,Low-cost automated re-engagement email
19058,87,4,1687.09,2,3,5,At Risk,High-value win-back offer with targeted discount
19059,57,4,332.15,3,3,3,Loyal Customers,"Cross-sell complimentary products, points incentive"
19060,28,7,1274.59,5,5,5,Champions,"VIP rewards, early access to new collections"
19061,31,4,1871.39,5,3,5,Loyal Customers,"Cross-sell complimentary products, points incentive"
19062,90,5,388.71,2,4,3,At Risk,High-value win-back offer with targeted discount
19063,44,8,911.58,4,5,5,Champions,"VIP rewards, early access to new collections"
19064,77,4,690.49,3,3,4,Loyal Customers,"Cross-sell complimentary products, points incentive"
19065,158,6,2239.55,1,4,5,At Risk,High-value win-back offer with targeted discount
19066,23,2,183.29,5,2,2,New Customers,Welcome onboarding campaign to drive 2nd purchase
19067,60,2,373.0,3,2,3,Lost Customers,Low-cost automated re-engagement email
19068,17,7,313.9,5,5,3,Loyal Customers,"Cross-sell complimentary products, points incentive"
19069,80,4,94.91,3,3,1,Lost Customers,Low-cost automated re-engagement email
19070,19,4,195.52,5,3,2,Lost Customers,Low-cost automated re-engagement email
19071,22,2,97.52,5,2,1,New Customers,Welcome onboarding campaign to drive 2nd purchase
19072,196,3,649.51,1,3,4,At Risk,High-value win-back offer with targeted discount
19073,40,5,421.29,4,4,3,Loyal Customers,"Cross-sell complimentary products, points incentive"
19074,29,3,155.84,5,3,2,Lost Customers,Low-cost automated re-engagement email
19075,157,2,81.01,1,2,1,Lost Customers,Low-cost automated re-engagement email
19076,29,2,123.62,5,2,1,New Customers,Welcome onboarding campaign to drive 2nd purchase
19077,86,2,411.03,2,2,3,Lost Customers,Low-cost automated re-engagement email
19078,88,3,121.22,2,3,1,Lost Customers,Low-cost automated re-engagement email
19079,122,3,240.81,1,3,2,Lost Customers,Low-cost automated re-engagement email
19080,25,12,765.8,5,5,4,Champions,"VIP rewards, early access to new collections"
19081,33,7,866.71,5,5,4,Champions,"VIP rewards, early access to new collections"
19082,40,5,2359.64,4,4,5,Champions,"VIP rewards, early access to new collections"
19083,35,15,750.9,4,5,4,Champions,"VIP rewards, early access to new collections"
19084,117,4,479.12,2,3,4,At Risk,High-value win-back offer with targeted discount
19085,88,5,443.92,2,4,3,At Risk,High-value win-back offer with targeted discount
19086,98,5,295.88,2,4,3,At Risk,High-value win-back offer with targeted discount
19087,16,5,470.98,5,4,4,Champions,"VIP rewards, early access to new collections"
19088,78,2,926.09,3,2,5,Lost Customers,Low-cost automated re-engagement email
19089,174,3,253.78,1,3,2,Lost Customers,Low-cost automated re-engagement email
19090,253,2,169.17,1,2,2,Lost Customers,Low-cost automated re-engagement email
19091,46,5,320.07,4,4,3,Loyal Customers,"Cross-sell complimentary products, points incentive"
19092,124,4,523.3,1,3,4,At Risk,High-value win-back offer with targeted discount
19093,34,1,36.6,5,1,1,New Customers,Welcome onboarding campaign to drive 2nd purchase
19094,17,6,602.48,5,4,4,Champions,"VIP rewards, early access to new collections"
19095,18,4,537.83,5,3,4,Loyal Customers,"Cross-sell complimentary products, points incentive"
19096,159,13,545.47,1,5,4,At Risk,High-value win-back offer with targeted discount
19097,49,7,2654.47,4,5,5,Champions,"VIP rewards, early access to new collections"
19098,41,9,3302.19,4,5,5,Champions,"VIP rewards, early access to new collections"
19099,114,2,1361.11,2,2,5,Lost Customers,Low-cost automated re-engagement email
19100,22,9,1354.85,5,5,5,Champions,"VIP rewards, early access to new collections"
19101,95,3,392.54,2,3,3,At Risk,High-value win-back offer with targeted discount
19102,57,2,167.84,3,2,2,Lost Customers,Low-cost automated re-engagement email
19103,237,1,95.71,1,1,1,Lost Customers,Low-cost automated re-engagement email
19104,48,10,2073.31,4,5,5,Champions,"VIP rewards, early access to new collections"
19105,60,3,274.26,3,3,3,Loyal Customers,"Cross-sell complimentary products, points incentive"
19106,18,4,314.36,5,3,3,Loyal Customers,"Cross-sell complimentary products, points incentive"
19107,262,5,744.32,1,4,4,At Risk,High-value win-back offer with targeted discount
19108,51,15,768.43,4,5,4,Champions,"VIP rewards, early access to new collections"
19109,202,3,1119.8,1,3,5,At Risk,High-value win-back offer with targeted discount
19110,13,4,362.8,5,3,3,Loyal Customers,"Cross-sell complimentary products, points incentive"
19111,82,8,1433.28,3,5,5,Loyal Customers,"Cross-sell complimentary products, points incentive"
19112,243,3,131.26,1,3,1,Lost Customers,Low-cost automated re-engagement email
19113,40,2,173.13,4,2,2,New Customers,Welcome onboarding campaign to drive 2nd purchase
19114,78,1,63.16,3,1,1,Lost Customers,Low-cost automated re-engagement email
19115,162,10,656.05,1,5,4,At Risk,High-value win-back offer with targeted discount
19116,51,5,161.7,4,4,2,Lost Customers,Low-cost automated re-engagement email
19117,17,6,1397.5,5,4,5,Champions,"VIP rewards, early access to new collections"
19118,45,3,417.65,4,3,3,Loyal Customers,"Cross-sell complimentary products, points incentive"
19119,83,6,150.64,2,4,2,Lost Customers,Low-cost automated re-engagement email
19120,83,3,223.04,2,3,2,Lost Customers,Low-cost automated re-engagement email
19121,109,4,296.05,2,3,3,At Risk,High-value win-back offer with targeted discount
19122,33,4,515.59,5,3,4,Loyal Customers,"Cross-sell complimentary products, points incentive"
19123,231,9,710.95,1,5,4,At Risk,High-value win-back offer with targeted discount
19124,34,6,1436.68,5,4,5,Champions,"VIP rewards, early access to new collections"
19125,71,3,643.09,3,3,4,Loyal Customers,"Cross-sell complimentary products, points incentive"
19126,86,6,3935.98,2,4,5,At Risk,High-value win-back offer with targeted discount
19127,80,3,36.4,3,3,1,Lost Customers,Low-cost automated re-engagement email
19128,25,2,616.33,5,2,4,New Customers,Welcome onboarding campaign to drive 2nd purchase
19129,165,6,1104.51,1,4,5,At Risk,High-value win-back offer with targeted discount
19130,43,4,307.56,4,3,3,Loyal Customers,"Cross-sell complimentary products, points incentive"
19131,91,2,142.9,2,2,2,Lost Customers,Low-cost automated re-engagement email
19132,78,3,249.43,3,3,2,Lost Customers,Low-cost automated re-engagement email
19133,78,7,787.6,3,5,4,Loyal Customers,"Cross-sell complimentary products, points incentive"
19134,15,5,276.62,5,4,3,Loyal Customers,"Cross-sell complimentary products, points incentive"
19135,40,5,106.29,4,4,1,Lost Customers,Low-cost automated re-engagement email
19136,90,15,845.88,2,5,4,At Risk,High-value win-back offer with targeted discount
19137,16,8,566.95,5,5,4,Champions,"VIP rewards, early access to new collections"
19138,56,4,601.5,4,3,4,Loyal Customers,"Cross-sell complimentary products, points incentive"
19139,73,3,92.71,3,3,1,Lost Customers,Low-cost automated re-engagement email
19140,106,2,321.02,2,2,3,Lost Customers,Low-cost automated re-engagement email
19141,72,3,91.32,3,3,1,Lost Customers,Low-cost automated re-engagement email
19142,58,1,128.7,3,1,1,Lost Customers,Low-cost automated re-engagement email
19143,81,2,295.98,3,2,3,Lost Customers,Low-cost automated re-engagement email
19144,55,6,480.31,4,4,4,Champions,"VIP rewards, early access to new collections"
19145,32,12,1126.01,5,5,5,Champions,"VIP rewards, early access to new collections"
19146,45,4,674.52,4,3,4,Loyal Customers,"Cross-sell complimentary products, points incentive"
19147,90,2,106.62,2,2,1,Lost Customers,Low-cost automated re-engagement email
19148,58,1,118.86,3,1,1,Lost Customers,Low-cost automated re-engagement email
19149,311,13,853.44,1,5,4,At Risk,High-value win-back offer with targeted discount
19150,24,2,726.54,5,2,4,New Customers,Welcome onboarding campaign to drive 2nd purchase
19151,88,2,293.55,2,2,3,Lost Customers,Low-cost automated re-engagement email
19152,98,3,105.51,2,3,1,Lost Customers,Low-cost automated re-engagement email
19153,70,4,1848.85,3,3,5,Loyal Customers,"Cross-sell complimentary products, points incentive"
19154,52,4,887.03,4,3,4,Loyal Customers,"Cross-sell complimentary products, points incentive"
19155,66,2,60.79,3,2,1,Lost Customers,Low-cost automated re-engagement email
19156,66,5,113.96,3,4,1,Lost Customers,Low-cost automated re-engagement email
19157,187,3,89.43,1,3,1,Lost Customers,Low-cost automated re-engagement email
19158,11,3,111.58,5,3,1,Lost Customers,Low-cost automated re-engagement email
19159,31,3,309.44,5,3,3,Loyal Customers,"Cross-sell complimentary products, points incentive"
19160,81,2,193.87,3,2,2,Lost Customers,Low-cost automated re-engagement email
19161,138,2,348.79,1,2,3,Lost Customers,Low-cost automated re-engagement email
19162,33,2,136.11,5,2,1,New Customers,Welcome onboarding campaign to drive 2nd purchase
19163,26,2,142.39,5,2,2,New Customers,Welcome onboarding campaign to drive 2nd purchase
19164,60,5,498.05,3,4,4,Loyal Customers,"Cross-sell complimentary products, points incentive"
19165,31,5,1239.84,5,4,5,Champions,"VIP rewards, early access to new collections"
19166,60,3,49.17,3,3,1,Lost Customers,Low-cost automated re-engagement email
19167,32,3,214.4,5,3,2,Lost Customers,Low-cost automated re-engagement email
19168,107,9,2654.61,2,5,5,At Risk,High-value win-back offer with targeted discount
19169,33,6,574.08,5,4,4,Champions,"VIP rewards, early access to new collections"
19170,14,12,828.41,5,5,4,Champions,"VIP rewards, early access to new collections"
19171,107,3,129.73,2,3,1,Lost Customers,Low-cost automated re-engagement email
19172,67,2,405.62,3,2,3,Lost Customers,Low-cost automated re-engagement email
19173,48,8,466.97,4,5,4,Champions,"VIP rewards, early access to new collections"
19174,49,4,231.83,4,3,2,Lost Customers,Low-cost automated re-engagement email
19175,73,2,614.32,3,2,4,Lost Customers,Low-cost automated re-engagement email
19176,26,5,175.43,5,4,2,Lost Customers,Low-cost automated re-engagement email
19177,19,2,781.63,5,2,4,New Customers,Welcome onboarding campaign to drive 2nd purchase
19178,33,6,628.87,5,4,4,Champions,"VIP rewards, early access to new collections"
19179,52,5,460.14,4,4,3,Loyal Customers,"Cross-sell complimentary products, points incentive"
19180,30,3,349.14,5,3,3,Loyal Customers,"Cross-sell complimentary products, points incentive"
19181,186,1,91.72,1,1,1,Lost Customers,Low-cost automated re-engagement email
19182,33,2,111.93,5,2,1,New Customers,Welcome onboarding campaign to drive 2nd purchase
19183,69,12,1472.42,3,5,5,Loyal Customers,"Cross-sell complimentary products, points incentive"
19184,94,14,810.93,2,5,4,At Risk,High-value win-back offer with targeted discount
19185,149,27,3572.69,1,5,5,At Risk,High-value win-back offer with targeted discount
19186,206,5,3607.24,1,4,5,At Risk,High-value win-back offer with targeted discount
19187,259,2,326.13,1,2,3,Lost Customers,Low-cost automated re-engagement email
19188,145,10,759.59,1,5,4,At Risk,High-value win-back offer with targeted discount
19189,130,3,339.89,1,3,3,At Risk,High-value win-back offer with targeted discount
19190,27,2,135.0,5,2,1,New Customers,Welcome onboarding campaign to drive 2nd purchase
19191,98,5,381.45,2,4,3,At Risk,High-value win-back offer with targeted discount
19192,55,16,1302.5,4,5,5,Champions,"VIP rewards, early access to new collections"
19193,55,4,552.28,4,3,4,Loyal Customers,"Cross-sell complimentary products, points incentive"
19194,48,4,814.36,4,3,4,Loyal Customers,"Cross-sell complimentary products, points incentive"
19195,27,1,600.82,5,1,4,New Customers,Welcome onboarding campaign to drive 2nd purchase
19196,42,4,645.42,4,3,4,Loyal Customers,"Cross-sell complimentary products, points incentive"
19197,31,6,201.26,5,4,2,Lost Customers,Low-cost automated re-engagement email
19198,11,4,113.69,5,3,1,Lost Customers,Low-cost automated re-engagement email
19199,165,4,338.96,1,3,3,At Risk,High-value win-back offer with targeted discount
19200,68,4,885.97,3,3,4,Loyal Customers,"Cross-sell complimentary products, points incentive"
19201,70,2,149.3,3,2,2,Lost Customers,Low-cost automated re-engagement email
19202,63,1,75.7,3,1,1,Lost Customers,Low-cost automated re-engagement email
19203,137,4,809.32,1,3,4,At Risk,High-value win-back offer with targeted discount
19204,75,3,263.62,3,3,3,Loyal Customers,"Cross-sell complimentary products, points incentive"
19205,169,6,1370.22,1,4,5,At Risk,High-value win-back offer with targeted discount
19206,105,23,534.41,2,5,4,At Risk,High-value win-back offer with targeted discount
19207,36,10,1382.46,4,5,5,Champions,"VIP rewards, early access to new collections"
19208,152,1,18.2,1,1,1,Lost Customers,Low-cost automated re-engagement email
19209,85,25,2860.79,2,5,5,At Risk,High-value win-back offer with targeted discount
19210,62,6,1214.82,3,4,5,Loyal Customers,"Cross-sell complimentary products, points incentive"
19211,126,3,62.38,1,3,1,Lost Customers,Low-cost automated re-engagement email
19212,69,11,125.48,3,5,1,Lost Customers,Low-cost automated re-engagement email
19213,111,1,193.62,2,1,2,Lost Customers,Low-cost automated re-engagement email
19214,23,3,404.67,5,3,3,Loyal Customers,"Cross-sell complimentary products, points incentive"
19215,70,4,133.97,3,3,1,Lost Customers,Low-cost automated re-engagement email
19216,38,4,448.64,4,3,3,Loyal Customers,"Cross-sell complimentary products, points incentive"
19217,253,12,663.56,1,5,4,At Risk,High-value win-back offer with targeted discount
19218,161,9,689.52,1,5,4,At Risk,High-value win-back offer with targeted discount
19219,78,6,424.22,3,4,3,Loyal Customers,"Cross-sell complimentary products, points incentive"
19220,151,3,81.53,1,3,1,Lost Customers,Low-cost automated re-engagement email
19221,39,8,1620.4,4,5,5,Champions,"VIP rewards, early access to new collections"
19222,46,3,104.11,4,3,1,Lost Customers,Low-cost automated re-engagement email
19223,9,7,684.92,5,5,4,Champions,"VIP rewards, early access to new collections"
19224,107,2,323.76,2,2,3,Lost Customers,Low-cost automated re-engagement email
19225,8,5,213.23,5,4,2,Lost Customers,Low-cost automated re-engagement email
19226,43,2,140.58,4,2,2,New Customers,Welcome onboarding campaign to drive 2nd purchase
19227,22,8,455.57,5,5,3,Loyal Customers,"Cross-sell complimentary products, points incentive"
19228,135,3,1274.94,1,3,5,At Risk,High-value win-back offer with targeted discount
19229,237,2,410.16,1,2,3,Lost Customers,Low-cost automated re-engagement email
19230,119,2,356.75,2,2,3,Lost Customers,Low-cost automated re-engagement email
19231,105,3,1974.34,2,3,5,At Risk,High-value win-back offer with targeted discount
19232,79,2,247.16,3,2,2,Lost Customers,Low-cost automated re-engagement email
19233,74,6,399.17,3,4,3,Loyal Customers,"Cross-sell complimentary products, points incentive"
19234,33,3,73.9,5,3,1,Lost Customers,Low-cost automated re-engagement email
19235,16,8,383.7,5,5,3,Loyal Customers,"Cross-sell complimentary products, points incentive"
19236,73,3,311.67,3,3,3,Loyal Customers,"Cross-sell complimentary products, points incentive"
19237,86,6,1248.89,2,4,5,At Risk,High-value win-back offer with targeted discount
19238,85,4,199.89,2,3,2,Lost Customers,Low-cost automated re-engagement email
19239,95,3,1123.18,2,3,5,At Risk,High-value win-back offer with targeted discount
19240,113,2,45.04,2,2,1,Lost Customers,Low-cost automated re-engagement email
19241,71,4,256.82,3,3,2,Lost Customers,Low-cost automated re-engagement email
19242,30,6,776.79,5,4,4,Champions,"VIP rewards, early access to new collections"
19243,92,2,202.59,2,2,2,Lost Customers,Low-cost automated re-engagement email
19244,108,4,552.99,2,3,4,At Risk,High-value win-back offer with targeted discount
19245,53,3,303.16,4,3,3,Loyal Customers,"Cross-sell complimentary products, points incentive"
19246,108,16,2581.16,2,5,5,At Risk,High-value win-back offer with targeted discount
19247,73,5,361.37,3,4,3,Loyal Customers,"Cross-sell complimentary products, points incentive"
19248,27,4,274.72,5,3,3,Loyal Customers,"Cross-sell complimentary products, points incentive"
19249,290,3,128.53,1,3,1,Lost Customers,Low-cost automated re-engagement email
19250,51,7,4457.09,4,5,5,Champions,"VIP rewards, early access to new collections"
19251,28,4,335.51,5,3,3,Loyal Customers,"Cross-sell complimentary products, points incentive"
19252,38,4,532.87,4,3,4,Loyal Customers,"Cross-sell complimentary products, points incentive"
19253,6,4,297.7,5,3,3,Loyal Customers,"Cross-sell complimentary products, points incentive"
19254,54,2,754.34,4,2,4,New Customers,Welcome onboarding campaign to drive 2nd purchase
19255,167,11,980.25,1,5,5,At Risk,High-value win-back offer with targeted discount
19256,78,7,846.11,3,5,4,Loyal Customers,"Cross-sell complimentary products, points incentive"
19257,35,4,164.21,4,3,2,Lost Customers,Low-cost automated re-engagement email
19258,65,4,1755.86,3,3,5,Loyal Customers,"Cross-sell complimentary products, points incentive"
19259,65,2,218.86,3,2,2,Lost Customers,Low-cost automated re-engagement email
19260,52,2,907.16,4,2,5,New Customers,Welcome onboarding campaign to drive 2nd purchase
19261,129,2,104.84,1,2,1,Lost Customers,Low-cost automated re-engagement email
19262,87,9,544.26,2,5,4,At Risk,High-value win-back offer with targeted discount
19263,30,3,168.04,5,3,2,Lost Customers,Low-cost automated re-engagement email
19264,127,8,557.88,1,5,4,At Risk,High-value win-back offer with targeted discount
19265,156,4,658.39,1,3,4,At Risk,High-value win-back offer with targeted discount
19266,89,2,28.49,2,2,1,Lost Customers,Low-cost automated re-engagement email
19267,56,2,172.38,4,2,2,New Customers,Welcome onboarding campaign to drive 2nd purchase
19268,44,5,222.92,4,4,2,Lost Customers,Low-cost automated re-engagement email
19269,192,1,40.48,1,1,1,Lost Customers,Low-cost automated re-engagement email
19270,84,2,274.4,2,2,3,Lost Customers,Low-cost automated re-engagement email
19271,72,3,353.76,3,3,3,Loyal Customers,"Cross-sell complimentary products, points incentive"
19272,24,7,1370.15,5,5,5,Champions,"VIP rewards, early access to new collections"
19273,32,5,637.84,5,4,4,Champions,"VIP rewards, early access to new collections"
19274,18,4,423.29,5,3,3,Loyal Customers,"Cross-sell complimentary products, points incentive"
19275,56,5,272.25,4,4,3,Loyal Customers,"Cross-sell complimentary products, points incentive"
19276,43,8,312.7,4,5,3,Loyal Customers,"Cross-sell complimentary products, points incentive"
19277,75,4,617.39,3,3,4,Loyal Customers,"Cross-sell complimentary products, points incentive"
19278,143,2,143.01,1,2,2,Lost Customers,Low-cost automated re-engagement email
19279,109,4,515.73,2,3,4,At Risk,High-value win-back offer with targeted discount
19280,124,2,179.3,1,2,2,Lost Customers,Low-cost automated re-engagement email
19281,140,1,14.31,1,1,1,Lost Customers,Low-cost automated re-engagement email
19282,35,4,556.38,4,3,4,Loyal Customers,"Cross-sell complimentary products, points incentive"
19283,49,6,307.5,4,4,3,Loyal Customers,"Cross-sell complimentary products, points incentive"
19284,44,5,979.67,4,4,5,Champions,"VIP rewards, early access to new collections"
19285,113,5,84.47,2,4,1,Lost Customers,Low-cost automated re-engagement email
19286,23,9,4475.53,5,5,5,Champions,"VIP rewards, early access to new collections"
19287,172,2,105.29,1,2,1,Lost Customers,Low-cost automated re-engagement email
19288,47,3,412.69,4,3,3,Loyal Customers,"Cross-sell complimentary products, points incentive"
19289,25,2,94.81,5,2,1,New Customers,Welcome onboarding campaign to drive 2nd purchase
19290,49,5,267.85,4,4,3,Loyal Customers,"Cross-sell complimentary products, points incentive"
19291,52,9,1501.16,4,5,5,Champions,"VIP rewards, early access to new collections"
19292,58,3,225.16,3,3,2,Lost Customers,Low-cost automated re-engagement email
19293,60,6,479.36,3,4,4,Loyal Customers,"Cross-sell complimentary products, points incentive"
19294,140,2,386.71,1,2,3,Lost Customers,Low-cost automated re-engagement email
19295,85,6,640.21,2,4,4,At Risk,High-value win-back offer with targeted discount
19296,25,1,134.75,5,1,1,New Customers,Welcome onboarding campaign to drive 2nd purchase
19297,51,12,615.64,4,5,4,Champions,"VIP rewards, early access to new collections"
19298,43,2,328.01,4,2,3,New Customers,Welcome onboarding campaign to drive 2nd purchase
19299,70,4,398.11,3,3,3,Loyal Customers,"Cross-sell complimentary products, points incentive"
19300,63,11,1458.63,3,5,5,Loyal Customers,"Cross-sell complimentary products, points incentive"
19301,208,2,249.77,1,2,2,Lost Customers,Low-cost automated re-engagement email
19302,123,14,3483.02,1,5,5,At Risk,High-value win-back offer with targeted discount
19303,101,18,2552.2,2,5,5,At Risk,High-value win-back offer with targeted discount
19304,8,6,190.15,5,4,2,Lost Customers,Low-cost automated re-engagement email
19305,120,4,210.87,2,3,2,Lost Customers,Low-cost automated re-engagement email
19306,12,3,331.06,5,3,3,Loyal Customers,"Cross-sell complimentary products, points incentive"
19307,46,6,773.04,4,4,4,Champions,"VIP rewards, early access to new collections"
19308,51,7,191.24,4,5,2,Lost Customers,Low-cost automated re-engagement email
19309,136,1,36.85,1,1,1,Lost Customers,Low-cost automated re-engagement email
19310,29,3,722.58,5,3,4,Loyal Customers,"Cross-sell complimentary products, points incentive"
19311,58,3,1584.2,3,3,5,Loyal Customers,"Cross-sell complimentary products, points incentive"
19312,20,2,40.62,5,2,1,New Customers,Welcome onboarding campaign to drive 2nd purchase
19313,96,2,227.13,2,2,2,Lost Customers,Low-cost automated re-engagement email
19314,46,2,187.96,4,2,2,New Customers,Welcome onboarding campaign to drive 2nd purchase
19315,76,12,2684.3,3,5,5,Loyal Customers,"Cross-sell complimentary products, points incentive"
19316,3,3,422.14,5,3,3,Loyal Customers,"Cross-sell complimentary products, points incentive"
19317,26,3,569.52,5,3,4,Loyal Customers,"Cross-sell complimentary products, points incentive"
19318,77,3,34.67,3,3,1,Lost Customers,Low-cost automated re-engagement email
19319,106,3,268.32,2,3,3,At Risk,High-value win-back offer with targeted discount
19320,173,5,199.11,1,4,2,Lost Customers,Low-cost automated re-engagement email
19321,157,3,122.25,1,3,1,Lost Customers,Low-cost automated re-engagement email
19322,41,6,179.17,4,4,2,Lost Customers,Low-cost automated re-engagement email
19323,75,12,1326.7,3,5,5,Loyal Customers,"Cross-sell complimentary products, points incentive"
19324,114,2,243.04,2,2,2,Lost Customers,Low-cost automated re-engagement email
19325,84,5,794.16,2,4,4,At Risk,High-value win-back offer with targeted discount
19326,51,5,313.15,4,4,3,Loyal Customers,"Cross-sell complimentary products, points incentive"
19327,77,2,625.7,3,2,4,Lost Customers,Low-cost automated re-engagement email
19328,165,6,233.44,1,4,2,Lost Customers,Low-cost automated re-engagement email
19329,65,3,74.39,3,3,1,Lost Customers,Low-cost automated re-engagement email
19330,97,12,1315.3,2,5,5,At Risk,High-value win-back offer with targeted discount
19331,81,8,388.93,3,5,3,Loyal Customers,"Cross-sell complimentary products, points incentive"
19332,39,4,581.09,4,3,4,Loyal Customers,"Cross-sell complimentary products, points incentive"
19333,135,3,149.4,1,3,2,Lost Customers,Low-cost automated re-engagement email
19334,66,14,748.47,3,5,4,Loyal Customers,"Cross-sell complimentary products, points incentive"
19335,51,3,149.08,4,3,2,Lost Customers,Low-cost automated re-engagement email
19336,80,5,232.91,3,4,2,Lost Customers,Low-cost automated re-engagement email
19337,146,4,359.44,1,3,3,At Risk,High-value win-back offer with targeted discount
19338,76,9,1004.74,3,5,5,Loyal Customers,"Cross-sell complimentary products, points incentive"
19339,75,10,465.05,3,5,4,Loyal Customers,"Cross-sell complimentary products, points incentive"
19340,95,6,188.33,2,4,2,Lost Customers,Low-cost automated re-engagement email
19341,111,3,423.02,2,3,3,At Risk,High-value win-back offer with targeted discount
19342,55,3,382.88,4,3,3,Loyal Customers,"Cross-sell complimentary products, points incentive"
19343,61,2,342.52,3,2,3,Lost Customers,Low-cost automated re-engagement email
19344,52,5,175.99,4,4,2,Lost Customers,Low-cost automated re-engagement email
19345,95,2,85.54,2,2,1,Lost Customers,Low-cost automated re-engagement email
19346,66,20,3776.86,3,5,5,Loyal Customers,"Cross-sell complimentary products, points incentive"
19347,69,3,604.89,3,3,4,Loyal Customers,"Cross-sell complimentary products, points incentive"
19348,71,8,498.32,3,5,4,Loyal Customers,"Cross-sell complimentary products, points incentive"
19349,23,12,458.31,5,5,3,Loyal Customers,"Cross-sell complimentary products, points incentive"
19350,105,7,335.14,2,5,3,At Risk,High-value win-back offer with targeted discount
19351,54,3,113.26,4,3,1,Lost Customers,Low-cost automated re-engagement email
19352,67,3,553.77,3,3,4,Loyal Customers,"Cross-sell complimentary products, points incentive"
19353,47,35,5984.68,4,5,5,Champions,"VIP rewards, early access to new collections"
19354,29,17,1646.47,5,5,5,Champions,"VIP rewards, early access to new collections"
19355,76,5,244.55,3,4,2,Lost Customers,Low-cost automated re-engagement email
19356,91,3,122.19,2,3,1,Lost Customers,Low-cost automated re-engagement email
19357,287,2,103.45,1,2,1,Lost Customers,Low-cost automated re-engagement email
19358,43,3,121.37,4,3,1,Lost Customers,Low-cost automated re-engagement email
19359,117,6,662.29,2,4,4,At Risk,High-value win-back offer with targeted discount
19360,53,22,3933.07,4,5,5,Champions,"VIP rewards, early access to new collections"
19361,124,4,735.68,1,3,4,At Risk,High-value win-back offer with targeted discount
19362,101,9,365.52,2,5,3,At Risk,High-value win-back offer with targeted discount
19363,44,7,367.95,4,5,3,Loyal Customers,"Cross-sell complimentary products, points incentive"
19364,27,3,164.14,5,3,2,Lost Customers,Low-cost automated re-engagement email
19365,20,8,1801.98,5,5,5,Champions,"VIP rewards, early access to new collections"
19366,132,8,216.73,1,5,2,Lost Customers,Low-cost automated re-engagement email
19367,33,7,628.44,5,5,4,Champions,"VIP rewards, early access to new collections"
19368,130,3,122.88,1,3,1,Lost Customers,Low-cost automated re-engagement email
19369,69,6,454.59,3,4,3,Loyal Customers,"Cross-sell complimentary products, points incentive"
19370,56,9,1512.76,4,5,5,Champions,"VIP rewards, early access to new collections"
19371,111,8,538.41,2,5,4,At Risk,High-value win-back offer with targeted discount
19372,53,8,365.56,4,5,3,Loyal Customers,"Cross-sell complimentary products, points incentive"
19373,104,3,529.26,2,3,4,At Risk,High-value win-back offer with targeted discount
19374,44,8,809.46,4,5,4,Champions,"VIP rewards, early access to new collections"
19375,163,10,1389.42,1,5,5,At Risk,High-value win-back offer with targeted discount
19376,39,3,342.68,4,3,3,Loyal Customers,"Cross-sell complimentary products, points incentive"
19377,105,2,60.33,2,2,1,Lost Customers,Low-cost automated re-engagement email
19378,144,13,3788.0,1,5,5,At Risk,High-value win-back offer with targeted discount
19379,2,3,225.79,5,3,2,Lost Customers,Low-cost automated re-engagement email
19380,98,2,384.27,2,2,3,Lost Customers,Low-cost automated re-engagement email
19381,39,4,262.75,4,3,2,Lost Customers,Low-cost automated re-engagement email
19382,111,3,449.34,2,3,3,At Risk,High-value win-back offer with targeted discount
19383,81,1,223.57,3,1,2,Lost Customers,Low-cost automated re-engagement email
19384,96,7,1394.24,2,5,5,At Risk,High-value win-back offer with targeted discount
19385,66,7,692.81,3,5,4,Loyal Customers,"Cross-sell complimentary products, points incentive"
19386,150,2,132.63,1,2,1,Lost Customers,Low-cost automated re-engagement email
19387,20,4,101.37,5,3,1,Lost Customers,Low-cost automated re-engagement email
19388,140,2,59.09,1,2,1,Lost Customers,Low-cost automated re-engagement email
19389,45,2,491.73,4,2,4,New Customers,Welcome onboarding campaign to drive 2nd purchase
19390,11,3,128.67,5,3,1,Lost Customers,Low-cost automated re-engagement email
19391,71,6,1113.83,3,4,5,Loyal Customers,"Cross-sell complimentary products, points incentive"
19392,41,17,3484.73,4,5,5,Champions,"VIP rewards, early access to new collections"
19393,94,3,406.84,2,3,3,At Risk,High-value win-back offer with targeted discount
19394,100,7,896.06,2,5,4,At Risk,High-value win-back offer with targeted discount
19395,61,7,220.73,3,5,2,Lost Customers,Low-cost automated re-engagement email
19396,97,1,26.72,2,1,1,Lost Customers,Low-cost automated re-engagement email
19397,84,2,99.51,2,2,1,Lost Customers,Low-cost automated re-engagement email
19398,70,18,7171.77,3,5,5,Loyal Customers,"Cross-sell complimentary products, points incentive"
19399,60,3,930.67,3,3,5,Loyal Customers,"Cross-sell complimentary products, points incentive"
19400,47,5,465.4,4,4,4,Champions,"VIP rewards, early access to new collections"
19401,209,5,1442.85,1,4,5,At Risk,High-value win-back offer with targeted discount
19402,68,1,38.8,3,1,1,Lost Customers,Low-cost automated re-engagement email
19403,87,2,129.11,2,2,1,Lost Customers,Low-cost automated re-engagement email
19404,107,6,2253.6,2,4,5,At Risk,High-value win-back offer with targeted discount
19405,56,2,1194.05,4,2,5,New Customers,Welcome onboarding campaign to drive 2nd purchase
19406,92,3,540.81,2,3,4,At Risk,High-value win-back offer with targeted discount
19407,197,2,43.06,1,2,1,Lost Customers,Low-cost automated re-engagement email
19408,39,2,606.52,4,2,4,New Customers,Welcome onboarding campaign to drive 2nd purchase
19409,197,3,212.21,1,3,2,Lost Customers,Low-cost automated re-engagement email
19410,113,1,172.49,2,1,2,Lost Customers,Low-cost automated re-engagement email
19411,44,9,885.74,4,5,4,Champions,"VIP rewards, early access to new collections"
19412,37,2,445.43,4,2,3,New Customers,Welcome onboarding campaign to drive 2nd purchase
19413,196,3,281.65,1,3,3,At Risk,High-value win-back offer with targeted discount
19414,133,2,2098.93,1,2,5,Lost Customers,Low-cost automated re-engagement email
19415,63,8,1716.54,3,5,5,Loyal Customers,"Cross-sell complimentary products, points incentive"
19416,48,2,58.03,4,2,1,New Customers,Welcome onboarding campaign to drive 2nd purchase
19417,44,2,39.75,4,2,1,New Customers,Welcome onboarding campaign to drive 2nd purchase
19418,60,2,40.2,3,2,1,Lost Customers,Low-cost automated re-engagement email
19419,65,1,153.77,3,1,2,Lost Customers,Low-cost automated re-engagement email
19420,78,5,1070.17,3,4,5,Loyal Customers,"Cross-sell complimentary products, points incentive"
19421,32,4,34.31,5,3,1,Lost Customers,Low-cost automated re-engagement email
19422,43,4,1080.55,4,3,5,Loyal Customers,"Cross-sell complimentary products, points incentive"
19423,58,7,863.76,3,5,4,Loyal Customers,"Cross-sell complimentary products, points incentive"
19424,245,4,1543.55,1,3,5,At Risk,High-value win-back offer with targeted discount
19425,84,3,113.0,2,3,1,Lost Customers,Low-cost automated re-engagement email
19426,23,5,584.66,5,4,4,Champions,"VIP rewards, early access to new collections"
19427,34,3,348.4,5,3,3,Loyal Customers,"Cross-sell complimentary products, points incentive"
19428,194,9,403.8,1,5,3,At Risk,High-value win-back offer with targeted discount
19429,151,3,86.18,1,3,1,Lost Customers,Low-cost automated re-engagement email
19430,53,4,832.57,4,3,4,Loyal Customers,"Cross-sell complimentary products, points incentive"
19431,98,6,663.8,2,4,4,At Risk,High-value win-back offer with targeted discount
19432,90,22,2823.1,2,5,5,At Risk,High-value win-back offer with targeted discount
19433,70,2,613.76,3,2,4,Lost Customers,Low-cost automated re-engagement email
19434,37,2,173.71,4,2,2,New Customers,Welcome onboarding campaign to drive 2nd purchase
19435,15,3,358.53,5,3,3,Loyal Customers,"Cross-sell complimentary products, points incentive"
19436,124,2,247.23,1,2,2,Lost Customers,Low-cost automated re-engagement email
19437,92,6,759.66,2,4,4,At Risk,High-value win-back offer with targeted discount
19438,38,4,101.33,4,3,1,Lost Customers,Low-cost automated re-engagement email
19439,147,2,176.84,1,2,2,Lost Customers,Low-cost automated re-engagement email
19440,189,7,1787.31,1,5,5,At Risk,High-value win-back offer with targeted discount
19441,82,15,1203.33,3,5,5,Loyal Customers,"Cross-sell complimentary products, points incentive"
19442,68,2,117.65,3,2,1,Lost Customers,Low-cost automated re-engagement email
19443,19,5,1076.11,5,4,5,Champions,"VIP rewards, early access to new collections"
19444,61,1,91.13,3,1,1,Lost Customers,Low-cost automated re-engagement email
19445,30,3,153.23,5,3,2,Lost Customers,Low-cost automated re-engagement email
19446,63,5,207.3,3,4,2,Lost Customers,Low-cost automated re-engagement email
19447,137,3,257.27,1,3,2,Lost Customers,Low-cost automated re-engagement email
19448,107,4,198.52,2,3,2,Lost Customers,Low-cost automated re-engagement email
19449,150,2,405.24,1,2,3,Lost Customers,Low-cost automated re-engagement email
19450,57,10,453.86,3,5,3,Loyal Customers,"Cross-sell complimentary products, points incentive"
19451,24,3,346.91,5,3,3,Loyal Customers,"Cross-sell complimentary products, points incentive"
19452,55,2,262.7,4,2,2,New Customers,Welcome onboarding campaign to drive 2nd purchase
19453,82,4,636.46,3,3,4,Loyal Customers,"Cross-sell complimentary products, points incentive"
19454,154,7,2588.01,1,5,5,At Risk,High-value win-back offer with targeted discount
19455,121,6,159.88,2,4,2,Lost Customers,Low-cost automated re-engagement email
19456,17,3,466.72,5,3,4,Loyal Customers,"Cross-sell complimentary products, points incentive"
19457,81,14,2207.78,3,5,5,Loyal Customers,"Cross-sell complimentary products, points incentive"
19458,136,4,135.44,1,3,1,Lost Customers,Low-cost automated re-engagement email
19459,161,1,113.81,1,1,1,Lost Customers,Low-cost automated re-engagement email
19460,143,6,370.24,1,4,3,At Risk,High-value win-back offer with targeted discount
19461,41,3,953.73,4,3,5,Loyal Customers,"Cross-sell complimentary products, points incentive"
19462,43,4,215.86,4,3,2,Lost Customers,Low-cost automated re-engagement email
19463,209,7,519.16,1,5,4,At Risk,High-value win-back offer with targeted discount
19464,50,3,191.77,4,3,2,Lost Customers,Low-cost automated re-engagement email
19465,188,3,127.01,1,3,1,Lost Customers,Low-cost automated re-engagement email
19466,34,2,44.64,5,2,1,New Customers,Welcome onboarding campaign to drive 2nd purchase
19467,63,3,127.63,3,3,1,Lost Customers,Low-cost automated re-engagement email
19468,11,5,512.3,5,4,4,Champions,"VIP rewards, early access to new collections"
19469,60,3,348.19,3,3,3,Loyal Customers,"Cross-sell complimentary products, points incentive"
19470,37,1,187.0,4,1,2,New Customers,Welcome onboarding campaign to drive 2nd purchase
19471,107,6,1389.37,2,4,5,At Risk,High-value win-back offer with targeted discount
19472,107,6,774.6,2,4,4,At Risk,High-value win-back offer with targeted discount
19473,94,6,1106.26,2,4,5,At Risk,High-value win-back offer with targeted discount
19474,38,2,288.53,4,2,3,New Customers,Welcome onboarding campaign to drive 2nd purchase
19475,150,4,133.64,1,3,1,Lost Customers,Low-cost automated re-engagement email
19476,72,5,634.4,3,4,4,Loyal Customers,"Cross-sell complimentary products, points incentive"
19477,113,6,545.9,2,4,4,At Risk,High-value win-back offer with targeted discount
19478,143,6,324.87,1,4,3,At Risk,High-value win-back offer with targeted discount
19479,78,2,182.02,3,2,2,Lost Customers,Low-cost automated re-engagement email
19480,22,14,1738.18,5,5,5,Champions,"VIP rewards, early access to new collections"
19481,84,2,150.13,2,2,2,Lost Customers,Low-cost automated re-engagement email
19482,61,1,219.78,3,1,2,Lost Customers,Low-cost automated re-engagement email
19483,35,1,122.37,4,1,1,New Customers,Welcome onboarding campaign to drive 2nd purchase
19484,174,6,1186.22,1,4,5,At Risk,High-value win-back offer with targeted discount
19485,56,11,3067.86,4,5,5,Champions,"VIP rewards, early access to new collections"
19486,103,3,189.13,2,3,2,Lost Customers,Low-cost automated re-engagement email
19487,119,1,60.33,2,1,1,Lost Customers,Low-cost automated re-engagement email
19488,84,7,1784.7,2,5,5,At Risk,High-value win-back offer with targeted discount
19489,51,2,90.07,4,2,1,New Customers,Welcome onboarding campaign to drive 2nd purchase
19490,20,6,494.37,5,4,4,Champions,"VIP rewards, early access to new collections"
19491,93,2,116.11,2,2,1,Lost Customers,Low-cost automated re-engagement email
19492,56,3,110.71,4,3,1,Lost Customers,Low-cost automated re-engagement email
19493,205,5,704.56,1,4,4,At Risk,High-value win-back offer with targeted discount
19494,42,5,353.77,4,4,3,Loyal Customers,"Cross-sell complimentary products, points incentive"
19495,11,4,156.27,5,3,2,Lost Customers,Low-cost automated re-engagement email
19496,27,11,2276.89,5,5,5,Champions,"VIP rewards, early access to new collections"
19497,143,14,382.62,1,5,3,At Risk,High-value win-back offer with targeted discount
19498,122,14,1103.32,1,5,5,At Risk,High-value win-back offer with targeted discount
19499,174,3,601.79,1,3,4,At Risk,High-value win-back offer with targeted discount
19500,61,4,820.43,3,3,4,Loyal Customers,"Cross-sell complimentary products, points incentive"
19501,112,11,1454.87,2,5,5,At Risk,High-value win-back offer with targeted discount
19502,81,2,81.54,3,2,1,Lost Customers,Low-cost automated re-engagement email
19503,44,3,312.03,4,3,3,Loyal Customers,"Cross-sell complimentary products, points incentive"
19504,71,4,495.9,3,3,4,Loyal Customers,"Cross-sell complimentary products, points incentive"
19505,53,4,241.93,4,3,2,Lost Customers,Low-cost automated re-engagement email
19506,167,3,379.0,1,3,3,At Risk,High-value win-back offer with targeted discount
19507,44,2,47.62,4,2,1,New Customers,Welcome onboarding campaign to drive 2nd purchase
19508,183,7,130.04,1,5,1,Lost Customers,Low-cost automated re-engagement email
19509,42,3,151.51,4,3,2,Lost Customers,Low-cost automated re-engagement email
19510,53,4,671.89,4,3,4,Loyal Customers,"Cross-sell complimentary products, points incentive"
19511,74,4,780.94,3,3,4,Loyal Customers,"Cross-sell complimentary products, points incentive"
19512,40,6,170.8,4,4,2,Lost Customers,Low-cost automated re-engagement email
19513,73,5,1686.7,3,4,5,Loyal Customers,"Cross-sell complimentary products, points incentive"
19514,81,3,292.83,3,3,3,Loyal Customers,"Cross-sell complimentary products, points incentive"
19515,161,3,67.02,1,3,1,Lost Customers,Low-cost automated re-engagement email
19516,11,4,473.2,5,3,4,Loyal Customers,"Cross-sell complimentary products, points incentive"
19517,42,2,565.76,4,2,4,New Customers,Welcome onboarding campaign to drive 2nd purchase
19518,199,2,116.38,1,2,1,Lost Customers,Low-cost automated re-engagement email
19519,53,6,1301.32,4,4,5,Champions,"VIP rewards, early access to new collections"
19520,53,5,1648.42,4,4,5,Champions,"VIP rewards, early access to new collections"
19521,40,2,186.72,4,2,2,New Customers,Welcome onboarding campaign to drive 2nd purchase
19522,110,4,184.12,2,3,2,Lost Customers,Low-cost automated re-engagement email
19523,19,1,258.09,5,1,2,New Customers,Welcome onboarding campaign to drive 2nd purchase
19524,90,4,1029.08,2,3,5,At Risk,High-value win-back offer with targeted discount
19525,218,3,87.01,1,3,1,Lost Customers,Low-cost automated re-engagement email
19526,15,18,1478.52,5,5,5,Champions,"VIP rewards, early access to new collections"
19527,111,6,1033.29,2,4,5,At Risk,High-value win-back offer with targeted discount
19528,26,2,362.02,5,2,3,New Customers,Welcome onboarding campaign to drive 2nd purchase
19529,94,2,138.78,2,2,2,Lost Customers,Low-cost automated re-engagement email
19530,89,6,227.92,2,4,2,Lost Customers,Low-cost automated re-engagement email
19531,116,7,2590.28,2,5,5,At Risk,High-value win-back offer with targeted discount
19532,48,15,1463.35,4,5,5,Champions,"VIP rewards, early access to new collections"
19533,49,9,689.83,4,5,4,Champions,"VIP rewards, early access to new collections"
19534,118,5,265.08,2,4,3,At Risk,High-value win-back offer with targeted discount
19535,47,11,825.95,4,5,4,Champions,"VIP rewards, early access to new collections"
19536,128,4,87.28,1,3,1,Lost Customers,Low-cost automated re-engagement email
19537,8,4,884.82,5,3,4,Loyal Customers,"Cross-sell complimentary products, points incentive"
19538,85,2,141.09,2,2,2,Lost Customers,Low-cost automated re-engagement email
19539,122,12,163.08,1,5,2,Lost Customers,Low-cost automated re-engagement email
19540,62,4,148.4,3,3,2,Lost Customers,Low-cost automated re-engagement email
19541,166,4,852.44,1,3,4,At Risk,High-value win-back offer with targeted discount
19542,49,2,158.4,4,2,2,New Customers,Welcome onboarding campaign to drive 2nd purchase
19543,83,9,398.34,2,5,3,At Risk,High-value win-back offer with targeted discount
19544,136,8,811.26,1,5,4,At Risk,High-value win-back offer with targeted discount
19545,29,2,137.6,5,2,2,New Customers,Welcome onboarding campaign to drive 2nd purchase
19546,144,5,497.14,1,4,4,At Risk,High-value win-back offer with targeted discount
19547,89,7,840.11,2,5,4,At Risk,High-value win-back offer with targeted discount
19548,39,2,86.35,4,2,1,New Customers,Welcome onboarding campaign to drive 2nd purchase
19549,69,6,321.6,3,4,3,Loyal Customers,"Cross-sell complimentary products, points incentive"
19550,36,5,232.4,4,4,2,Lost Customers,Low-cost automated re-engagement email
19551,105,6,286.38,2,4,3,At Risk,High-value win-back offer with targeted discount
19552,58,17,869.6,3,5,4,Loyal Customers,"Cross-sell complimentary products, points incentive"
19553,53,36,2495.4,4,5,5,Champions,"VIP rewards, early access to new collections"
19554,107,9,468.8,2,5,4,At Risk,High-value win-back offer with targeted discount
19555,61,5,519.74,3,4,4,Loyal Customers,"Cross-sell complimentary products, points incentive"
19556,72,6,407.27,3,4,3,Loyal Customers,"Cross-sell complimentary products, points incentive"
19557,68,5,238.3,3,4,2,Lost Customers,Low-cost automated re-engagement email
19558,10,22,350.05,5,5,3,Loyal Customers,"Cross-sell complimentary products, points incentive"
19559,22,4,159.73,5,3,2,Lost Customers,Low-cost automated re-engagement email
19560,43,3,194.52,4,3,2,Lost Customers,Low-cost automated re-engagement email
19561,45,6,1278.69,4,4,5,Champions,"VIP rewards, early access to new collections"
19562,9,18,1521.44,5,5,5,Champions,"VIP rewards, early access to new collections"
19563,72,2,46.12,3,2,1,Lost Customers,Low-cost automated re-engagement email
19564,64,2,196.63,3,2,2,Lost Customers,Low-cost automated re-engagement email
19565,77,2,119.81,3,2,1,Lost Customers,Low-cost automated re-engagement email
19566,55,2,300.97,4,2,3,New Customers,Welcome onboarding campaign to drive 2nd purchase
19567,179,2,48.28,1,2,1,Lost Customers,Low-cost automated re-engagement email
19568,99,8,2142.01,2,5,5,At Risk,High-value win-back offer with targeted discount
19569,194,4,538.4,1,3,4,At Risk,High-value win-back offer with targeted discount
19570,29,2,149.19,5,2,2,New Customers,Welcome onboarding campaign to drive 2nd purchase
19571,54,6,134.6,4,4,1,Lost Customers,Low-cost automated re-engagement email
19572,46,5,120.86,4,4,1,Lost Customers,Low-cost automated re-engagement email
19573,18,8,1334.46,5,5,5,Champions,"VIP rewards, early access to new collections"
19574,62,3,556.4,3,3,4,Loyal Customers,"Cross-sell complimentary products, points incentive"
19575,9,2,459.7,5,2,3,New Customers,Welcome onboarding campaign to drive 2nd purchase
19576,104,6,2421.89,2,4,5,At Risk,High-value win-back offer with targeted discount
19577,152,7,1236.63,1,5,5,At Risk,High-value win-back offer with targeted discount
19578,59,2,259.8,3,2,2,Lost Customers,Low-cost automated re-engagement email
19579,77,5,3862.43,3,4,5,Loyal Customers,"Cross-sell complimentary products, points incentive"
19580,153,3,165.29,1,3,2,Lost Customers,Low-cost automated re-engagement email
19581,33,8,657.75,5,5,4,Champions,"VIP rewards, early access to new collections"
19582,17,6,134.91,5,4,1,Lost Customers,Low-cost automated re-engagement email
19583,8,9,1421.2,5,5,5,Champions,"VIP rewards, early access to new collections"
19584,36,2,149.91,4,2,2,New Customers,Welcome onboarding campaign to drive 2nd purchase
19585,42,2,103.03,4,2,1,New Customers,Welcome onboarding campaign to drive 2nd purchase
19586,110,3,157.46,2,3,2,Lost Customers,Low-cost automated re-engagement email
19587,23,3,132.04,5,3,1,Lost Customers,Low-cost automated re-engagement email
19588,17,5,386.6,5,4,3,Loyal Customers,"Cross-sell complimentary products, points incentive"
19589,123,2,49.18,1,2,1,Lost Customers,Low-cost automated re-engagement email
19590,44,12,320.0,4,5,3,Loyal Customers,"Cross-sell complimentary products, points incentive"
19591,77,14,465.27,3,5,4,Loyal Customers,"Cross-sell complimentary products, points incentive"
19592,114,9,463.65,2,5,3,At Risk,High-value win-back offer with targeted discount
19593,310,5,296.45,1,4,3,At Risk,High-value win-back offer with targeted discount
19594,91,4,56.96,2,3,1,Lost Customers,Low-cost automated re-engagement email
19595,40,4,226.48,4,3,2,Lost Customers,Low-cost automated re-engagement email
19596,121,2,84.44,2,2,1,Lost Customers,Low-cost automated re-engagement email
19597,32,4,728.35,5,3,4,Loyal Customers,"Cross-sell complimentary products, points incentive"
19598,152,5,200.23,1,4,2,Lost Customers,Low-cost automated re-engagement email
19599,38,2,444.4,4,2,3,New Customers,Welcome onboarding campaign to drive 2nd purchase
19600,27,13,5611.9,5,5,5,Champions,"VIP rewards, early access to new collections"
19601,71,4,1029.09,3,3,5,Loyal Customers,"Cross-sell complimentary products, points incentive"
19602,89,2,74.41,2,2,1,Lost Customers,Low-cost automated re-engagement email
19603,28,3,431.0,5,3,3,Loyal Customers,"Cross-sell complimentary products, points incentive"
19604,43,3,113.36,4,3,1,Lost Customers,Low-cost automated re-engagement email
19605,96,2,85.64,2,2,1,Lost Customers,Low-cost automated re-engagement email
19606,79,12,545.86,3,5,4,Loyal Customers,"Cross-sell complimentary products, points incentive"
19607,92,4,407.0,2,3,3,At Risk,High-value win-back offer with targeted discount
19608,154,8,327.96,1,5,3,At Risk,High-value win-back offer with targeted discount
19609,85,5,466.03,2,4,4,At Risk,High-value win-back offer with targeted discount
19610,182,5,1402.01,1,4,5,At Risk,High-value win-back offer with targeted discount
19611,126,4,133.58,1,3,1,Lost Customers,Low-cost automated re-engagement email
19612,44,3,63.51,4,3,1,Lost Customers,Low-cost automated re-engagement email
19613,159,10,505.96,1,5,4,At Risk,High-value win-back offer with targeted discount
19614,83,6,1952.66,2,4,5,At Risk,High-value win-back offer with targeted discount
19615,143,3,501.86,1,3,4,At Risk,High-value win-back offer with targeted discount
19616,94,8,333.74,2,5,3,At Risk,High-value win-back offer with targeted discount
19617,213,12,421.57,1,5,3,At Risk,High-value win-back offer with targeted discount
19618,27,5,602.29,5,4,4,Champions,"VIP rewards, early access to new collections"
19619,58,12,1179.39,3,5,5,Loyal Customers,"Cross-sell complimentary products, points incentive"
19620,106,3,473.01,2,3,4,At Risk,High-value win-back offer with targeted discount
19621,76,2,63.65,3,2,1,Lost Customers,Low-cost automated re-engagement email
19622,32,3,250.43,5,3,2,Lost Customers,Low-cost automated re-engagement email
19623,199,4,806.47,1,3,4,At Risk,High-value win-back offer with targeted discount
19624,65,12,2982.97,3,5,5,Loyal Customers,"Cross-sell complimentary products, points incentive"
19625,133,3,88.56,1,3,1,Lost Customers,Low-cost automated re-engagement email
19626,100,5,416.81,2,4,3,At Risk,High-value win-back offer with targeted discount
19627,118,9,626.31,2,5,4,At Risk,High-value win-back offer with targeted discount
19628,25,5,211.94,5,4,2,Lost Customers,Low-cost automated re-engagement email
19629,67,3,139.31,3,3,2,Lost Customers,Low-cost automated re-engagement email
19630,120,2,299.91,2,2,3,Lost Customers,Low-cost automated re-engagement email
19631,133,9,406.61,1,5,3,At Risk,High-value win-back offer with targeted discount
19632,125,2,161.13,1,2,2,Lost Customers,Low-cost automated re-engagement email
19633,38,3,418.5,4,3,3,Loyal Customers,"Cross-sell complimentary products, points incentive"
19634,15,4,1743.23,5,3,5,Loyal Customers,"Cross-sell complimentary products, points incentive"
19635,23,10,1178.52,5,5,5,Champions,"VIP rewards, early access to new collections"
19636,69,8,1377.69,3,5,5,Loyal Customers,"Cross-sell complimentary products, points incentive"
19637,75,4,456.21,3,3,3,Loyal Customers,"Cross-sell complimentary products, points incentive"
19638,69,9,673.3,3,5,4,Loyal Customers,"Cross-sell complimentary products, points incentive"
19639,26,11,809.81,5,5,4,Champions,"VIP rewards, early access to new collections"
19640,45,3,243.22,4,3,2,Lost Customers,Low-cost automated re-engagement email
19641,197,3,39.37,1,3,1,Lost Customers,Low-cost automated re-engagement email
19642,90,7,469.46,2,5,4,At Risk,High-value win-back offer with targeted discount
19643,66,13,1736.12,3,5,5,Loyal Customers,"Cross-sell complimentary products, points incentive"
19644,194,2,92.75,1,2,1,Lost Customers,Low-cost automated re-engagement email
19645,224,1,332.8,1,1,3,Lost Customers,Low-cost automated re-engagement email
19646,49,6,604.52,4,4,4,Champions,"VIP rewards, early access to new collections"
19647,90,10,799.93,2,5,4,At Risk,High-value win-back offer with targeted discount
19648,18,4,764.0,5,3,4,Loyal Customers,"Cross-sell complimentary products, points incentive"
19649,14,28,4187.55,5,5,5,Champions,"VIP rewards, early access to new collections"
19650,58,2,499.04,3,2,4,Lost Customers,Low-cost automated re-engagement email
19651,25,2,594.66,5,2,4,New Customers,Welcome onboarding campaign to drive 2nd purchase
19652,45,2,673.12,4,2,4,New Customers,Welcome onboarding campaign to drive 2nd purchase
19653,84,4,543.19,2,3,4,At Risk,High-value win-back offer with targeted discount
19654,169,4,141.6,1,3,2,Lost Customers,Low-cost automated re-engagement email
19655,92,2,145.28,2,2,2,Lost Customers,Low-cost automated re-engagement email
19656,49,9,3541.56,4,5,5,Champions,"VIP rewards, early access to new collections"
19657,233,5,568.44,1,4,4,At Risk,High-value win-back offer with targeted discount
19658,73,2,121.8,3,2,1,Lost Customers,Low-cost automated re-engagement email
19659,134,6,330.75,1,4,3,At Risk,High-value win-back offer with targeted discount
19660,142,3,102.4,1,3,1,Lost Customers,Low-cost automated re-engagement email
19661,66,4,823.61,3,3,4,Loyal Customers,"Cross-sell complimentary products, points incentive"
19662,5,7,419.64,5,5,3,Loyal Customers,"Cross-sell complimentary products, points incentive"
19663,41,8,297.35,4,5,3,Loyal Customers,"Cross-sell complimentary products, points incentive"
19664,42,7,288.02,4,5,3,Loyal Customers,"Cross-sell complimentary products, points incentive"
19665,67,4,34.4,3,3,1,Lost Customers,Low-cost automated re-engagement email
19666,57,2,339.9,3,2,3,Lost Customers,Low-cost automated re-engagement email
19667,59,3,218.1,3,3,2,Lost Customers,Low-cost automated re-engagement email
19668,70,4,119.16,3,3,1,Lost Customers,Low-cost automated re-engagement email
19669,80,12,3764.4,3,5,5,Loyal Customers,"Cross-sell complimentary products, points incentive"
19670,15,3,281.6,5,3,3,Loyal Customers,"Cross-sell complimentary products, points incentive"
19671,79,4,47.89,3,3,1,Lost Customers,Low-cost automated re-engagement email
19672,112,2,344.74,2,2,3,Lost Customers,Low-cost automated re-engagement email
19673,235,5,181.23,1,4,2,Lost Customers,Low-cost automated re-engagement email
19674,77,4,615.35,3,3,4,Loyal Customers,"Cross-sell complimentary products, points incentive"
19675,128,3,425.48,1,3,3,At Risk,High-value win-back offer with targeted discount
19676,105,7,713.04,2,5,4,At Risk,High-value win-back offer with targeted discount
19677,37,2,58.36,4,2,1,New Customers,Welcome onboarding campaign to drive 2nd purchase
19678,81,11,326.53,3,5,3,Loyal Customers,"Cross-sell complimentary products, points incentive"
19679,183,2,172.28,1,2,2,Lost Customers,Low-cost automated re-engagement email
19680,177,10,385.81,1,5,3,At Risk,High-value win-back offer with targeted discount
19681,177,1,269.72,1,1,3,Lost Customers,Low-cost automated re-engagement email
19682,356,5,410.8,1,4,3,At Risk,High-value win-back offer with targeted discount
19683,111,6,218.63,2,4,2,Lost Customers,Low-cost automated re-engagement email
19684,50,3,663.36,4,3,4,Loyal Customers,"Cross-sell complimentary products, points incentive"
19685,112,5,80.62,2,4,1,Lost Customers,Low-cost automated re-engagement email
19686,32,3,239.84,5,3,2,Lost Customers,Low-cost automated re-engagement email
19687,99,5,742.48,2,4,4,At Risk,High-value win-back offer with targeted discount
19688,31,5,178.28,5,4,2,Lost Customers,Low-cost automated re-engagement email
19689,40,20,1219.93,4,5,5,Champions,"VIP rewards, early access to new collections"
19690,13,2,98.12,5,2,1,New Customers,Welcome onboarding campaign to drive 2nd purchase
19691,94,4,130.88,2,3,1,Lost Customers,Low-cost automated re-engagement email
19692,171,3,289.29,1,3,3,At Risk,High-value win-back offer with targeted discount
19693,78,4,774.5,3,3,4,Loyal Customers,"Cross-sell complimentary products, points incentive"
19694,70,3,1639.23,3,3,5,Loyal Customers,"Cross-sell complimentary products, points incentive"
19695,43,3,536.13,4,3,4,Loyal Customers,"Cross-sell complimentary products, points incentive"
19696,137,3,211.92,1,3,2,Lost Customers,Low-cost automated re-engagement email
19697,153,6,1472.84,1,4,5,At Risk,High-value win-back offer with targeted discount
19698,19,3,97.75,5,3,1,Lost Customers,Low-cost automated re-engagement email
19699,83,4,222.21,2,3,2,Lost Customers,Low-cost automated re-engagement email
19700,134,4,848.66,1,3,4,At Risk,High-value win-back offer with targeted discount
19701,50,2,99.57,4,2,1,New Customers,Welcome onboarding campaign to drive 2nd purchase
19702,16,6,568.93,5,4,4,Champions,"VIP rewards, early access to new collections"
19703,29,2,95.79,5,2,1,New Customers,Welcome onboarding campaign to drive 2nd purchase
19704,190,5,370.69,1,4,3,At Risk,High-value win-back offer with targeted discount
19705,149,5,422.9,1,4,3,At Risk,High-value win-back offer with targeted discount
19706,162,3,412.74,1,3,3,At Risk,High-value win-back offer with targeted discount
19707,23,2,208.99,5,2,2,New Customers,Welcome onboarding campaign to drive 2nd purchase
19708,133,4,685.25,1,3,4,At Risk,High-value win-back offer with targeted discount
19709,198,2,256.23,1,2,2,Lost Customers,Low-cost automated re-engagement email
19710,41,4,300.79,4,3,3,Loyal Customers,"Cross-sell complimentary products, points incentive"
19711,61,7,364.14,3,5,3,Loyal Customers,"Cross-sell complimentary products, points incentive"
19712,85,4,158.09,2,3,2,Lost Customers,Low-cost automated re-engagement email
19713,96,10,77.3,2,5,1,Lost Customers,Low-cost automated re-engagement email
19714,52,5,405.8,4,4,3,Loyal Customers,"Cross-sell complimentary products, points incentive"
19715,144,7,225.24,1,5,2,Lost Customers,Low-cost automated re-engagement email
19716,107,6,245.48,2,4,2,Lost Customers,Low-cost automated re-engagement email
19717,34,11,755.52,5,5,4,Champions,"VIP rewards, early access to new collections"
19718,137,2,112.64,1,2,1,Lost Customers,Low-cost automated re-engagement email
19719,64,3,442.07,3,3,3,Loyal Customers,"Cross-sell complimentary products, points incentive"
19720,111,4,309.93,2,3,3,At Risk,High-value win-back offer with targeted discount
19721,37,7,2724.47,4,5,5,Champions,"VIP rewards, early access to new collections"
19722,38,4,2593.97,4,3,5,Loyal Customers,"Cross-sell complimentary products, points incentive"
19723,15,4,273.36,5,3,3,Loyal Customers,"Cross-sell complimentary products, points incentive"
19724,156,8,336.01,1,5,3,At Risk,High-value win-back offer with targeted discount
19725,128,3,55.24,1,3,1,Lost Customers,Low-cost automated re-engagement email
19726,86,3,1399.17,2,3,5,At Risk,High-value win-back offer with targeted discount
19727,22,6,281.52,5,4,3,Loyal Customers,"Cross-sell complimentary products, points incentive"
19728,174,23,1273.14,1,5,5,At Risk,High-value win-back offer with targeted discount
19729,109,4,191.83,2,3,2,Lost Customers,Low-cost automated re-engagement email
19730,52,2,134.18,4,2,1,New Customers,Welcome onboarding campaign to drive 2nd purchase
19731,92,3,175.8,2,3,2,Lost Customers,Low-cost automated re-engagement email
19732,63,3,568.34,3,3,4,Loyal Customers,"Cross-sell complimentary products, points incentive"
19733,109,10,76.05,2,5,1,Lost Customers,Low-cost automated re-engagement email
19734,31,3,228.09,5,3,2,Lost Customers,Low-cost automated re-engagement email
19735,9,5,858.88,5,4,4,Champions,"VIP rewards, early access to new collections"
19736,102,4,193.43,2,3,2,Lost Customers,Low-cost automated re-engagement email
19737,114,2,305.71,2,2,3,Lost Customers,Low-cost automated re-engagement email
19738,15,3,292.7,5,3,3,Loyal Customers,"Cross-sell complimentary products, points incentive"
19739,5,1,47.18,5,1,1,New Customers,Welcome onboarding campaign to drive 2nd purchase
19740,87,4,70.48,2,3,1,Lost Customers,Low-cost automated re-engagement email
19741,105,5,648.92,2,4,4,At Risk,High-value win-back offer with targeted discount
19742,61,2,239.76,3,2,2,Lost Customers,Low-cost automated re-engagement email
19743,33,3,138.66,5,3,2,Lost Customers,Low-cost automated re-engagement email
19744,236,2,356.75,1,2,3,Lost Customers,Low-cost automated re-engagement email
19745,98,1,58.17,2,1,1,Lost Customers,Low-cost automated re-engagement email
19746,155,1,228.38,1,1,2,Lost Customers,Low-cost automated re-engagement email
19747,27,6,709.43,5,4,4,Champions,"VIP rewards, early access to new collections"
19748,171,3,1023.12,1,3,5,At Risk,High-value win-back offer with targeted discount
19749,96,4,499.2,2,3,4,At Risk,High-value win-back offer with targeted discount
19750,220,17,1569.38,1,5,5,At Risk,High-value win-back offer with targeted discount
19751,111,8,132.07,2,5,1,Lost Customers,Low-cost automated re-engagement email
19752,77,6,566.83,3,4,4,Loyal Customers,"Cross-sell complimentary products, points incentive"
19753,67,3,217.74,3,3,2,Lost Customers,Low-cost automated re-engagement email
19754,42,12,4621.86,4,5,5,Champions,"VIP rewards, early access to new collections"
19755,68,9,981.76,3,5,5,Loyal Customers,"Cross-sell complimentary products, points incentive"
19756,112,7,1274.32,2,5,5,At Risk,High-value win-back offer with targeted discount
19757,126,4,1273.84,1,3,5,At Risk,High-value win-back offer with targeted discount
19758,36,2,601.07,4,2,4,New Customers,Welcome onboarding campaign to drive 2nd purchase
19759,19,12,998.85,5,5,5,Champions,"VIP rewards, early access to new collections"
19760,90,7,4281.01,2,5,5,At Risk,High-value win-back offer with targeted discount
19761,14,3,171.25,5,3,2,Lost Customers,Low-cost automated re-engagement email
19762,69,3,894.31,3,3,4,Loyal Customers,"Cross-sell complimentary products, points incentive"
19763,22,2,91.95,5,2,1,New Customers,Welcome onboarding campaign to drive 2nd purchase
19764,122,7,1366.4,1,5,5,At Risk,High-value win-back offer with targeted discount
19765,51,4,151.24,4,3,2,Lost Customers,Low-cost automated re-engagement email
19766,57,5,785.48,3,4,4,Loyal Customers,"Cross-sell complimentary products, points incentive"
19767,18,7,292.18,5,5,3,Loyal Customers,"Cross-sell complimentary products, points incentive"
19768,145,6,212.45,1,4,2,Lost Customers,Low-cost automated re-engagement email
19769,83,2,75.45,2,2,1,Lost Customers,Low-cost automated re-engagement email
19770,85,4,563.67,2,3,4,At Risk,High-value win-back offer with targeted discount
19771,23,5,702.38,5,4,4,Champions,"VIP rewards, early access to new collections"
19772,13,5,699.67,5,4,4,Champions,"VIP rewards, early access to new collections"
19773,36,1,109.86,4,1,1,New Customers,Welcome onboarding campaign to drive 2nd purchase
19774,50,2,116.46,4,2,1,New Customers,Welcome onboarding campaign to drive 2nd purchase
19775,35,6,282.16,4,4,3,Loyal Customers,"Cross-sell complimentary products, points incentive"
19776,221,6,212.77,1,4,2,Lost Customers,Low-cost automated re-engagement email
19777,148,13,436.8,1,5,3,At Risk,High-value win-back offer with targeted discount
19778,70,1,268.2,3,1,3,Lost Customers,Low-cost automated re-engagement email
19779,39,7,242.97,4,5,2,Lost Customers,Low-cost automated re-engagement email
19780,27,5,194.52,5,4,2,Lost Customers,Low-cost automated re-engagement email
19781,68,2,73.32,3,2,1,Lost Customers,Low-cost automated re-engagement email
19782,87,1,27.27,2,1,1,Lost Customers,Low-cost automated re-engagement email
19783,48,8,947.31,4,5,5,Champions,"VIP rewards, early access to new collections"
19784,96,2,111.14,2,2,1,Lost Customers,Low-cost automated re-engagement email
19785,45,2,155.36,4,2,2,New Customers,Welcome onboarding campaign to drive 2nd purchase
19786,27,5,405.27,5,4,3,Loyal Customers,"Cross-sell complimentary products, points incentive"
19787,97,4,466.89,2,3,4,At Risk,High-value win-back offer with targeted discount
19788,12,6,591.64,5,4,4,Champions,"VIP rewards, early access to new collections"
19789,19,5,1306.17,5,4,5,Champions,"VIP rewards, early access to new collections"
19790,31,49,2418.01,5,5,5,Champions,"VIP rewards, early access to new collections"
19791,42,6,316.98,4,4,3,Loyal Customers,"Cross-sell complimentary products, points incentive"
19792,112,6,498.56,2,4,4,At Risk,High-value win-back offer with targeted discount
19793,18,2,168.54,5,2,2,New Customers,Welcome onboarding campaign to drive 2nd purchase
19794,57,12,284.37,3,5,3,Loyal Customers,"Cross-sell complimentary products, points incentive"
19795,88,3,65.34,2,3,1,Lost Customers,Low-cost automated re-engagement email
19796,83,2,158.61,2,2,2,Lost Customers,Low-cost automated re-engagement email
19797,112,3,939.95,2,3,5,At Risk,High-value win-back offer with targeted discount
19798,58,5,1712.51,3,4,5,Loyal Customers,"Cross-sell complimentary products, points incentive"
19799,41,3,98.8,4,3,1,Lost Customers,Low-cost automated re-engagement email
19800,163,2,122.2,1,2,1,Lost Customers,Low-cost automated re-engagement email
19801,40,2,208.39,4,2,2,New Customers,Welcome onboarding campaign to drive 2nd purchase
19802,35,4,473.34,4,3,4,Loyal Customers,"Cross-sell complimentary products, points incentive"
19803,33,6,224.87,5,4,2,Lost Customers,Low-cost automated re-engagement email
19804,32,6,2499.88,5,4,5,Champions,"VIP rewards, early access to new collections"
19805,189,1,53.88,1,1,1,Lost Customers,Low-cost automated re-engagement email
19806,210,2,250.92,1,2,2,Lost Customers,Low-cost automated re-engagement email
19807,122,7,468.52,1,5,4,At Risk,High-value win-back offer with targeted discount
19808,99,3,201.68,2,3,2,Lost Customers,Low-cost automated re-engagement email
19809,36,4,711.47,4,3,4,Loyal Customers,"Cross-sell complimentary products, points incentive"
19810,48,28,6116.14,4,5,5,Champions,"VIP rewards, early access to new collections"
19811,16,1,166.11,5,1,2,New Customers,Welcome onboarding campaign to drive 2nd purchase
19812,57,3,121.97,3,3,1,Lost Customers,Low-cost automated re-engagement email
19813,21,6,160.89,5,4,2,Lost Customers,Low-cost automated re-engagement email
19814,78,2,1973.24,3,2,5,Lost Customers,Low-cost automated re-engagement email
19815,38,3,355.98,4,3,3,Loyal Customers,"Cross-sell complimentary products, points incentive"
19816,83,2,80.24,2,2,1,Lost Customers,Low-cost automated re-engagement email
19817,33,6,1261.12,5,4,5,Champions,"VIP rewards, early access to new collections"
19818,13,2,79.67,5,2,1,New Customers,Welcome onboarding campaign to drive 2nd purchase
19819,28,3,1587.94,5,3,5,Loyal Customers,"Cross-sell complimentary products, points incentive"
19820,89,7,436.58,2,5,3,At Risk,High-value win-back offer with targeted discount
19821,93,6,1170.0,2,4,5,At Risk,High-value win-back offer with targeted discount
19822,86,8,691.62,2,5,4,At Risk,High-value win-back offer with targeted discount
19823,78,14,319.69,3,5,3,Loyal Customers,"Cross-sell complimentary products, points incentive"
19824,70,4,148.52,3,3,2,Lost Customers,Low-cost automated re-engagement email
19825,108,19,857.17,2,5,4,At Risk,High-value win-back offer with targeted discount
19826,6,4,194.41,5,3,2,Lost Customers,Low-cost automated re-engagement email
19827,183,10,1065.61,1,5,5,At Risk,High-value win-back offer with targeted discount
19828,56,4,40.35,4,3,1,Lost Customers,Low-cost automated re-engagement email
19829,108,7,750.51,2,5,4,At Risk,High-value win-back offer with targeted discount
19830,66,3,45.62,3,3,1,Lost Customers,Low-cost automated re-engagement email
19831,37,10,1242.31,4,5,5,Champions,"VIP rewards, early access to new collections"
19832,53,9,394.15,4,5,3,Loyal Customers,"Cross-sell complimentary products, points incentive"
19833,27,3,304.83,5,3,3,Loyal Customers,"Cross-sell complimentary products, points incentive"
19834,31,4,108.39,5,3,1,Lost Customers,Low-cost automated re-engagement email
19835,96,2,102.18,2,2,1,Lost Customers,Low-cost automated re-engagement email
19836,79,7,99.9,3,5,1,Lost Customers,Low-cost automated re-engagement email
19837,12,7,205.27,5,5,2,Lost Customers,Low-cost automated re-engagement email
19838,32,2,635.52,5,2,4,New Customers,Welcome onboarding campaign to drive 2nd purchase
19839,56,19,6182.58,4,5,5,Champions,"VIP rewards, early access to new collections"
19840,66,5,146.89,3,4,2,Lost Customers,Low-cost automated re-engagement email
19841,231,3,199.12,1,3,2,Lost Customers,Low-cost automated re-engagement email
19842,77,9,1223.8,3,5,5,Loyal Customers,"Cross-sell complimentary products, points incentive"
19843,10,3,290.34,5,3,3,Loyal Customers,"Cross-sell complimentary products, points incentive"
19844,69,10,536.07,3,5,4,Loyal Customers,"Cross-sell complimentary products, points incentive"
19845,22,2,44.33,5,2,1,New Customers,Welcome onboarding campaign to drive 2nd purchase
19846,58,3,594.63,3,3,4,Loyal Customers,"Cross-sell complimentary products, points incentive"
19847,245,4,227.98,1,3,2,Lost Customers,Low-cost automated re-engagement email
19848,45,3,61.42,4,3,1,Lost Customers,Low-cost automated re-engagement email
19849,126,2,172.86,1,2,2,Lost Customers,Low-cost automated re-engagement email
19850,68,3,198.22,3,3,2,Lost Customers,Low-cost automated re-engagement email
19851,177,3,170.86,1,3,2,Lost Customers,Low-cost automated re-engagement email
19852,101,3,302.63,2,3,3,At Risk,High-value win-back offer with targeted discount
19853,137,11,817.56,1,5,4,At Risk,High-value win-back offer with targeted discount
19854,88,5,1234.73,2,4,5,At Risk,High-value win-back offer with targeted discount
19855,45,4,158.28,4,3,2,Lost Customers,Low-cost automated re-engagement email
19856,164,7,314.88,1,5,3,At Risk,High-value win-back offer with targeted discount
19857,81,4,721.05,3,3,4,Loyal Customers,"Cross-sell complimentary products, points incentive"
19858,47,2,1700.95,4,2,5,New Customers,Welcome onboarding campaign to drive 2nd purchase
19859,37,1,738.76,4,1,4,New Customers,Welcome onboarding campaign to drive 2nd purchase
19860,83,8,1391.52,2,5,5,At Risk,High-value win-back offer with targeted discount
19861,145,1,65.66,1,1,1,Lost Customers,Low-cost automated re-engagement email
19862,93,1,55.67,2,1,1,Lost Customers,Low-cost automated re-engagement email
19863,50,5,317.69,4,4,3,Loyal Customers,"Cross-sell complimentary products, points incentive"
19864,91,4,75.13,2,3,1,Lost Customers,Low-cost automated re-engagement email
19865,117,11,1830.87,2,5,5,At Risk,High-value win-back offer with targeted discount
19866,15,2,591.32,5,2,4,New Customers,Welcome onboarding campaign to drive 2nd purchase
19867,22,7,558.01,5,5,4,Champions,"VIP rewards, early access to new collections"
19868,110,3,1776.19,2,3,5,At Risk,High-value win-back offer with targeted discount
19869,21,6,6280.66,5,4,5,Champions,"VIP rewards, early access to new collections"
19870,58,4,798.61,3,3,4,Loyal Customers,"Cross-sell complimentary products, points incentive"
19871,73,5,246.19,3,4,2,Lost Customers,Low-cost automated re-engagement email
19872,29,4,166.32,5,3,2,Lost Customers,Low-cost automated re-engagement email
19873,60,5,903.34,3,4,5,Loyal Customers,"Cross-sell complimentary products, points incentive"
19874,74,2,464.56,3,2,4,Lost Customers,Low-cost automated re-engagement email
19875,150,4,199.36,1,3,2,Lost Customers,Low-cost automated re-engagement email
19876,139,6,190.22,1,4,2,Lost Customers,Low-cost automated re-engagement email
19877,83,4,77.22,2,3,1,Lost Customers,Low-cost automated re-engagement email
19878,41,4,140.75,4,3,2,Lost Customers,Low-cost automated re-engagement email
19879,141,1,61.78,1,1,1,Lost Customers,Low-cost automated re-engagement email
19880,144,12,2882.27,1,5,5,At Risk,High-value win-back offer with targeted discount
19881,37,2,107.52,4,2,1,New Customers,Welcome onboarding campaign to drive 2nd purchase
19882,78,3,17.08,3,3,1,Lost Customers,Low-cost automated re-engagement email
19883,47,2,99.83,4,2,1,New Customers,Welcome onboarding campaign to drive 2nd purchase
19884,85,5,333.49,2,4,3,At Risk,High-value win-back offer with targeted discount
19885,34,5,326.97,5,4,3,Loyal Customers,"Cross-sell complimentary products, points incentive"
19886,116,6,52.81,2,4,1,Lost Customers,Low-cost automated re-engagement email
19887,85,6,397.31,2,4,3,At Risk,High-value win-back offer with targeted discount
19888,34,14,4134.36,5,5,5,Champions,"VIP rewards, early access to new collections"
19889,110,3,177.52,2,3,2,Lost Customers,Low-cost automated re-engagement email
19890,41,2,98.08,4,2,1,New Customers,Welcome onboarding campaign to drive 2nd purchase
19891,12,3,134.78,5,3,1,Lost Customers,Low-cost automated re-engagement email
19892,28,2,206.65,5,2,2,New Customers,Welcome onboarding campaign to drive 2nd purchase
19893,125,3,68.55,1,3,1,Lost Customers,Low-cost automated re-engagement email
19894,191,1,32.46,1,1,1,Lost Customers,Low-cost automated re-engagement email
19895,194,2,494.25,1,2,4,Lost Customers,Low-cost automated re-engagement email
19896,43,1,164.67,4,1,2,New Customers,Welcome onboarding campaign to drive 2nd purchase
19897,58,9,497.23,3,5,4,Loyal Customers,"Cross-sell complimentary products, points incentive"
19898,48,4,557.79,4,3,4,Loyal Customers,"Cross-sell complimentary products, points incentive"
19899,66,15,590.14,3,5,4,Loyal Customers,"Cross-sell complimentary products, points incentive"
19900,20,9,350.14,5,5,3,Loyal Customers,"Cross-sell complimentary products, points incentive"
19901,44,9,343.79,4,5,3,Loyal Customers,"Cross-sell complimentary products, points incentive"
19902,78,3,65.75,3,3,1,Lost Customers,Low-cost automated re-engagement email
19903,126,5,413.31,1,4,3,At Risk,High-value win-back offer with targeted discount
19904,83,2,1079.55,2,2,5,Lost Customers,Low-cost automated re-engagement email
19905,56,3,44.74,4,3,1,Lost Customers,Low-cost automated re-engagement email
19906,29,4,1642.05,5,3,5,Loyal Customers,"Cross-sell complimentary products, points incentive"
19907,131,1,7.82,1,1,1,Lost Customers,Low-cost automated re-engagement email
19908,18,3,423.18,5,3,3,Loyal Customers,"Cross-sell complimentary products, points incentive"
19909,22,7,118.44,5,5,1,Lost Customers,Low-cost automated re-engagement email
19910,102,3,427.8,2,3,3,At Risk,High-value win-back offer with targeted discount
19911,112,2,86.62,2,2,1,Lost Customers,Low-cost automated re-engagement email
19912,5,3,515.4,5,3,4,Loyal Customers,"Cross-sell complimentary products, points incentive"
19913,56,7,305.4,4,5,3,Loyal Customers,"Cross-sell complimentary products, points incentive"
19914,10,5,701.61,5,4,4,Champions,"VIP rewards, early access to new collections"
19915,59,3,222.26,3,3,2,Lost Customers,Low-cost automated re-engagement email
19916,50,4,1068.07,4,3,5,Loyal Customers,"Cross-sell complimentary products, points incentive"
19917,165,7,529.06,1,5,4,At Risk,High-value win-back offer with targeted discount
19918,92,10,1084.29,2,5,5,At Risk,High-value win-back offer with targeted discount
19919,94,3,283.89,2,3,3,At Risk,High-value win-back offer with targeted discount
19920,147,4,789.97,1,3,4,At Risk,High-value win-back offer with targeted discount
19921,151,9,1871.99,1,5,5,At Risk,High-value win-back offer with targeted discount
19922,74,6,557.83,3,4,4,Loyal Customers,"Cross-sell complimentary products, points incentive"
19923,40,2,37.72,4,2,1,New Customers,Welcome onboarding campaign to drive 2nd purchase
19924,121,2,74.58,2,2,1,Lost Customers,Low-cost automated re-engagement email
19925,117,2,363.47,2,2,3,Lost Customers,Low-cost automated re-engagement email
19926,101,3,66.75,2,3,1,Lost Customers,Low-cost automated re-engagement email
19927,74,5,231.16,3,4,2,Lost Customers,Low-cost automated re-engagement email
19928,59,16,828.53,3,5,4,Loyal Customers,"Cross-sell complimentary products, points incentive"
19929,151,4,290.61,1,3,3,At Risk,High-value win-back offer with targeted discount
19930,50,6,383.35,4,4,3,Loyal Customers,"Cross-sell complimentary products, points incentive"
19931,39,9,833.8,4,5,4,Champions,"VIP rewards, early access to new collections"
19932,56,11,376.43,4,5,3,Loyal Customers,"Cross-sell complimentary products, points incentive"
19933,34,9,368.47,5,5,3,Loyal Customers,"Cross-sell complimentary products, points incentive"
19934,117,2,885.82,2,2,4,Lost Customers,Low-cost automated re-engagement email
19935,74,2,632.68,3,2,4,Lost Customers,Low-cost automated re-engagement email
19936,11,3,426.34,5,3,3,Loyal Customers,"Cross-sell complimentary products, points incentive"
19937,92,4,623.03,2,3,4,At Risk,High-value win-back offer with targeted discount
19938,57,2,226.61,3,2,2,Lost Customers,Low-cost automated re-engagement email
19939,68,1,84.45,3,1,1,Lost Customers,Low-cost automated re-engagement email
19940,81,2,80.97,3,2,1,Lost Customers,Low-cost automated re-engagement email
19941,45,37,12069.85,4,5,5,Champions,"VIP rewards, early access to new collections"
19942,38,3,1426.55,4,3,5,Loyal Customers,"Cross-sell complimentary products, points incentive"
19943,101,15,806.43,2,5,4,At Risk,High-value win-back offer with targeted discount
19944,24,3,712.29,5,3,4,Loyal Customers,"Cross-sell complimentary products, points incentive"
19945,30,7,417.12,5,5,3,Loyal Customers,"Cross-sell complimentary products, points incentive"
19946,36,3,129.2,4,3,1,Lost Customers,Low-cost automated re-engagement email
19947,130,4,236.1,1,3,2,Lost Customers,Low-cost automated re-engagement email
19948,155,7,435.59,1,5,3,At Risk,High-value win-back offer with targeted discount
19949,36,3,448.53,4,3,3,Loyal Customers,"Cross-sell complimentary products, points incentive"
19950,31,2,116.46,5,2,1,New Customers,Welcome onboarding campaign to drive 2nd purchase
19951,74,2,375.15,3,2,3,Lost Customers,Low-cost automated re-engagement email
19952,57,2,90.05,3,2,1,Lost Customers,Low-cost automated re-engagement email
19953,119,4,329.38,2,3,3,At Risk,High-value win-back offer with targeted discount
19954,96,1,31.35,2,1,1,Lost Customers,Low-cost automated re-engagement email
19955,202,5,134.34,1,4,1,Lost Customers,Low-cost automated re-engagement email
19956,32,10,1208.56,5,5,5,Champions,"VIP rewards, early access to new collections"
19957,118,3,287.23,2,3,3,At Risk,High-value win-back offer with targeted discount
19958,50,2,114.78,4,2,1,New Customers,Welcome onboarding campaign to drive 2nd purchase
19959,29,17,641.05,5,5,4,Champions,"VIP rewards, early access to new collections"
19960,49,11,335.99,4,5,3,Loyal Customers,"Cross-sell complimentary products, points incentive"
19961,53,5,599.41,4,4,4,Champions,"VIP rewards, early access to new collections"
19962,146,2,93.38,1,2,1,Lost Customers,Low-cost automated re-engagement email
19963,17,6,2269.9,5,4,5,Champions,"VIP rewards, early access to new collections"
19964,37,2,204.73,4,2,2,New Customers,Welcome onboarding campaign to drive 2nd purchase
19965,71,2,280.96,3,2,3,Lost Customers,Low-cost automated re-engagement email
19966,28,5,1554.96,5,4,5,Champions,"VIP rewards, early access to new collections"
19967,189,3,124.61,1,3,1,Lost Customers,Low-cost automated re-engagement email
19968,208,1,131.11,1,1,1,Lost Customers,Low-cost automated re-engagement email
19969,67,6,825.27,3,4,4,Loyal Customers,"Cross-sell complimentary products, points incentive"
19970,102,11,604.76,2,5,4,At Risk,High-value win-back offer with targeted discount
19971,169,6,131.99,1,4,1,Lost Customers,Low-cost automated re-engagement email
19972,60,3,37.72,3,3,1,Lost Customers,Low-cost automated re-engagement email
19973,97,1,38.73,2,1,1,Lost Customers,Low-cost automated re-engagement email
19974,25,4,956.81,5,3,5,Loyal Customers,"Cross-sell complimentary products, points incentive"
19975,11,2,86.64,5,2,1,New Customers,Welcome onboarding campaign to drive 2nd purchase
19976,127,2,416.08,1,2,3,Lost Customers,Low-cost automated re-engagement email
19977,63,1,44.14,3,1,1,Lost Customers,Low-cost automated re-engagement email
19978,204,15,1369.32,1,5,5,At Risk,High-value win-back offer with targeted discount
19979,42,2,282.41,4,2,3,New Customers,Welcome onboarding campaign to drive 2nd purchase
19980,23,1,221.7,5,1,2,New Customers,Welcome onboarding campaign to drive 2nd purchase
19981,119,13,752.96,2,5,4,At Risk,High-value win-back offer with targeted discount
19982,193,4,197.0,1,3,2,Lost Customers,Low-cost automated re-engagement email
19983,25,4,59.07,5,3,1,Lost Customers,Low-cost automated re-engagement email
19984,32,5,297.92,5,4,3,Loyal Customers,"Cross-sell complimentary products, points incentive"
19985,164,5,8711.42,1,4,5,At Risk,High-value win-back offer with targeted discount
19986,246,4,288.38,1,3,3,At Risk,High-value win-back offer with targeted discount
19987,98,1,24.41,2,1,1,Lost Customers,Low-cost automated re-engagement email
19988,39,1,76.56,4,1,1,New Customers,Welcome onboarding campaign to drive 2nd purchase
19989,155,2,341.63,1,2,3,Lost Customers,Low-cost automated re-engagement email
19990,54,3,153.53,4,3,2,Lost Customers,Low-cost automated re-engagement email
19991,40,3,98.93,4,3,1,Lost Customers,Low-cost automated re-engagement email
19992,45,4,3455.12,4,3,5,Loyal Customers,"Cross-sell complimentary products, points incentive"
19993,108,3,377.43,2,3,3,At Risk,High-value win-back offer with targeted discount
19994,70,2,714.52,3,2,4,Lost Customers,Low-cost automated re-engagement email
19995,94,5,313.93,2,4,3,At Risk,High-value win-back offer with targeted discount
19996,121,6,2664.62,2,4,5,At Risk,High-value win-back offer with targeted discount
19997,56,2,407.42,4,2,3,New Customers,Welcome onboarding campaign to drive 2nd purchase
19998,132,2,285.2,1,2,3,Lost Customers,Low-cost automated re-engagement email
19999,68,4,119.15,3,3,1,Lost Customers,Low-cost automated re-engagement email
20000,45,3,139.28,4,3,2,Lost Customers,Low-cost automated re-engagement email
